ISO-10303-21;
HEADER;
FILE_DESCRIPTION(('Open CASCADE Model'),'2;1');
FILE_NAME('Open CASCADE Shape Model','2026-09-10T00:20:41',('Author'),(
    'Open CASCADE'),'Open CASCADE STEP processor 7.8','Open CASCADE 7.8'
  ,'Unknown');
FILE_SCHEMA(('AUTOMOTIVE_DESIGN { 1 0 10303 214 1 1 1 1 }'));
ENDSEC;
DATA;
#1 = APPLICATION_PROTOCOL_DEFINITION('international standard',
  'automotive_design',2000,#2);
#2 = APPLICATION_CONTEXT(
  'core data for automotive mechanical design processes');
#3 = SHAPE_DEFINITION_REPRESENTATION(#4,#10);
#4 = PRODUCT_DEFINITION_SHAPE('','',#5);
#5 = PRODUCT_DEFINITION('design','',#6,#9);
#6 = PRODUCT_DEFINITION_FORMATION('','',#7);
#7 = PRODUCT('5adc5b58-ac7f-11f1-8773-41e0b24ea3e0',
  '5adc5b58-ac7f-11f1-8773-41e0b24ea3e0','',(#8));
#8 = PRODUCT_CONTEXT('',#2,'mechanical');
#9 = PRODUCT_DEFINITION_CONTEXT('part definition',#2,'design');
#10 = SHAPE_REPRESENTATION('',(#11,#15,#19,#23,#27,#31,#35,#39,#43,#47,
    #51,#55,#59,#63,#67,#71,#75,#79,#83,#87,#91),#95);
#11 = AXIS2_PLACEMENT_3D('',#12,#13,#14);
#12 = CARTESIAN_POINT('',(0.,0.,0.));
#13 = DIRECTION('',(0.,0.,1.));
#14 = DIRECTION('',(1.,0.,-0.));
#15 = AXIS2_PLACEMENT_3D('',#16,#17,#18);
#16 = CARTESIAN_POINT('',(0.,0.,0.));
#17 = DIRECTION('',(0.,0.,1.));
#18 = DIRECTION('',(1.,0.,-0.));
#19 = AXIS2_PLACEMENT_3D('',#20,#21,#22);
#20 = CARTESIAN_POINT('',(0.,0.,0.));
#21 = DIRECTION('',(0.,0.,1.));
#22 = DIRECTION('',(1.,0.,-0.));
#23 = AXIS2_PLACEMENT_3D('',#24,#25,#26);
#24 = CARTESIAN_POINT('',(0.,0.,0.));
#25 = DIRECTION('',(0.,0.,1.));
#26 = DIRECTION('',(1.,0.,-0.));
#27 = AXIS2_PLACEMENT_3D('',#28,#29,#30);
#28 = CARTESIAN_POINT('',(0.,0.,0.));
#29 = DIRECTION('',(0.,0.,1.));
#30 = DIRECTION('',(1.,0.,-0.));
#31 = AXIS2_PLACEMENT_3D('',#32,#33,#34);
#32 = CARTESIAN_POINT('',(0.,0.,0.));
#33 = DIRECTION('',(0.,0.,1.));
#34 = DIRECTION('',(1.,0.,-0.));
#35 = AXIS2_PLACEMENT_3D('',#36,#37,#38);
#36 = CARTESIAN_POINT('',(0.,0.,0.));
#37 = DIRECTION('',(0.,0.,1.));
#38 = DIRECTION('',(1.,0.,-0.));
#39 = AXIS2_PLACEMENT_3D('',#40,#41,#42);
#40 = CARTESIAN_POINT('',(0.,0.,0.));
#41 = DIRECTION('',(0.,0.,1.));
#42 = DIRECTION('',(1.,0.,-0.));
#43 = AXIS2_PLACEMENT_3D('',#44,#45,#46);
#44 = CARTESIAN_POINT('',(0.,0.,0.));
#45 = DIRECTION('',(0.,0.,1.));
#46 = DIRECTION('',(1.,0.,-0.));
#47 = AXIS2_PLACEMENT_3D('',#48,#49,#50);
#48 = CARTESIAN_POINT('',(0.,0.,0.));
#49 = DIRECTION('',(0.,0.,1.));
#50 = DIRECTION('',(1.,0.,-0.));
#51 = AXIS2_PLACEMENT_3D('',#52,#53,#54);
#52 = CARTESIAN_POINT('',(0.,0.,0.));
#53 = DIRECTION('',(0.,0.,1.));
#54 = DIRECTION('',(1.,0.,-0.));
#55 = AXIS2_PLACEMENT_3D('',#56,#57,#58);
#56 = CARTESIAN_POINT('',(0.,0.,0.));
#57 = DIRECTION('',(0.,0.,1.));
#58 = DIRECTION('',(1.,0.,-0.));
#59 = AXIS2_PLACEMENT_3D('',#60,#61,#62);
#60 = CARTESIAN_POINT('',(0.,0.,0.));
#61 = DIRECTION('',(0.,0.,1.));
#62 = DIRECTION('',(1.,0.,-0.));
#63 = AXIS2_PLACEMENT_3D('',#64,#65,#66);
#64 = CARTESIAN_POINT('',(0.,0.,0.));
#65 = DIRECTION('',(0.,0.,1.));
#66 = DIRECTION('',(1.,0.,-0.));
#67 = AXIS2_PLACEMENT_3D('',#68,#69,#70);
#68 = CARTESIAN_POINT('',(0.,0.,0.));
#69 = DIRECTION('',(0.,0.,1.));
#70 = DIRECTION('',(1.,0.,-0.));
#71 = AXIS2_PLACEMENT_3D('',#72,#73,#74);
#72 = CARTESIAN_POINT('',(0.,0.,0.));
#73 = DIRECTION('',(0.,0.,1.));
#74 = DIRECTION('',(1.,0.,-0.));
#75 = AXIS2_PLACEMENT_3D('',#76,#77,#78);
#76 = CARTESIAN_POINT('',(0.,0.,0.));
#77 = DIRECTION('',(0.,0.,1.));
#78 = DIRECTION('',(1.,0.,-0.));
#79 = AXIS2_PLACEMENT_3D('',#80,#81,#82);
#80 = CARTESIAN_POINT('',(0.,0.,0.));
#81 = DIRECTION('',(0.,0.,1.));
#82 = DIRECTION('',(1.,0.,-0.));
#83 = AXIS2_PLACEMENT_3D('',#84,#85,#86);
#84 = CARTESIAN_POINT('',(0.,0.,0.));
#85 = DIRECTION('',(0.,0.,1.));
#86 = DIRECTION('',(1.,0.,-0.));
#87 = AXIS2_PLACEMENT_3D('',#88,#89,#90);
#88 = CARTESIAN_POINT('',(0.,0.,0.));
#89 = DIRECTION('',(0.,0.,1.));
#90 = DIRECTION('',(1.,0.,-0.));
#91 = AXIS2_PLACEMENT_3D('',#92,#93,#94);
#92 = CARTESIAN_POINT('',(0.,0.,0.));
#93 = DIRECTION('',(0.,0.,1.));
#94 = DIRECTION('',(1.,0.,-0.));
#95 = ( GEOMETRIC_REPRESENTATION_CONTEXT(3) 
GLOBAL_UNCERTAINTY_ASSIGNED_CONTEXT((#99)) GLOBAL_UNIT_ASSIGNED_CONTEXT(
(#96,#97,#98)) REPRESENTATION_CONTEXT('Context #1',
  '3D Context with UNIT and UNCERTAINTY') );
#96 = ( LENGTH_UNIT() NAMED_UNIT(*) SI_UNIT(.MILLI.,.METRE.) );
#97 = ( NAMED_UNIT(*) PLANE_ANGLE_UNIT() SI_UNIT($,.RADIAN.) );
#98 = ( NAMED_UNIT(*) SI_UNIT($,.STERADIAN.) SOLID_ANGLE_UNIT() );
#99 = UNCERTAINTY_MEASURE_WITH_UNIT(LENGTH_MEASURE(1.E-07),#96,
  'distance_accuracy_value','confusion accuracy');
#100 = PRODUCT_RELATED_PRODUCT_CATEGORY('part',$,(#7));
#101 = SHAPE_DEFINITION_REPRESENTATION(#102,#108);
#102 = PRODUCT_DEFINITION_SHAPE('','',#103);
#103 = PRODUCT_DEFINITION('design','',#104,#107);
#104 = PRODUCT_DEFINITION_FORMATION('','',#105);
#105 = PRODUCT('nominal_socket_body','nominal_socket_body','',(#106));
#106 = PRODUCT_CONTEXT('',#2,'mechanical');
#107 = PRODUCT_DEFINITION_CONTEXT('part definition',#2,'design');
#108 = ADVANCED_BREP_SHAPE_REPRESENTATION('',(#11,#109),#6443);
#109 = MANIFOLD_SOLID_BREP('',#110);
#110 = CLOSED_SHELL('',(#111,#231,#307,#2522,#2571,#4384,#4391,#4438,
    #4465,#4492,#4499,#4546,#4573,#4600,#4607,#4654,#4681,#4708,#4715,
    #4762,#4789,#4816,#4823,#4870,#4897,#4924,#4931,#4978,#5005,#5032,
    #5039,#5086,#5113,#5140,#5147,#5194,#5221,#5248,#5255,#5302,#5329,
    #5356,#5363,#5410,#5437,#5464,#5471,#5518,#5545,#5572,#5579,#5626,
    #5653,#5680,#5687,#5734,#5761,#5788,#5795,#5842,#5869,#5896,#5903,
    #5950,#5977,#6004,#6011,#6058,#6085,#6112,#6119,#6166,#6193,#6220,
    #6227,#6274,#6301,#6328,#6335,#6382,#6409,#6436));
#111 = ADVANCED_FACE('',(#112),#126,.F.);
#112 = FACE_BOUND('',#113,.F.);
#113 = EDGE_LOOP('',(#114,#149,#177,#205));
#114 = ORIENTED_EDGE('',*,*,#115,.F.);
#115 = EDGE_CURVE('',#116,#118,#120,.T.);
#116 = VERTEX_POINT('',#117);
#117 = CARTESIAN_POINT('',(-1.205,-47.245,0.));
#118 = VERTEX_POINT('',#119);
#119 = CARTESIAN_POINT('',(-1.205,-47.245,8.51));
#120 = SURFACE_CURVE('',#121,(#125,#137),.PCURVE_S1.);
#121 = LINE('',#122,#123);
#122 = CARTESIAN_POINT('',(-1.205,-47.245,0.));
#123 = VECTOR('',#124,1.);
#124 = DIRECTION('',(0.,0.,1.));
#125 = PCURVE('',#126,#131);
#126 = PLANE('',#127);
#127 = AXIS2_PLACEMENT_3D('',#128,#129,#130);
#128 = CARTESIAN_POINT('',(-1.205,-47.245,0.));
#129 = DIRECTION('',(1.,0.,0.));
#130 = DIRECTION('',(0.,0.,1.));
#131 = DEFINITIONAL_REPRESENTATION('',(#132),#136);
#132 = LINE('',#133,#134);
#133 = CARTESIAN_POINT('',(0.,0.));
#134 = VECTOR('',#135,1.);
#135 = DIRECTION('',(1.,0.));
#136 = ( GEOMETRIC_REPRESENTATION_CONTEXT(2) 
PARAMETRIC_REPRESENTATION_CONTEXT() REPRESENTATION_CONTEXT('2D SPACE',''
  ) );
#137 = PCURVE('',#138,#143);
#138 = PLANE('',#139);
#139 = AXIS2_PLACEMENT_3D('',#140,#141,#142);
#140 = CARTESIAN_POINT('',(-1.205,-47.245,0.));
#141 = DIRECTION('',(0.,1.,0.));
#142 = DIRECTION('',(0.,0.,1.));
#143 = DEFINITIONAL_REPRESENTATION('',(#144),#148);
#144 = LINE('',#145,#146);
#145 = CARTESIAN_POINT('',(0.,0.));
#146 = VECTOR('',#147,1.);
#147 = DIRECTION('',(1.,0.));
#148 = ( GEOMETRIC_REPRESENTATION_CONTEXT(2) 
PARAMETRIC_REPRESENTATION_CONTEXT() REPRESENTATION_CONTEXT('2D SPACE',''
  ) );
#149 = ORIENTED_EDGE('',*,*,#150,.T.);
#150 = EDGE_CURVE('',#116,#151,#153,.T.);
#151 = VERTEX_POINT('',#152);
#152 = CARTESIAN_POINT('',(-1.205,1.525,0.));
#153 = SURFACE_CURVE('',#154,(#158,#165),.PCURVE_S1.);
#154 = LINE('',#155,#156);
#155 = CARTESIAN_POINT('',(-1.205,-47.245,0.));
#156 = VECTOR('',#157,1.);
#157 = DIRECTION('',(0.,1.,0.));
#158 = PCURVE('',#126,#159);
#159 = DEFINITIONAL_REPRESENTATION('',(#160),#164);
#160 = LINE('',#161,#162);
#161 = CARTESIAN_POINT('',(0.,0.));
#162 = VECTOR('',#163,1.);
#163 = DIRECTION('',(0.,-1.));
#164 = ( GEOMETRIC_REPRESENTATION_CONTEXT(2) 
PARAMETRIC_REPRESENTATION_CONTEXT() REPRESENTATION_CONTEXT('2D SPACE',''
  ) );
#165 = PCURVE('',#166,#171);
#166 = PLANE('',#167);
#167 = AXIS2_PLACEMENT_3D('',#168,#169,#170);
#168 = CARTESIAN_POINT('',(-1.205,-47.245,0.));
#169 = DIRECTION('',(0.,0.,1.));
#170 = DIRECTION('',(1.,0.,0.));
#171 = DEFINITIONAL_REPRESENTATION('',(#172),#176);
#172 = LINE('',#173,#174);
#173 = CARTESIAN_POINT('',(0.,0.));
#174 = VECTOR('',#175,1.);
#175 = DIRECTION('',(0.,1.));
#176 = ( GEOMETRIC_REPRESENTATION_CONTEXT(2) 
PARAMETRIC_REPRESENTATION_CONTEXT() REPRESENTATION_CONTEXT('2D SPACE',''
  ) );
#177 = ORIENTED_EDGE('',*,*,#178,.T.);
#178 = EDGE_CURVE('',#151,#179,#181,.T.);
#179 = VERTEX_POINT('',#180);
#180 = CARTESIAN_POINT('',(-1.205,1.525,8.51));
#181 = SURFACE_CURVE('',#182,(#186,#193),.PCURVE_S1.);
#182 = LINE('',#183,#184);
#183 = CARTESIAN_POINT('',(-1.205,1.525,0.));
#184 = VECTOR('',#185,1.);
#185 = DIRECTION('',(0.,0.,1.));
#186 = PCURVE('',#126,#187);
#187 = DEFINITIONAL_REPRESENTATION('',(#188),#192);
#188 = LINE('',#189,#190);
#189 = CARTESIAN_POINT('',(0.,-48.77));
#190 = VECTOR('',#191,1.);
#191 = DIRECTION('',(1.,0.));
#192 = ( GEOMETRIC_REPRESENTATION_CONTEXT(2) 
PARAMETRIC_REPRESENTATION_CONTEXT() REPRESENTATION_CONTEXT('2D SPACE',''
  ) );
#193 = PCURVE('',#194,#199);
#194 = PLANE('',#195);
#195 = AXIS2_PLACEMENT_3D('',#196,#197,#198);
#196 = CARTESIAN_POINT('',(-1.205,1.525,0.));
#197 = DIRECTION('',(0.,1.,0.));
#198 = DIRECTION('',(0.,0.,1.));
#199 = DEFINITIONAL_REPRESENTATION('',(#200),#204);
#200 = LINE('',#201,#202);
#201 = CARTESIAN_POINT('',(0.,0.));
#202 = VECTOR('',#203,1.);
#203 = DIRECTION('',(1.,0.));
#204 = ( GEOMETRIC_REPRESENTATION_CONTEXT(2) 
PARAMETRIC_REPRESENTATION_CONTEXT() REPRESENTATION_CONTEXT('2D SPACE',''
  ) );
#205 = ORIENTED_EDGE('',*,*,#206,.F.);
#206 = EDGE_CURVE('',#118,#179,#207,.T.);
#207 = SURFACE_CURVE('',#208,(#212,#219),.PCURVE_S1.);
#208 = LINE('',#209,#210);
#209 = CARTESIAN_POINT('',(-1.205,-47.245,8.51));
#210 = VECTOR('',#211,1.);
#211 = DIRECTION('',(0.,1.,0.));
#212 = PCURVE('',#126,#213);
#213 = DEFINITIONAL_REPRESENTATION('',(#214),#218);
#214 = LINE('',#215,#216);
#215 = CARTESIAN_POINT('',(8.51,0.));
#216 = VECTOR('',#217,1.);
#217 = DIRECTION('',(0.,-1.));
#218 = ( GEOMETRIC_REPRESENTATION_CONTEXT(2) 
PARAMETRIC_REPRESENTATION_CONTEXT() REPRESENTATION_CONTEXT('2D SPACE',''
  ) );
#219 = PCURVE('',#220,#225);
#220 = PLANE('',#221);
#221 = AXIS2_PLACEMENT_3D('',#222,#223,#224);
#222 = CARTESIAN_POINT('',(-1.205,-47.245,8.51));
#223 = DIRECTION('',(0.,0.,1.));
#224 = DIRECTION('',(1.,0.,0.));
#225 = DEFINITIONAL_REPRESENTATION('',(#226),#230);
#226 = LINE('',#227,#228);
#227 = CARTESIAN_POINT('',(0.,0.));
#228 = VECTOR('',#229,1.);
#229 = DIRECTION('',(0.,1.));
#230 = ( GEOMETRIC_REPRESENTATION_CONTEXT(2) 
PARAMETRIC_REPRESENTATION_CONTEXT() REPRESENTATION_CONTEXT('2D SPACE',''
  ) );
#231 = ADVANCED_FACE('',(#232),#138,.F.);
#232 = FACE_BOUND('',#233,.F.);
#233 = EDGE_LOOP('',(#234,#257,#258,#281));
#234 = ORIENTED_EDGE('',*,*,#235,.F.);
#235 = EDGE_CURVE('',#116,#236,#238,.T.);
#236 = VERTEX_POINT('',#237);
#237 = CARTESIAN_POINT('',(1.205,-47.245,0.));
#238 = SURFACE_CURVE('',#239,(#243,#250),.PCURVE_S1.);
#239 = LINE('',#240,#241);
#240 = CARTESIAN_POINT('',(-1.205,-47.245,0.));
#241 = VECTOR('',#242,1.);
#242 = DIRECTION('',(1.,0.,0.));
#243 = PCURVE('',#138,#244);
#244 = DEFINITIONAL_REPRESENTATION('',(#245),#249);
#245 = LINE('',#246,#247);
#246 = CARTESIAN_POINT('',(0.,0.));
#247 = VECTOR('',#248,1.);
#248 = DIRECTION('',(0.,1.));
#249 = ( GEOMETRIC_REPRESENTATION_CONTEXT(2) 
PARAMETRIC_REPRESENTATION_CONTEXT() REPRESENTATION_CONTEXT('2D SPACE',''
  ) );
#250 = PCURVE('',#166,#251);
#251 = DEFINITIONAL_REPRESENTATION('',(#252),#256);
#252 = LINE('',#253,#254);
#253 = CARTESIAN_POINT('',(0.,0.));
#254 = VECTOR('',#255,1.);
#255 = DIRECTION('',(1.,0.));
#256 = ( GEOMETRIC_REPRESENTATION_CONTEXT(2) 
PARAMETRIC_REPRESENTATION_CONTEXT() REPRESENTATION_CONTEXT('2D SPACE',''
  ) );
#257 = ORIENTED_EDGE('',*,*,#115,.T.);
#258 = ORIENTED_EDGE('',*,*,#259,.T.);
#259 = EDGE_CURVE('',#118,#260,#262,.T.);
#260 = VERTEX_POINT('',#261);
#261 = CARTESIAN_POINT('',(1.205,-47.245,8.51));
#262 = SURFACE_CURVE('',#263,(#267,#274),.PCURVE_S1.);
#263 = LINE('',#264,#265);
#264 = CARTESIAN_POINT('',(-1.205,-47.245,8.51));
#265 = VECTOR('',#266,1.);
#266 = DIRECTION('',(1.,0.,0.));
#267 = PCURVE('',#138,#268);
#268 = DEFINITIONAL_REPRESENTATION('',(#269),#273);
#269 = LINE('',#270,#271);
#270 = CARTESIAN_POINT('',(8.51,0.));
#271 = VECTOR('',#272,1.);
#272 = DIRECTION('',(0.,1.));
#273 = ( GEOMETRIC_REPRESENTATION_CONTEXT(2) 
PARAMETRIC_REPRESENTATION_CONTEXT() REPRESENTATION_CONTEXT('2D SPACE',''
  ) );
#274 = PCURVE('',#220,#275);
#275 = DEFINITIONAL_REPRESENTATION('',(#276),#280);
#276 = LINE('',#277,#278);
#277 = CARTESIAN_POINT('',(0.,0.));
#278 = VECTOR('',#279,1.);
#279 = DIRECTION('',(1.,0.));
#280 = ( GEOMETRIC_REPRESENTATION_CONTEXT(2) 
PARAMETRIC_REPRESENTATION_CONTEXT() REPRESENTATION_CONTEXT('2D SPACE',''
  ) );
#281 = ORIENTED_EDGE('',*,*,#282,.F.);
#282 = EDGE_CURVE('',#236,#260,#283,.T.);
#283 = SURFACE_CURVE('',#284,(#288,#295),.PCURVE_S1.);
#284 = LINE('',#285,#286);
#285 = CARTESIAN_POINT('',(1.205,-47.245,0.));
#286 = VECTOR('',#287,1.);
#287 = DIRECTION('',(0.,0.,1.));
#288 = PCURVE('',#138,#289);
#289 = DEFINITIONAL_REPRESENTATION('',(#290),#294);
#290 = LINE('',#291,#292);
#291 = CARTESIAN_POINT('',(0.,2.41));
#292 = VECTOR('',#293,1.);
#293 = DIRECTION('',(1.,0.));
#294 = ( GEOMETRIC_REPRESENTATION_CONTEXT(2) 
PARAMETRIC_REPRESENTATION_CONTEXT() REPRESENTATION_CONTEXT('2D SPACE',''
  ) );
#295 = PCURVE('',#296,#301);
#296 = PLANE('',#297);
#297 = AXIS2_PLACEMENT_3D('',#298,#299,#300);
#298 = CARTESIAN_POINT('',(1.205,-47.245,0.));
#299 = DIRECTION('',(1.,0.,0.));
#300 = DIRECTION('',(0.,0.,1.));
#301 = DEFINITIONAL_REPRESENTATION('',(#302),#306);
#302 = LINE('',#303,#304);
#303 = CARTESIAN_POINT('',(0.,0.));
#304 = VECTOR('',#305,1.);
#305 = DIRECTION('',(1.,0.));
#306 = ( GEOMETRIC_REPRESENTATION_CONTEXT(2) 
PARAMETRIC_REPRESENTATION_CONTEXT() REPRESENTATION_CONTEXT('2D SPACE',''
  ) );
#307 = ADVANCED_FACE('',(#308,#356,#470,#584,#698,#812,#926,#1040,#1154,
    #1268,#1382,#1496,#1610,#1724,#1838,#1952,#2066,#2180,#2294,#2408),
  #220,.T.);
#308 = FACE_BOUND('',#309,.T.);
#309 = EDGE_LOOP('',(#310,#311,#312,#335));
#310 = ORIENTED_EDGE('',*,*,#206,.F.);
#311 = ORIENTED_EDGE('',*,*,#259,.T.);
#312 = ORIENTED_EDGE('',*,*,#313,.T.);
#313 = EDGE_CURVE('',#260,#314,#316,.T.);
#314 = VERTEX_POINT('',#315);
#315 = CARTESIAN_POINT('',(1.205,1.525,8.51));
#316 = SURFACE_CURVE('',#317,(#321,#328),.PCURVE_S1.);
#317 = LINE('',#318,#319);
#318 = CARTESIAN_POINT('',(1.205,-47.245,8.51));
#319 = VECTOR('',#320,1.);
#320 = DIRECTION('',(0.,1.,0.));
#321 = PCURVE('',#220,#322);
#322 = DEFINITIONAL_REPRESENTATION('',(#323),#327);
#323 = LINE('',#324,#325);
#324 = CARTESIAN_POINT('',(2.41,0.));
#325 = VECTOR('',#326,1.);
#326 = DIRECTION('',(0.,1.));
#327 = ( GEOMETRIC_REPRESENTATION_CONTEXT(2) 
PARAMETRIC_REPRESENTATION_CONTEXT() REPRESENTATION_CONTEXT('2D SPACE',''
  ) );
#328 = PCURVE('',#296,#329);
#329 = DEFINITIONAL_REPRESENTATION('',(#330),#334);
#330 = LINE('',#331,#332);
#331 = CARTESIAN_POINT('',(8.51,0.));
#332 = VECTOR('',#333,1.);
#333 = DIRECTION('',(0.,-1.));
#334 = ( GEOMETRIC_REPRESENTATION_CONTEXT(2) 
PARAMETRIC_REPRESENTATION_CONTEXT() REPRESENTATION_CONTEXT('2D SPACE',''
  ) );
#335 = ORIENTED_EDGE('',*,*,#336,.F.);
#336 = EDGE_CURVE('',#179,#314,#337,.T.);
#337 = SURFACE_CURVE('',#338,(#342,#349),.PCURVE_S1.);
#338 = LINE('',#339,#340);
#339 = CARTESIAN_POINT('',(-1.205,1.525,8.51));
#340 = VECTOR('',#341,1.);
#341 = DIRECTION('',(1.,0.,0.));
#342 = PCURVE('',#220,#343);
#343 = DEFINITIONAL_REPRESENTATION('',(#344),#348);
#344 = LINE('',#345,#346);
#345 = CARTESIAN_POINT('',(0.,48.77));
#346 = VECTOR('',#347,1.);
#347 = DIRECTION('',(1.,0.));
#348 = ( GEOMETRIC_REPRESENTATION_CONTEXT(2) 
PARAMETRIC_REPRESENTATION_CONTEXT() REPRESENTATION_CONTEXT('2D SPACE',''
  ) );
#349 = PCURVE('',#194,#350);
#350 = DEFINITIONAL_REPRESENTATION('',(#351),#355);
#351 = LINE('',#352,#353);
#352 = CARTESIAN_POINT('',(8.51,0.));
#353 = VECTOR('',#354,1.);
#354 = DIRECTION('',(0.,1.));
#355 = ( GEOMETRIC_REPRESENTATION_CONTEXT(2) 
PARAMETRIC_REPRESENTATION_CONTEXT() REPRESENTATION_CONTEXT('2D SPACE',''
  ) );
#356 = FACE_BOUND('',#357,.T.);
#357 = EDGE_LOOP('',(#358,#388,#416,#444));
#358 = ORIENTED_EDGE('',*,*,#359,.F.);
#359 = EDGE_CURVE('',#360,#362,#364,.T.);
#360 = VERTEX_POINT('',#361);
#361 = CARTESIAN_POINT('',(-0.375,-46.095,8.51));
#362 = VERTEX_POINT('',#363);
#363 = CARTESIAN_POINT('',(0.375,-46.095,8.51));
#364 = SURFACE_CURVE('',#365,(#369,#376),.PCURVE_S1.);
#365 = LINE('',#366,#367);
#366 = CARTESIAN_POINT('',(-0.375,-46.095,8.51));
#367 = VECTOR('',#368,1.);
#368 = DIRECTION('',(1.,0.,0.));
#369 = PCURVE('',#220,#370);
#370 = DEFINITIONAL_REPRESENTATION('',(#371),#375);
#371 = LINE('',#372,#373);
#372 = CARTESIAN_POINT('',(0.83,1.15));
#373 = VECTOR('',#374,1.);
#374 = DIRECTION('',(1.,0.));
#375 = ( GEOMETRIC_REPRESENTATION_CONTEXT(2) 
PARAMETRIC_REPRESENTATION_CONTEXT() REPRESENTATION_CONTEXT('2D SPACE',''
  ) );
#376 = PCURVE('',#377,#382);
#377 = PLANE('',#378);
#378 = AXIS2_PLACEMENT_3D('',#379,#380,#381);
#379 = CARTESIAN_POINT('',(-0.375,-46.095,0.));
#380 = DIRECTION('',(0.,1.,0.));
#381 = DIRECTION('',(1.,0.,0.));
#382 = DEFINITIONAL_REPRESENTATION('',(#383),#387);
#383 = LINE('',#384,#385);
#384 = CARTESIAN_POINT('',(0.,-8.51));
#385 = VECTOR('',#386,1.);
#386 = DIRECTION('',(1.,0.));
#387 = ( GEOMETRIC_REPRESENTATION_CONTEXT(2) 
PARAMETRIC_REPRESENTATION_CONTEXT() REPRESENTATION_CONTEXT('2D SPACE',''
  ) );
#388 = ORIENTED_EDGE('',*,*,#389,.F.);
#389 = EDGE_CURVE('',#390,#360,#392,.T.);
#390 = VERTEX_POINT('',#391);
#391 = CARTESIAN_POINT('',(-0.375,-45.345,8.51));
#392 = SURFACE_CURVE('',#393,(#397,#404),.PCURVE_S1.);
#393 = LINE('',#394,#395);
#394 = CARTESIAN_POINT('',(-0.375,-45.345,8.51));
#395 = VECTOR('',#396,1.);
#396 = DIRECTION('',(0.,-1.,0.));
#397 = PCURVE('',#220,#398);
#398 = DEFINITIONAL_REPRESENTATION('',(#399),#403);
#399 = LINE('',#400,#401);
#400 = CARTESIAN_POINT('',(0.83,1.9));
#401 = VECTOR('',#402,1.);
#402 = DIRECTION('',(0.,-1.));
#403 = ( GEOMETRIC_REPRESENTATION_CONTEXT(2) 
PARAMETRIC_REPRESENTATION_CONTEXT() REPRESENTATION_CONTEXT('2D SPACE',''
  ) );
#404 = PCURVE('',#405,#410);
#405 = PLANE('',#406);
#406 = AXIS2_PLACEMENT_3D('',#407,#408,#409);
#407 = CARTESIAN_POINT('',(-0.375,-45.345,0.));
#408 = DIRECTION('',(1.,0.,-0.));
#409 = DIRECTION('',(0.,-1.,0.));
#410 = DEFINITIONAL_REPRESENTATION('',(#411),#415);
#411 = LINE('',#412,#413);
#412 = CARTESIAN_POINT('',(0.,-8.51));
#413 = VECTOR('',#414,1.);
#414 = DIRECTION('',(1.,0.));
#415 = ( GEOMETRIC_REPRESENTATION_CONTEXT(2) 
PARAMETRIC_REPRESENTATION_CONTEXT() REPRESENTATION_CONTEXT('2D SPACE',''
  ) );
#416 = ORIENTED_EDGE('',*,*,#417,.F.);
#417 = EDGE_CURVE('',#418,#390,#420,.T.);
#418 = VERTEX_POINT('',#419);
#419 = CARTESIAN_POINT('',(0.375,-45.345,8.51));
#420 = SURFACE_CURVE('',#421,(#425,#432),.PCURVE_S1.);
#421 = LINE('',#422,#423);
#422 = CARTESIAN_POINT('',(0.375,-45.345,8.51));
#423 = VECTOR('',#424,1.);
#424 = DIRECTION('',(-1.,0.,0.));
#425 = PCURVE('',#220,#426);
#426 = DEFINITIONAL_REPRESENTATION('',(#427),#431);
#427 = LINE('',#428,#429);
#428 = CARTESIAN_POINT('',(1.58,1.9));
#429 = VECTOR('',#430,1.);
#430 = DIRECTION('',(-1.,0.));
#431 = ( GEOMETRIC_REPRESENTATION_CONTEXT(2) 
PARAMETRIC_REPRESENTATION_CONTEXT() REPRESENTATION_CONTEXT('2D SPACE',''
  ) );
#432 = PCURVE('',#433,#438);
#433 = PLANE('',#434);
#434 = AXIS2_PLACEMENT_3D('',#435,#436,#437);
#435 = CARTESIAN_POINT('',(0.375,-45.345,0.));
#436 = DIRECTION('',(0.,-1.,0.));
#437 = DIRECTION('',(-1.,0.,0.));
#438 = DEFINITIONAL_REPRESENTATION('',(#439),#443);
#439 = LINE('',#440,#441);
#440 = CARTESIAN_POINT('',(0.,-8.51));
#441 = VECTOR('',#442,1.);
#442 = DIRECTION('',(1.,0.));
#443 = ( GEOMETRIC_REPRESENTATION_CONTEXT(2) 
PARAMETRIC_REPRESENTATION_CONTEXT() REPRESENTATION_CONTEXT('2D SPACE',''
  ) );
#444 = ORIENTED_EDGE('',*,*,#445,.F.);
#445 = EDGE_CURVE('',#362,#418,#446,.T.);
#446 = SURFACE_CURVE('',#447,(#451,#458),.PCURVE_S1.);
#447 = LINE('',#448,#449);
#448 = CARTESIAN_POINT('',(0.375,-46.095,8.51));
#449 = VECTOR('',#450,1.);
#450 = DIRECTION('',(0.,1.,0.));
#451 = PCURVE('',#220,#452);
#452 = DEFINITIONAL_REPRESENTATION('',(#453),#457);
#453 = LINE('',#454,#455);
#454 = CARTESIAN_POINT('',(1.58,1.15));
#455 = VECTOR('',#456,1.);
#456 = DIRECTION('',(0.,1.));
#457 = ( GEOMETRIC_REPRESENTATION_CONTEXT(2) 
PARAMETRIC_REPRESENTATION_CONTEXT() REPRESENTATION_CONTEXT('2D SPACE',''
  ) );
#458 = PCURVE('',#459,#464);
#459 = PLANE('',#460);
#460 = AXIS2_PLACEMENT_3D('',#461,#462,#463);
#461 = CARTESIAN_POINT('',(0.375,-46.095,0.));
#462 = DIRECTION('',(-1.,0.,0.));
#463 = DIRECTION('',(0.,1.,0.));
#464 = DEFINITIONAL_REPRESENTATION('',(#465),#469);
#465 = LINE('',#466,#467);
#466 = CARTESIAN_POINT('',(0.,-8.51));
#467 = VECTOR('',#468,1.);
#468 = DIRECTION('',(1.,0.));
#469 = ( GEOMETRIC_REPRESENTATION_CONTEXT(2) 
PARAMETRIC_REPRESENTATION_CONTEXT() REPRESENTATION_CONTEXT('2D SPACE',''
  ) );
#470 = FACE_BOUND('',#471,.T.);
#471 = EDGE_LOOP('',(#472,#502,#530,#558));
#472 = ORIENTED_EDGE('',*,*,#473,.F.);
#473 = EDGE_CURVE('',#474,#476,#478,.T.);
#474 = VERTEX_POINT('',#475);
#475 = CARTESIAN_POINT('',(-0.375,-43.555,8.51));
#476 = VERTEX_POINT('',#477);
#477 = CARTESIAN_POINT('',(0.375,-43.555,8.51));
#478 = SURFACE_CURVE('',#479,(#483,#490),.PCURVE_S1.);
#479 = LINE('',#480,#481);
#480 = CARTESIAN_POINT('',(-0.375,-43.555,8.51));
#481 = VECTOR('',#482,1.);
#482 = DIRECTION('',(1.,0.,0.));
#483 = PCURVE('',#220,#484);
#484 = DEFINITIONAL_REPRESENTATION('',(#485),#489);
#485 = LINE('',#486,#487);
#486 = CARTESIAN_POINT('',(0.83,3.69));
#487 = VECTOR('',#488,1.);
#488 = DIRECTION('',(1.,0.));
#489 = ( GEOMETRIC_REPRESENTATION_CONTEXT(2) 
PARAMETRIC_REPRESENTATION_CONTEXT() REPRESENTATION_CONTEXT('2D SPACE',''
  ) );
#490 = PCURVE('',#491,#496);
#491 = PLANE('',#492);
#492 = AXIS2_PLACEMENT_3D('',#493,#494,#495);
#493 = CARTESIAN_POINT('',(-0.375,-43.555,0.));
#494 = DIRECTION('',(0.,1.,0.));
#495 = DIRECTION('',(1.,0.,0.));
#496 = DEFINITIONAL_REPRESENTATION('',(#497),#501);
#497 = LINE('',#498,#499);
#498 = CARTESIAN_POINT('',(0.,-8.51));
#499 = VECTOR('',#500,1.);
#500 = DIRECTION('',(1.,0.));
#501 = ( GEOMETRIC_REPRESENTATION_CONTEXT(2) 
PARAMETRIC_REPRESENTATION_CONTEXT() REPRESENTATION_CONTEXT('2D SPACE',''
  ) );
#502 = ORIENTED_EDGE('',*,*,#503,.F.);
#503 = EDGE_CURVE('',#504,#474,#506,.T.);
#504 = VERTEX_POINT('',#505);
#505 = CARTESIAN_POINT('',(-0.375,-42.805,8.51));
#506 = SURFACE_CURVE('',#507,(#511,#518),.PCURVE_S1.);
#507 = LINE('',#508,#509);
#508 = CARTESIAN_POINT('',(-0.375,-42.805,8.51));
#509 = VECTOR('',#510,1.);
#510 = DIRECTION('',(0.,-1.,0.));
#511 = PCURVE('',#220,#512);
#512 = DEFINITIONAL_REPRESENTATION('',(#513),#517);
#513 = LINE('',#514,#515);
#514 = CARTESIAN_POINT('',(0.83,4.44));
#515 = VECTOR('',#516,1.);
#516 = DIRECTION('',(0.,-1.));
#517 = ( GEOMETRIC_REPRESENTATION_CONTEXT(2) 
PARAMETRIC_REPRESENTATION_CONTEXT() REPRESENTATION_CONTEXT('2D SPACE',''
  ) );
#518 = PCURVE('',#519,#524);
#519 = PLANE('',#520);
#520 = AXIS2_PLACEMENT_3D('',#521,#522,#523);
#521 = CARTESIAN_POINT('',(-0.375,-42.805,0.));
#522 = DIRECTION('',(1.,0.,-0.));
#523 = DIRECTION('',(0.,-1.,0.));
#524 = DEFINITIONAL_REPRESENTATION('',(#525),#529);
#525 = LINE('',#526,#527);
#526 = CARTESIAN_POINT('',(0.,-8.51));
#527 = VECTOR('',#528,1.);
#528 = DIRECTION('',(1.,0.));
#529 = ( GEOMETRIC_REPRESENTATION_CONTEXT(2) 
PARAMETRIC_REPRESENTATION_CONTEXT() REPRESENTATION_CONTEXT('2D SPACE',''
  ) );
#530 = ORIENTED_EDGE('',*,*,#531,.F.);
#531 = EDGE_CURVE('',#532,#504,#534,.T.);
#532 = VERTEX_POINT('',#533);
#533 = CARTESIAN_POINT('',(0.375,-42.805,8.51));
#534 = SURFACE_CURVE('',#535,(#539,#546),.PCURVE_S1.);
#535 = LINE('',#536,#537);
#536 = CARTESIAN_POINT('',(0.375,-42.805,8.51));
#537 = VECTOR('',#538,1.);
#538 = DIRECTION('',(-1.,0.,0.));
#539 = PCURVE('',#220,#540);
#540 = DEFINITIONAL_REPRESENTATION('',(#541),#545);
#541 = LINE('',#542,#543);
#542 = CARTESIAN_POINT('',(1.58,4.44));
#543 = VECTOR('',#544,1.);
#544 = DIRECTION('',(-1.,0.));
#545 = ( GEOMETRIC_REPRESENTATION_CONTEXT(2) 
PARAMETRIC_REPRESENTATION_CONTEXT() REPRESENTATION_CONTEXT('2D SPACE',''
  ) );
#546 = PCURVE('',#547,#552);
#547 = PLANE('',#548);
#548 = AXIS2_PLACEMENT_3D('',#549,#550,#551);
#549 = CARTESIAN_POINT('',(0.375,-42.805,0.));
#550 = DIRECTION('',(0.,-1.,0.));
#551 = DIRECTION('',(-1.,0.,0.));
#552 = DEFINITIONAL_REPRESENTATION('',(#553),#557);
#553 = LINE('',#554,#555);
#554 = CARTESIAN_POINT('',(0.,-8.51));
#555 = VECTOR('',#556,1.);
#556 = DIRECTION('',(1.,0.));
#557 = ( GEOMETRIC_REPRESENTATION_CONTEXT(2) 
PARAMETRIC_REPRESENTATION_CONTEXT() REPRESENTATION_CONTEXT('2D SPACE',''
  ) );
#558 = ORIENTED_EDGE('',*,*,#559,.F.);
#559 = EDGE_CURVE('',#476,#532,#560,.T.);
#560 = SURFACE_CURVE('',#561,(#565,#572),.PCURVE_S1.);
#561 = LINE('',#562,#563);
#562 = CARTESIAN_POINT('',(0.375,-43.555,8.51));
#563 = VECTOR('',#564,1.);
#564 = DIRECTION('',(0.,1.,0.));
#565 = PCURVE('',#220,#566);
#566 = DEFINITIONAL_REPRESENTATION('',(#567),#571);
#567 = LINE('',#568,#569);
#568 = CARTESIAN_POINT('',(1.58,3.69));
#569 = VECTOR('',#570,1.);
#570 = DIRECTION('',(0.,1.));
#571 = ( GEOMETRIC_REPRESENTATION_CONTEXT(2) 
PARAMETRIC_REPRESENTATION_CONTEXT() REPRESENTATION_CONTEXT('2D SPACE',''
  ) );
#572 = PCURVE('',#573,#578);
#573 = PLANE('',#574);
#574 = AXIS2_PLACEMENT_3D('',#575,#576,#577);
#575 = CARTESIAN_POINT('',(0.375,-43.555,0.));
#576 = DIRECTION('',(-1.,0.,0.));
#577 = DIRECTION('',(0.,1.,0.));
#578 = DEFINITIONAL_REPRESENTATION('',(#579),#583);
#579 = LINE('',#580,#581);
#580 = CARTESIAN_POINT('',(0.,-8.51));
#581 = VECTOR('',#582,1.);
#582 = DIRECTION('',(1.,0.));
#583 = ( GEOMETRIC_REPRESENTATION_CONTEXT(2) 
PARAMETRIC_REPRESENTATION_CONTEXT() REPRESENTATION_CONTEXT('2D SPACE',''
  ) );
#584 = FACE_BOUND('',#585,.T.);
#585 = EDGE_LOOP('',(#586,#616,#644,#672));
#586 = ORIENTED_EDGE('',*,*,#587,.F.);
#587 = EDGE_CURVE('',#588,#590,#592,.T.);
#588 = VERTEX_POINT('',#589);
#589 = CARTESIAN_POINT('',(-0.375,-41.015,8.51));
#590 = VERTEX_POINT('',#591);
#591 = CARTESIAN_POINT('',(0.375,-41.015,8.51));
#592 = SURFACE_CURVE('',#593,(#597,#604),.PCURVE_S1.);
#593 = LINE('',#594,#595);
#594 = CARTESIAN_POINT('',(-0.375,-41.015,8.51));
#595 = VECTOR('',#596,1.);
#596 = DIRECTION('',(1.,0.,0.));
#597 = PCURVE('',#220,#598);
#598 = DEFINITIONAL_REPRESENTATION('',(#599),#603);
#599 = LINE('',#600,#601);
#600 = CARTESIAN_POINT('',(0.83,6.23));
#601 = VECTOR('',#602,1.);
#602 = DIRECTION('',(1.,0.));
#603 = ( GEOMETRIC_REPRESENTATION_CONTEXT(2) 
PARAMETRIC_REPRESENTATION_CONTEXT() REPRESENTATION_CONTEXT('2D SPACE',''
  ) );
#604 = PCURVE('',#605,#610);
#605 = PLANE('',#606);
#606 = AXIS2_PLACEMENT_3D('',#607,#608,#609);
#607 = CARTESIAN_POINT('',(-0.375,-41.015,0.));
#608 = DIRECTION('',(0.,1.,0.));
#609 = DIRECTION('',(1.,0.,0.));
#610 = DEFINITIONAL_REPRESENTATION('',(#611),#615);
#611 = LINE('',#612,#613);
#612 = CARTESIAN_POINT('',(0.,-8.51));
#613 = VECTOR('',#614,1.);
#614 = DIRECTION('',(1.,0.));
#615 = ( GEOMETRIC_REPRESENTATION_CONTEXT(2) 
PARAMETRIC_REPRESENTATION_CONTEXT() REPRESENTATION_CONTEXT('2D SPACE',''
  ) );
#616 = ORIENTED_EDGE('',*,*,#617,.F.);
#617 = EDGE_CURVE('',#618,#588,#620,.T.);
#618 = VERTEX_POINT('',#619);
#619 = CARTESIAN_POINT('',(-0.375,-40.265,8.51));
#620 = SURFACE_CURVE('',#621,(#625,#632),.PCURVE_S1.);
#621 = LINE('',#622,#623);
#622 = CARTESIAN_POINT('',(-0.375,-40.265,8.51));
#623 = VECTOR('',#624,1.);
#624 = DIRECTION('',(0.,-1.,0.));
#625 = PCURVE('',#220,#626);
#626 = DEFINITIONAL_REPRESENTATION('',(#627),#631);
#627 = LINE('',#628,#629);
#628 = CARTESIAN_POINT('',(0.83,6.98));
#629 = VECTOR('',#630,1.);
#630 = DIRECTION('',(0.,-1.));
#631 = ( GEOMETRIC_REPRESENTATION_CONTEXT(2) 
PARAMETRIC_REPRESENTATION_CONTEXT() REPRESENTATION_CONTEXT('2D SPACE',''
  ) );
#632 = PCURVE('',#633,#638);
#633 = PLANE('',#634);
#634 = AXIS2_PLACEMENT_3D('',#635,#636,#637);
#635 = CARTESIAN_POINT('',(-0.375,-40.265,0.));
#636 = DIRECTION('',(1.,0.,-0.));
#637 = DIRECTION('',(0.,-1.,0.));
#638 = DEFINITIONAL_REPRESENTATION('',(#639),#643);
#639 = LINE('',#640,#641);
#640 = CARTESIAN_POINT('',(0.,-8.51));
#641 = VECTOR('',#642,1.);
#642 = DIRECTION('',(1.,0.));
#643 = ( GEOMETRIC_REPRESENTATION_CONTEXT(2) 
PARAMETRIC_REPRESENTATION_CONTEXT() REPRESENTATION_CONTEXT('2D SPACE',''
  ) );
#644 = ORIENTED_EDGE('',*,*,#645,.F.);
#645 = EDGE_CURVE('',#646,#618,#648,.T.);
#646 = VERTEX_POINT('',#647);
#647 = CARTESIAN_POINT('',(0.375,-40.265,8.51));
#648 = SURFACE_CURVE('',#649,(#653,#660),.PCURVE_S1.);
#649 = LINE('',#650,#651);
#650 = CARTESIAN_POINT('',(0.375,-40.265,8.51));
#651 = VECTOR('',#652,1.);
#652 = DIRECTION('',(-1.,0.,0.));
#653 = PCURVE('',#220,#654);
#654 = DEFINITIONAL_REPRESENTATION('',(#655),#659);
#655 = LINE('',#656,#657);
#656 = CARTESIAN_POINT('',(1.58,6.98));
#657 = VECTOR('',#658,1.);
#658 = DIRECTION('',(-1.,0.));
#659 = ( GEOMETRIC_REPRESENTATION_CONTEXT(2) 
PARAMETRIC_REPRESENTATION_CONTEXT() REPRESENTATION_CONTEXT('2D SPACE',''
  ) );
#660 = PCURVE('',#661,#666);
#661 = PLANE('',#662);
#662 = AXIS2_PLACEMENT_3D('',#663,#664,#665);
#663 = CARTESIAN_POINT('',(0.375,-40.265,0.));
#664 = DIRECTION('',(0.,-1.,0.));
#665 = DIRECTION('',(-1.,0.,0.));
#666 = DEFINITIONAL_REPRESENTATION('',(#667),#671);
#667 = LINE('',#668,#669);
#668 = CARTESIAN_POINT('',(0.,-8.51));
#669 = VECTOR('',#670,1.);
#670 = DIRECTION('',(1.,0.));
#671 = ( GEOMETRIC_REPRESENTATION_CONTEXT(2) 
PARAMETRIC_REPRESENTATION_CONTEXT() REPRESENTATION_CONTEXT('2D SPACE',''
  ) );
#672 = ORIENTED_EDGE('',*,*,#673,.F.);
#673 = EDGE_CURVE('',#590,#646,#674,.T.);
#674 = SURFACE_CURVE('',#675,(#679,#686),.PCURVE_S1.);
#675 = LINE('',#676,#677);
#676 = CARTESIAN_POINT('',(0.375,-41.015,8.51));
#677 = VECTOR('',#678,1.);
#678 = DIRECTION('',(0.,1.,0.));
#679 = PCURVE('',#220,#680);
#680 = DEFINITIONAL_REPRESENTATION('',(#681),#685);
#681 = LINE('',#682,#683);
#682 = CARTESIAN_POINT('',(1.58,6.23));
#683 = VECTOR('',#684,1.);
#684 = DIRECTION('',(0.,1.));
#685 = ( GEOMETRIC_REPRESENTATION_CONTEXT(2) 
PARAMETRIC_REPRESENTATION_CONTEXT() REPRESENTATION_CONTEXT('2D SPACE',''
  ) );
#686 = PCURVE('',#687,#692);
#687 = PLANE('',#688);
#688 = AXIS2_PLACEMENT_3D('',#689,#690,#691);
#689 = CARTESIAN_POINT('',(0.375,-41.015,0.));
#690 = DIRECTION('',(-1.,0.,0.));
#691 = DIRECTION('',(0.,1.,0.));
#692 = DEFINITIONAL_REPRESENTATION('',(#693),#697);
#693 = LINE('',#694,#695);
#694 = CARTESIAN_POINT('',(0.,-8.51));
#695 = VECTOR('',#696,1.);
#696 = DIRECTION('',(1.,0.));
#697 = ( GEOMETRIC_REPRESENTATION_CONTEXT(2) 
PARAMETRIC_REPRESENTATION_CONTEXT() REPRESENTATION_CONTEXT('2D SPACE',''
  ) );
#698 = FACE_BOUND('',#699,.T.);
#699 = EDGE_LOOP('',(#700,#730,#758,#786));
#700 = ORIENTED_EDGE('',*,*,#701,.F.);
#701 = EDGE_CURVE('',#702,#704,#706,.T.);
#702 = VERTEX_POINT('',#703);
#703 = CARTESIAN_POINT('',(-0.375,-38.475,8.51));
#704 = VERTEX_POINT('',#705);
#705 = CARTESIAN_POINT('',(0.375,-38.475,8.51));
#706 = SURFACE_CURVE('',#707,(#711,#718),.PCURVE_S1.);
#707 = LINE('',#708,#709);
#708 = CARTESIAN_POINT('',(-0.375,-38.475,8.51));
#709 = VECTOR('',#710,1.);
#710 = DIRECTION('',(1.,0.,0.));
#711 = PCURVE('',#220,#712);
#712 = DEFINITIONAL_REPRESENTATION('',(#713),#717);
#713 = LINE('',#714,#715);
#714 = CARTESIAN_POINT('',(0.83,8.77));
#715 = VECTOR('',#716,1.);
#716 = DIRECTION('',(1.,0.));
#717 = ( GEOMETRIC_REPRESENTATION_CONTEXT(2) 
PARAMETRIC_REPRESENTATION_CONTEXT() REPRESENTATION_CONTEXT('2D SPACE',''
  ) );
#718 = PCURVE('',#719,#724);
#719 = PLANE('',#720);
#720 = AXIS2_PLACEMENT_3D('',#721,#722,#723);
#721 = CARTESIAN_POINT('',(-0.375,-38.475,0.));
#722 = DIRECTION('',(0.,1.,0.));
#723 = DIRECTION('',(1.,0.,0.));
#724 = DEFINITIONAL_REPRESENTATION('',(#725),#729);
#725 = LINE('',#726,#727);
#726 = CARTESIAN_POINT('',(0.,-8.51));
#727 = VECTOR('',#728,1.);
#728 = DIRECTION('',(1.,0.));
#729 = ( GEOMETRIC_REPRESENTATION_CONTEXT(2) 
PARAMETRIC_REPRESENTATION_CONTEXT() REPRESENTATION_CONTEXT('2D SPACE',''
  ) );
#730 = ORIENTED_EDGE('',*,*,#731,.F.);
#731 = EDGE_CURVE('',#732,#702,#734,.T.);
#732 = VERTEX_POINT('',#733);
#733 = CARTESIAN_POINT('',(-0.375,-37.725,8.51));
#734 = SURFACE_CURVE('',#735,(#739,#746),.PCURVE_S1.);
#735 = LINE('',#736,#737);
#736 = CARTESIAN_POINT('',(-0.375,-37.725,8.51));
#737 = VECTOR('',#738,1.);
#738 = DIRECTION('',(0.,-1.,0.));
#739 = PCURVE('',#220,#740);
#740 = DEFINITIONAL_REPRESENTATION('',(#741),#745);
#741 = LINE('',#742,#743);
#742 = CARTESIAN_POINT('',(0.83,9.52));
#743 = VECTOR('',#744,1.);
#744 = DIRECTION('',(0.,-1.));
#745 = ( GEOMETRIC_REPRESENTATION_CONTEXT(2) 
PARAMETRIC_REPRESENTATION_CONTEXT() REPRESENTATION_CONTEXT('2D SPACE',''
  ) );
#746 = PCURVE('',#747,#752);
#747 = PLANE('',#748);
#748 = AXIS2_PLACEMENT_3D('',#749,#750,#751);
#749 = CARTESIAN_POINT('',(-0.375,-37.725,0.));
#750 = DIRECTION('',(1.,0.,-0.));
#751 = DIRECTION('',(0.,-1.,0.));
#752 = DEFINITIONAL_REPRESENTATION('',(#753),#757);
#753 = LINE('',#754,#755);
#754 = CARTESIAN_POINT('',(0.,-8.51));
#755 = VECTOR('',#756,1.);
#756 = DIRECTION('',(1.,0.));
#757 = ( GEOMETRIC_REPRESENTATION_CONTEXT(2) 
PARAMETRIC_REPRESENTATION_CONTEXT() REPRESENTATION_CONTEXT('2D SPACE',''
  ) );
#758 = ORIENTED_EDGE('',*,*,#759,.F.);
#759 = EDGE_CURVE('',#760,#732,#762,.T.);
#760 = VERTEX_POINT('',#761);
#761 = CARTESIAN_POINT('',(0.375,-37.725,8.51));
#762 = SURFACE_CURVE('',#763,(#767,#774),.PCURVE_S1.);
#763 = LINE('',#764,#765);
#764 = CARTESIAN_POINT('',(0.375,-37.725,8.51));
#765 = VECTOR('',#766,1.);
#766 = DIRECTION('',(-1.,0.,0.));
#767 = PCURVE('',#220,#768);
#768 = DEFINITIONAL_REPRESENTATION('',(#769),#773);
#769 = LINE('',#770,#771);
#770 = CARTESIAN_POINT('',(1.58,9.52));
#771 = VECTOR('',#772,1.);
#772 = DIRECTION('',(-1.,0.));
#773 = ( GEOMETRIC_REPRESENTATION_CONTEXT(2) 
PARAMETRIC_REPRESENTATION_CONTEXT() REPRESENTATION_CONTEXT('2D SPACE',''
  ) );
#774 = PCURVE('',#775,#780);
#775 = PLANE('',#776);
#776 = AXIS2_PLACEMENT_3D('',#777,#778,#779);
#777 = CARTESIAN_POINT('',(0.375,-37.725,0.));
#778 = DIRECTION('',(0.,-1.,0.));
#779 = DIRECTION('',(-1.,0.,0.));
#780 = DEFINITIONAL_REPRESENTATION('',(#781),#785);
#781 = LINE('',#782,#783);
#782 = CARTESIAN_POINT('',(0.,-8.51));
#783 = VECTOR('',#784,1.);
#784 = DIRECTION('',(1.,0.));
#785 = ( GEOMETRIC_REPRESENTATION_CONTEXT(2) 
PARAMETRIC_REPRESENTATION_CONTEXT() REPRESENTATION_CONTEXT('2D SPACE',''
  ) );
#786 = ORIENTED_EDGE('',*,*,#787,.F.);
#787 = EDGE_CURVE('',#704,#760,#788,.T.);
#788 = SURFACE_CURVE('',#789,(#793,#800),.PCURVE_S1.);
#789 = LINE('',#790,#791);
#790 = CARTESIAN_POINT('',(0.375,-38.475,8.51));
#791 = VECTOR('',#792,1.);
#792 = DIRECTION('',(0.,1.,0.));
#793 = PCURVE('',#220,#794);
#794 = DEFINITIONAL_REPRESENTATION('',(#795),#799);
#795 = LINE('',#796,#797);
#796 = CARTESIAN_POINT('',(1.58,8.77));
#797 = VECTOR('',#798,1.);
#798 = DIRECTION('',(0.,1.));
#799 = ( GEOMETRIC_REPRESENTATION_CONTEXT(2) 
PARAMETRIC_REPRESENTATION_CONTEXT() REPRESENTATION_CONTEXT('2D SPACE',''
  ) );
#800 = PCURVE('',#801,#806);
#801 = PLANE('',#802);
#802 = AXIS2_PLACEMENT_3D('',#803,#804,#805);
#803 = CARTESIAN_POINT('',(0.375,-38.475,0.));
#804 = DIRECTION('',(-1.,0.,0.));
#805 = DIRECTION('',(0.,1.,0.));
#806 = DEFINITIONAL_REPRESENTATION('',(#807),#811);
#807 = LINE('',#808,#809);
#808 = CARTESIAN_POINT('',(0.,-8.51));
#809 = VECTOR('',#810,1.);
#810 = DIRECTION('',(1.,0.));
#811 = ( GEOMETRIC_REPRESENTATION_CONTEXT(2) 
PARAMETRIC_REPRESENTATION_CONTEXT() REPRESENTATION_CONTEXT('2D SPACE',''
  ) );
#812 = FACE_BOUND('',#813,.T.);
#813 = EDGE_LOOP('',(#814,#844,#872,#900));
#814 = ORIENTED_EDGE('',*,*,#815,.F.);
#815 = EDGE_CURVE('',#816,#818,#820,.T.);
#816 = VERTEX_POINT('',#817);
#817 = CARTESIAN_POINT('',(-0.375,-35.935,8.51));
#818 = VERTEX_POINT('',#819);
#819 = CARTESIAN_POINT('',(0.375,-35.935,8.51));
#820 = SURFACE_CURVE('',#821,(#825,#832),.PCURVE_S1.);
#821 = LINE('',#822,#823);
#822 = CARTESIAN_POINT('',(-0.375,-35.935,8.51));
#823 = VECTOR('',#824,1.);
#824 = DIRECTION('',(1.,0.,0.));
#825 = PCURVE('',#220,#826);
#826 = DEFINITIONAL_REPRESENTATION('',(#827),#831);
#827 = LINE('',#828,#829);
#828 = CARTESIAN_POINT('',(0.83,11.31));
#829 = VECTOR('',#830,1.);
#830 = DIRECTION('',(1.,0.));
#831 = ( GEOMETRIC_REPRESENTATION_CONTEXT(2) 
PARAMETRIC_REPRESENTATION_CONTEXT() REPRESENTATION_CONTEXT('2D SPACE',''
  ) );
#832 = PCURVE('',#833,#838);
#833 = PLANE('',#834);
#834 = AXIS2_PLACEMENT_3D('',#835,#836,#837);
#835 = CARTESIAN_POINT('',(-0.375,-35.935,0.));
#836 = DIRECTION('',(0.,1.,0.));
#837 = DIRECTION('',(1.,0.,0.));
#838 = DEFINITIONAL_REPRESENTATION('',(#839),#843);
#839 = LINE('',#840,#841);
#840 = CARTESIAN_POINT('',(0.,-8.51));
#841 = VECTOR('',#842,1.);
#842 = DIRECTION('',(1.,0.));
#843 = ( GEOMETRIC_REPRESENTATION_CONTEXT(2) 
PARAMETRIC_REPRESENTATION_CONTEXT() REPRESENTATION_CONTEXT('2D SPACE',''
  ) );
#844 = ORIENTED_EDGE('',*,*,#845,.F.);
#845 = EDGE_CURVE('',#846,#816,#848,.T.);
#846 = VERTEX_POINT('',#847);
#847 = CARTESIAN_POINT('',(-0.375,-35.185,8.51));
#848 = SURFACE_CURVE('',#849,(#853,#860),.PCURVE_S1.);
#849 = LINE('',#850,#851);
#850 = CARTESIAN_POINT('',(-0.375,-35.185,8.51));
#851 = VECTOR('',#852,1.);
#852 = DIRECTION('',(0.,-1.,0.));
#853 = PCURVE('',#220,#854);
#854 = DEFINITIONAL_REPRESENTATION('',(#855),#859);
#855 = LINE('',#856,#857);
#856 = CARTESIAN_POINT('',(0.83,12.06));
#857 = VECTOR('',#858,1.);
#858 = DIRECTION('',(0.,-1.));
#859 = ( GEOMETRIC_REPRESENTATION_CONTEXT(2) 
PARAMETRIC_REPRESENTATION_CONTEXT() REPRESENTATION_CONTEXT('2D SPACE',''
  ) );
#860 = PCURVE('',#861,#866);
#861 = PLANE('',#862);
#862 = AXIS2_PLACEMENT_3D('',#863,#864,#865);
#863 = CARTESIAN_POINT('',(-0.375,-35.185,0.));
#864 = DIRECTION('',(1.,0.,-0.));
#865 = DIRECTION('',(0.,-1.,0.));
#866 = DEFINITIONAL_REPRESENTATION('',(#867),#871);
#867 = LINE('',#868,#869);
#868 = CARTESIAN_POINT('',(0.,-8.51));
#869 = VECTOR('',#870,1.);
#870 = DIRECTION('',(1.,0.));
#871 = ( GEOMETRIC_REPRESENTATION_CONTEXT(2) 
PARAMETRIC_REPRESENTATION_CONTEXT() REPRESENTATION_CONTEXT('2D SPACE',''
  ) );
#872 = ORIENTED_EDGE('',*,*,#873,.F.);
#873 = EDGE_CURVE('',#874,#846,#876,.T.);
#874 = VERTEX_POINT('',#875);
#875 = CARTESIAN_POINT('',(0.375,-35.185,8.51));
#876 = SURFACE_CURVE('',#877,(#881,#888),.PCURVE_S1.);
#877 = LINE('',#878,#879);
#878 = CARTESIAN_POINT('',(0.375,-35.185,8.51));
#879 = VECTOR('',#880,1.);
#880 = DIRECTION('',(-1.,0.,0.));
#881 = PCURVE('',#220,#882);
#882 = DEFINITIONAL_REPRESENTATION('',(#883),#887);
#883 = LINE('',#884,#885);
#884 = CARTESIAN_POINT('',(1.58,12.06));
#885 = VECTOR('',#886,1.);
#886 = DIRECTION('',(-1.,0.));
#887 = ( GEOMETRIC_REPRESENTATION_CONTEXT(2) 
PARAMETRIC_REPRESENTATION_CONTEXT() REPRESENTATION_CONTEXT('2D SPACE',''
  ) );
#888 = PCURVE('',#889,#894);
#889 = PLANE('',#890);
#890 = AXIS2_PLACEMENT_3D('',#891,#892,#893);
#891 = CARTESIAN_POINT('',(0.375,-35.185,0.));
#892 = DIRECTION('',(0.,-1.,0.));
#893 = DIRECTION('',(-1.,0.,0.));
#894 = DEFINITIONAL_REPRESENTATION('',(#895),#899);
#895 = LINE('',#896,#897);
#896 = CARTESIAN_POINT('',(0.,-8.51));
#897 = VECTOR('',#898,1.);
#898 = DIRECTION('',(1.,0.));
#899 = ( GEOMETRIC_REPRESENTATION_CONTEXT(2) 
PARAMETRIC_REPRESENTATION_CONTEXT() REPRESENTATION_CONTEXT('2D SPACE',''
  ) );
#900 = ORIENTED_EDGE('',*,*,#901,.F.);
#901 = EDGE_CURVE('',#818,#874,#902,.T.);
#902 = SURFACE_CURVE('',#903,(#907,#914),.PCURVE_S1.);
#903 = LINE('',#904,#905);
#904 = CARTESIAN_POINT('',(0.375,-35.935,8.51));
#905 = VECTOR('',#906,1.);
#906 = DIRECTION('',(0.,1.,0.));
#907 = PCURVE('',#220,#908);
#908 = DEFINITIONAL_REPRESENTATION('',(#909),#913);
#909 = LINE('',#910,#911);
#910 = CARTESIAN_POINT('',(1.58,11.31));
#911 = VECTOR('',#912,1.);
#912 = DIRECTION('',(0.,1.));
#913 = ( GEOMETRIC_REPRESENTATION_CONTEXT(2) 
PARAMETRIC_REPRESENTATION_CONTEXT() REPRESENTATION_CONTEXT('2D SPACE',''
  ) );
#914 = PCURVE('',#915,#920);
#915 = PLANE('',#916);
#916 = AXIS2_PLACEMENT_3D('',#917,#918,#919);
#917 = CARTESIAN_POINT('',(0.375,-35.935,0.));
#918 = DIRECTION('',(-1.,0.,0.));
#919 = DIRECTION('',(0.,1.,0.));
#920 = DEFINITIONAL_REPRESENTATION('',(#921),#925);
#921 = LINE('',#922,#923);
#922 = CARTESIAN_POINT('',(0.,-8.51));
#923 = VECTOR('',#924,1.);
#924 = DIRECTION('',(1.,0.));
#925 = ( GEOMETRIC_REPRESENTATION_CONTEXT(2) 
PARAMETRIC_REPRESENTATION_CONTEXT() REPRESENTATION_CONTEXT('2D SPACE',''
  ) );
#926 = FACE_BOUND('',#927,.T.);
#927 = EDGE_LOOP('',(#928,#958,#986,#1014));
#928 = ORIENTED_EDGE('',*,*,#929,.F.);
#929 = EDGE_CURVE('',#930,#932,#934,.T.);
#930 = VERTEX_POINT('',#931);
#931 = CARTESIAN_POINT('',(-0.375,-33.395,8.51));
#932 = VERTEX_POINT('',#933);
#933 = CARTESIAN_POINT('',(0.375,-33.395,8.51));
#934 = SURFACE_CURVE('',#935,(#939,#946),.PCURVE_S1.);
#935 = LINE('',#936,#937);
#936 = CARTESIAN_POINT('',(-0.375,-33.395,8.51));
#937 = VECTOR('',#938,1.);
#938 = DIRECTION('',(1.,0.,0.));
#939 = PCURVE('',#220,#940);
#940 = DEFINITIONAL_REPRESENTATION('',(#941),#945);
#941 = LINE('',#942,#943);
#942 = CARTESIAN_POINT('',(0.83,13.85));
#943 = VECTOR('',#944,1.);
#944 = DIRECTION('',(1.,0.));
#945 = ( GEOMETRIC_REPRESENTATION_CONTEXT(2) 
PARAMETRIC_REPRESENTATION_CONTEXT() REPRESENTATION_CONTEXT('2D SPACE',''
  ) );
#946 = PCURVE('',#947,#952);
#947 = PLANE('',#948);
#948 = AXIS2_PLACEMENT_3D('',#949,#950,#951);
#949 = CARTESIAN_POINT('',(-0.375,-33.395,0.));
#950 = DIRECTION('',(0.,1.,0.));
#951 = DIRECTION('',(1.,0.,0.));
#952 = DEFINITIONAL_REPRESENTATION('',(#953),#957);
#953 = LINE('',#954,#955);
#954 = CARTESIAN_POINT('',(0.,-8.51));
#955 = VECTOR('',#956,1.);
#956 = DIRECTION('',(1.,0.));
#957 = ( GEOMETRIC_REPRESENTATION_CONTEXT(2) 
PARAMETRIC_REPRESENTATION_CONTEXT() REPRESENTATION_CONTEXT('2D SPACE',''
  ) );
#958 = ORIENTED_EDGE('',*,*,#959,.F.);
#959 = EDGE_CURVE('',#960,#930,#962,.T.);
#960 = VERTEX_POINT('',#961);
#961 = CARTESIAN_POINT('',(-0.375,-32.645,8.51));
#962 = SURFACE_CURVE('',#963,(#967,#974),.PCURVE_S1.);
#963 = LINE('',#964,#965);
#964 = CARTESIAN_POINT('',(-0.375,-32.645,8.51));
#965 = VECTOR('',#966,1.);
#966 = DIRECTION('',(0.,-1.,0.));
#967 = PCURVE('',#220,#968);
#968 = DEFINITIONAL_REPRESENTATION('',(#969),#973);
#969 = LINE('',#970,#971);
#970 = CARTESIAN_POINT('',(0.83,14.6));
#971 = VECTOR('',#972,1.);
#972 = DIRECTION('',(0.,-1.));
#973 = ( GEOMETRIC_REPRESENTATION_CONTEXT(2) 
PARAMETRIC_REPRESENTATION_CONTEXT() REPRESENTATION_CONTEXT('2D SPACE',''
  ) );
#974 = PCURVE('',#975,#980);
#975 = PLANE('',#976);
#976 = AXIS2_PLACEMENT_3D('',#977,#978,#979);
#977 = CARTESIAN_POINT('',(-0.375,-32.645,0.));
#978 = DIRECTION('',(1.,0.,-0.));
#979 = DIRECTION('',(0.,-1.,0.));
#980 = DEFINITIONAL_REPRESENTATION('',(#981),#985);
#981 = LINE('',#982,#983);
#982 = CARTESIAN_POINT('',(0.,-8.51));
#983 = VECTOR('',#984,1.);
#984 = DIRECTION('',(1.,0.));
#985 = ( GEOMETRIC_REPRESENTATION_CONTEXT(2) 
PARAMETRIC_REPRESENTATION_CONTEXT() REPRESENTATION_CONTEXT('2D SPACE',''
  ) );
#986 = ORIENTED_EDGE('',*,*,#987,.F.);
#987 = EDGE_CURVE('',#988,#960,#990,.T.);
#988 = VERTEX_POINT('',#989);
#989 = CARTESIAN_POINT('',(0.375,-32.645,8.51));
#990 = SURFACE_CURVE('',#991,(#995,#1002),.PCURVE_S1.);
#991 = LINE('',#992,#993);
#992 = CARTESIAN_POINT('',(0.375,-32.645,8.51));
#993 = VECTOR('',#994,1.);
#994 = DIRECTION('',(-1.,0.,0.));
#995 = PCURVE('',#220,#996);
#996 = DEFINITIONAL_REPRESENTATION('',(#997),#1001);
#997 = LINE('',#998,#999);
#998 = CARTESIAN_POINT('',(1.58,14.6));
#999 = VECTOR('',#1000,1.);
#1000 = DIRECTION('',(-1.,0.));
#1001 = ( GEOMETRIC_REPRESENTATION_CONTEXT(2) 
PARAMETRIC_REPRESENTATION_CONTEXT() REPRESENTATION_CONTEXT('2D SPACE',''
  ) );
#1002 = PCURVE('',#1003,#1008);
#1003 = PLANE('',#1004);
#1004 = AXIS2_PLACEMENT_3D('',#1005,#1006,#1007);
#1005 = CARTESIAN_POINT('',(0.375,-32.645,0.));
#1006 = DIRECTION('',(0.,-1.,0.));
#1007 = DIRECTION('',(-1.,0.,0.));
#1008 = DEFINITIONAL_REPRESENTATION('',(#1009),#1013);
#1009 = LINE('',#1010,#1011);
#1010 = CARTESIAN_POINT('',(0.,-8.51));
#1011 = VECTOR('',#1012,1.);
#1012 = DIRECTION('',(1.,0.));
#1013 = ( GEOMETRIC_REPRESENTATION_CONTEXT(2) 
PARAMETRIC_REPRESENTATION_CONTEXT() REPRESENTATION_CONTEXT('2D SPACE',''
  ) );
#1014 = ORIENTED_EDGE('',*,*,#1015,.F.);
#1015 = EDGE_CURVE('',#932,#988,#1016,.T.);
#1016 = SURFACE_CURVE('',#1017,(#1021,#1028),.PCURVE_S1.);
#1017 = LINE('',#1018,#1019);
#1018 = CARTESIAN_POINT('',(0.375,-33.395,8.51));
#1019 = VECTOR('',#1020,1.);
#1020 = DIRECTION('',(0.,1.,0.));
#1021 = PCURVE('',#220,#1022);
#1022 = DEFINITIONAL_REPRESENTATION('',(#1023),#1027);
#1023 = LINE('',#1024,#1025);
#1024 = CARTESIAN_POINT('',(1.58,13.85));
#1025 = VECTOR('',#1026,1.);
#1026 = DIRECTION('',(0.,1.));
#1027 = ( GEOMETRIC_REPRESENTATION_CONTEXT(2) 
PARAMETRIC_REPRESENTATION_CONTEXT() REPRESENTATION_CONTEXT('2D SPACE',''
  ) );
#1028 = PCURVE('',#1029,#1034);
#1029 = PLANE('',#1030);
#1030 = AXIS2_PLACEMENT_3D('',#1031,#1032,#1033);
#1031 = CARTESIAN_POINT('',(0.375,-33.395,0.));
#1032 = DIRECTION('',(-1.,0.,0.));
#1033 = DIRECTION('',(0.,1.,0.));
#1034 = DEFINITIONAL_REPRESENTATION('',(#1035),#1039);
#1035 = LINE('',#1036,#1037);
#1036 = CARTESIAN_POINT('',(0.,-8.51));
#1037 = VECTOR('',#1038,1.);
#1038 = DIRECTION('',(1.,0.));
#1039 = ( GEOMETRIC_REPRESENTATION_CONTEXT(2) 
PARAMETRIC_REPRESENTATION_CONTEXT() REPRESENTATION_CONTEXT('2D SPACE',''
  ) );
#1040 = FACE_BOUND('',#1041,.T.);
#1041 = EDGE_LOOP('',(#1042,#1072,#1100,#1128));
#1042 = ORIENTED_EDGE('',*,*,#1043,.F.);
#1043 = EDGE_CURVE('',#1044,#1046,#1048,.T.);
#1044 = VERTEX_POINT('',#1045);
#1045 = CARTESIAN_POINT('',(-0.375,-30.855,8.51));
#1046 = VERTEX_POINT('',#1047);
#1047 = CARTESIAN_POINT('',(0.375,-30.855,8.51));
#1048 = SURFACE_CURVE('',#1049,(#1053,#1060),.PCURVE_S1.);
#1049 = LINE('',#1050,#1051);
#1050 = CARTESIAN_POINT('',(-0.375,-30.855,8.51));
#1051 = VECTOR('',#1052,1.);
#1052 = DIRECTION('',(1.,0.,0.));
#1053 = PCURVE('',#220,#1054);
#1054 = DEFINITIONAL_REPRESENTATION('',(#1055),#1059);
#1055 = LINE('',#1056,#1057);
#1056 = CARTESIAN_POINT('',(0.83,16.39));
#1057 = VECTOR('',#1058,1.);
#1058 = DIRECTION('',(1.,0.));
#1059 = ( GEOMETRIC_REPRESENTATION_CONTEXT(2) 
PARAMETRIC_REPRESENTATION_CONTEXT() REPRESENTATION_CONTEXT('2D SPACE',''
  ) );
#1060 = PCURVE('',#1061,#1066);
#1061 = PLANE('',#1062);
#1062 = AXIS2_PLACEMENT_3D('',#1063,#1064,#1065);
#1063 = CARTESIAN_POINT('',(-0.375,-30.855,0.));
#1064 = DIRECTION('',(0.,1.,0.));
#1065 = DIRECTION('',(1.,0.,0.));
#1066 = DEFINITIONAL_REPRESENTATION('',(#1067),#1071);
#1067 = LINE('',#1068,#1069);
#1068 = CARTESIAN_POINT('',(0.,-8.51));
#1069 = VECTOR('',#1070,1.);
#1070 = DIRECTION('',(1.,0.));
#1071 = ( GEOMETRIC_REPRESENTATION_CONTEXT(2) 
PARAMETRIC_REPRESENTATION_CONTEXT() REPRESENTATION_CONTEXT('2D SPACE',''
  ) );
#1072 = ORIENTED_EDGE('',*,*,#1073,.F.);
#1073 = EDGE_CURVE('',#1074,#1044,#1076,.T.);
#1074 = VERTEX_POINT('',#1075);
#1075 = CARTESIAN_POINT('',(-0.375,-30.105,8.51));
#1076 = SURFACE_CURVE('',#1077,(#1081,#1088),.PCURVE_S1.);
#1077 = LINE('',#1078,#1079);
#1078 = CARTESIAN_POINT('',(-0.375,-30.105,8.51));
#1079 = VECTOR('',#1080,1.);
#1080 = DIRECTION('',(0.,-1.,0.));
#1081 = PCURVE('',#220,#1082);
#1082 = DEFINITIONAL_REPRESENTATION('',(#1083),#1087);
#1083 = LINE('',#1084,#1085);
#1084 = CARTESIAN_POINT('',(0.83,17.14));
#1085 = VECTOR('',#1086,1.);
#1086 = DIRECTION('',(0.,-1.));
#1087 = ( GEOMETRIC_REPRESENTATION_CONTEXT(2) 
PARAMETRIC_REPRESENTATION_CONTEXT() REPRESENTATION_CONTEXT('2D SPACE',''
  ) );
#1088 = PCURVE('',#1089,#1094);
#1089 = PLANE('',#1090);
#1090 = AXIS2_PLACEMENT_3D('',#1091,#1092,#1093);
#1091 = CARTESIAN_POINT('',(-0.375,-30.105,0.));
#1092 = DIRECTION('',(1.,0.,-0.));
#1093 = DIRECTION('',(0.,-1.,0.));
#1094 = DEFINITIONAL_REPRESENTATION('',(#1095),#1099);
#1095 = LINE('',#1096,#1097);
#1096 = CARTESIAN_POINT('',(0.,-8.51));
#1097 = VECTOR('',#1098,1.);
#1098 = DIRECTION('',(1.,0.));
#1099 = ( GEOMETRIC_REPRESENTATION_CONTEXT(2) 
PARAMETRIC_REPRESENTATION_CONTEXT() REPRESENTATION_CONTEXT('2D SPACE',''
  ) );
#1100 = ORIENTED_EDGE('',*,*,#1101,.F.);
#1101 = EDGE_CURVE('',#1102,#1074,#1104,.T.);
#1102 = VERTEX_POINT('',#1103);
#1103 = CARTESIAN_POINT('',(0.375,-30.105,8.51));
#1104 = SURFACE_CURVE('',#1105,(#1109,#1116),.PCURVE_S1.);
#1105 = LINE('',#1106,#1107);
#1106 = CARTESIAN_POINT('',(0.375,-30.105,8.51));
#1107 = VECTOR('',#1108,1.);
#1108 = DIRECTION('',(-1.,0.,0.));
#1109 = PCURVE('',#220,#1110);
#1110 = DEFINITIONAL_REPRESENTATION('',(#1111),#1115);
#1111 = LINE('',#1112,#1113);
#1112 = CARTESIAN_POINT('',(1.58,17.14));
#1113 = VECTOR('',#1114,1.);
#1114 = DIRECTION('',(-1.,0.));
#1115 = ( GEOMETRIC_REPRESENTATION_CONTEXT(2) 
PARAMETRIC_REPRESENTATION_CONTEXT() REPRESENTATION_CONTEXT('2D SPACE',''
  ) );
#1116 = PCURVE('',#1117,#1122);
#1117 = PLANE('',#1118);
#1118 = AXIS2_PLACEMENT_3D('',#1119,#1120,#1121);
#1119 = CARTESIAN_POINT('',(0.375,-30.105,0.));
#1120 = DIRECTION('',(0.,-1.,0.));
#1121 = DIRECTION('',(-1.,0.,0.));
#1122 = DEFINITIONAL_REPRESENTATION('',(#1123),#1127);
#1123 = LINE('',#1124,#1125);
#1124 = CARTESIAN_POINT('',(0.,-8.51));
#1125 = VECTOR('',#1126,1.);
#1126 = DIRECTION('',(1.,0.));
#1127 = ( GEOMETRIC_REPRESENTATION_CONTEXT(2) 
PARAMETRIC_REPRESENTATION_CONTEXT() REPRESENTATION_CONTEXT('2D SPACE',''
  ) );
#1128 = ORIENTED_EDGE('',*,*,#1129,.F.);
#1129 = EDGE_CURVE('',#1046,#1102,#1130,.T.);
#1130 = SURFACE_CURVE('',#1131,(#1135,#1142),.PCURVE_S1.);
#1131 = LINE('',#1132,#1133);
#1132 = CARTESIAN_POINT('',(0.375,-30.855,8.51));
#1133 = VECTOR('',#1134,1.);
#1134 = DIRECTION('',(0.,1.,0.));
#1135 = PCURVE('',#220,#1136);
#1136 = DEFINITIONAL_REPRESENTATION('',(#1137),#1141);
#1137 = LINE('',#1138,#1139);
#1138 = CARTESIAN_POINT('',(1.58,16.39));
#1139 = VECTOR('',#1140,1.);
#1140 = DIRECTION('',(0.,1.));
#1141 = ( GEOMETRIC_REPRESENTATION_CONTEXT(2) 
PARAMETRIC_REPRESENTATION_CONTEXT() REPRESENTATION_CONTEXT('2D SPACE',''
  ) );
#1142 = PCURVE('',#1143,#1148);
#1143 = PLANE('',#1144);
#1144 = AXIS2_PLACEMENT_3D('',#1145,#1146,#1147);
#1145 = CARTESIAN_POINT('',(0.375,-30.855,0.));
#1146 = DIRECTION('',(-1.,0.,0.));
#1147 = DIRECTION('',(0.,1.,0.));
#1148 = DEFINITIONAL_REPRESENTATION('',(#1149),#1153);
#1149 = LINE('',#1150,#1151);
#1150 = CARTESIAN_POINT('',(0.,-8.51));
#1151 = VECTOR('',#1152,1.);
#1152 = DIRECTION('',(1.,0.));
#1153 = ( GEOMETRIC_REPRESENTATION_CONTEXT(2) 
PARAMETRIC_REPRESENTATION_CONTEXT() REPRESENTATION_CONTEXT('2D SPACE',''
  ) );
#1154 = FACE_BOUND('',#1155,.T.);
#1155 = EDGE_LOOP('',(#1156,#1186,#1214,#1242));
#1156 = ORIENTED_EDGE('',*,*,#1157,.F.);
#1157 = EDGE_CURVE('',#1158,#1160,#1162,.T.);
#1158 = VERTEX_POINT('',#1159);
#1159 = CARTESIAN_POINT('',(-0.375,-28.315,8.51));
#1160 = VERTEX_POINT('',#1161);
#1161 = CARTESIAN_POINT('',(0.375,-28.315,8.51));
#1162 = SURFACE_CURVE('',#1163,(#1167,#1174),.PCURVE_S1.);
#1163 = LINE('',#1164,#1165);
#1164 = CARTESIAN_POINT('',(-0.375,-28.315,8.51));
#1165 = VECTOR('',#1166,1.);
#1166 = DIRECTION('',(1.,0.,0.));
#1167 = PCURVE('',#220,#1168);
#1168 = DEFINITIONAL_REPRESENTATION('',(#1169),#1173);
#1169 = LINE('',#1170,#1171);
#1170 = CARTESIAN_POINT('',(0.83,18.93));
#1171 = VECTOR('',#1172,1.);
#1172 = DIRECTION('',(1.,0.));
#1173 = ( GEOMETRIC_REPRESENTATION_CONTEXT(2) 
PARAMETRIC_REPRESENTATION_CONTEXT() REPRESENTATION_CONTEXT('2D SPACE',''
  ) );
#1174 = PCURVE('',#1175,#1180);
#1175 = PLANE('',#1176);
#1176 = AXIS2_PLACEMENT_3D('',#1177,#1178,#1179);
#1177 = CARTESIAN_POINT('',(-0.375,-28.315,0.));
#1178 = DIRECTION('',(0.,1.,0.));
#1179 = DIRECTION('',(1.,0.,0.));
#1180 = DEFINITIONAL_REPRESENTATION('',(#1181),#1185);
#1181 = LINE('',#1182,#1183);
#1182 = CARTESIAN_POINT('',(0.,-8.51));
#1183 = VECTOR('',#1184,1.);
#1184 = DIRECTION('',(1.,0.));
#1185 = ( GEOMETRIC_REPRESENTATION_CONTEXT(2) 
PARAMETRIC_REPRESENTATION_CONTEXT() REPRESENTATION_CONTEXT('2D SPACE',''
  ) );
#1186 = ORIENTED_EDGE('',*,*,#1187,.F.);
#1187 = EDGE_CURVE('',#1188,#1158,#1190,.T.);
#1188 = VERTEX_POINT('',#1189);
#1189 = CARTESIAN_POINT('',(-0.375,-27.565,8.51));
#1190 = SURFACE_CURVE('',#1191,(#1195,#1202),.PCURVE_S1.);
#1191 = LINE('',#1192,#1193);
#1192 = CARTESIAN_POINT('',(-0.375,-27.565,8.51));
#1193 = VECTOR('',#1194,1.);
#1194 = DIRECTION('',(0.,-1.,0.));
#1195 = PCURVE('',#220,#1196);
#1196 = DEFINITIONAL_REPRESENTATION('',(#1197),#1201);
#1197 = LINE('',#1198,#1199);
#1198 = CARTESIAN_POINT('',(0.83,19.68));
#1199 = VECTOR('',#1200,1.);
#1200 = DIRECTION('',(0.,-1.));
#1201 = ( GEOMETRIC_REPRESENTATION_CONTEXT(2) 
PARAMETRIC_REPRESENTATION_CONTEXT() REPRESENTATION_CONTEXT('2D SPACE',''
  ) );
#1202 = PCURVE('',#1203,#1208);
#1203 = PLANE('',#1204);
#1204 = AXIS2_PLACEMENT_3D('',#1205,#1206,#1207);
#1205 = CARTESIAN_POINT('',(-0.375,-27.565,0.));
#1206 = DIRECTION('',(1.,0.,-0.));
#1207 = DIRECTION('',(0.,-1.,0.));
#1208 = DEFINITIONAL_REPRESENTATION('',(#1209),#1213);
#1209 = LINE('',#1210,#1211);
#1210 = CARTESIAN_POINT('',(0.,-8.51));
#1211 = VECTOR('',#1212,1.);
#1212 = DIRECTION('',(1.,0.));
#1213 = ( GEOMETRIC_REPRESENTATION_CONTEXT(2) 
PARAMETRIC_REPRESENTATION_CONTEXT() REPRESENTATION_CONTEXT('2D SPACE',''
  ) );
#1214 = ORIENTED_EDGE('',*,*,#1215,.F.);
#1215 = EDGE_CURVE('',#1216,#1188,#1218,.T.);
#1216 = VERTEX_POINT('',#1217);
#1217 = CARTESIAN_POINT('',(0.375,-27.565,8.51));
#1218 = SURFACE_CURVE('',#1219,(#1223,#1230),.PCURVE_S1.);
#1219 = LINE('',#1220,#1221);
#1220 = CARTESIAN_POINT('',(0.375,-27.565,8.51));
#1221 = VECTOR('',#1222,1.);
#1222 = DIRECTION('',(-1.,0.,0.));
#1223 = PCURVE('',#220,#1224);
#1224 = DEFINITIONAL_REPRESENTATION('',(#1225),#1229);
#1225 = LINE('',#1226,#1227);
#1226 = CARTESIAN_POINT('',(1.58,19.68));
#1227 = VECTOR('',#1228,1.);
#1228 = DIRECTION('',(-1.,0.));
#1229 = ( GEOMETRIC_REPRESENTATION_CONTEXT(2) 
PARAMETRIC_REPRESENTATION_CONTEXT() REPRESENTATION_CONTEXT('2D SPACE',''
  ) );
#1230 = PCURVE('',#1231,#1236);
#1231 = PLANE('',#1232);
#1232 = AXIS2_PLACEMENT_3D('',#1233,#1234,#1235);
#1233 = CARTESIAN_POINT('',(0.375,-27.565,0.));
#1234 = DIRECTION('',(0.,-1.,0.));
#1235 = DIRECTION('',(-1.,0.,0.));
#1236 = DEFINITIONAL_REPRESENTATION('',(#1237),#1241);
#1237 = LINE('',#1238,#1239);
#1238 = CARTESIAN_POINT('',(0.,-8.51));
#1239 = VECTOR('',#1240,1.);
#1240 = DIRECTION('',(1.,0.));
#1241 = ( GEOMETRIC_REPRESENTATION_CONTEXT(2) 
PARAMETRIC_REPRESENTATION_CONTEXT() REPRESENTATION_CONTEXT('2D SPACE',''
  ) );
#1242 = ORIENTED_EDGE('',*,*,#1243,.F.);
#1243 = EDGE_CURVE('',#1160,#1216,#1244,.T.);
#1244 = SURFACE_CURVE('',#1245,(#1249,#1256),.PCURVE_S1.);
#1245 = LINE('',#1246,#1247);
#1246 = CARTESIAN_POINT('',(0.375,-28.315,8.51));
#1247 = VECTOR('',#1248,1.);
#1248 = DIRECTION('',(0.,1.,0.));
#1249 = PCURVE('',#220,#1250);
#1250 = DEFINITIONAL_REPRESENTATION('',(#1251),#1255);
#1251 = LINE('',#1252,#1253);
#1252 = CARTESIAN_POINT('',(1.58,18.93));
#1253 = VECTOR('',#1254,1.);
#1254 = DIRECTION('',(0.,1.));
#1255 = ( GEOMETRIC_REPRESENTATION_CONTEXT(2) 
PARAMETRIC_REPRESENTATION_CONTEXT() REPRESENTATION_CONTEXT('2D SPACE',''
  ) );
#1256 = PCURVE('',#1257,#1262);
#1257 = PLANE('',#1258);
#1258 = AXIS2_PLACEMENT_3D('',#1259,#1260,#1261);
#1259 = CARTESIAN_POINT('',(0.375,-28.315,0.));
#1260 = DIRECTION('',(-1.,0.,0.));
#1261 = DIRECTION('',(0.,1.,0.));
#1262 = DEFINITIONAL_REPRESENTATION('',(#1263),#1267);
#1263 = LINE('',#1264,#1265);
#1264 = CARTESIAN_POINT('',(0.,-8.51));
#1265 = VECTOR('',#1266,1.);
#1266 = DIRECTION('',(1.,0.));
#1267 = ( GEOMETRIC_REPRESENTATION_CONTEXT(2) 
PARAMETRIC_REPRESENTATION_CONTEXT() REPRESENTATION_CONTEXT('2D SPACE',''
  ) );
#1268 = FACE_BOUND('',#1269,.T.);
#1269 = EDGE_LOOP('',(#1270,#1300,#1328,#1356));
#1270 = ORIENTED_EDGE('',*,*,#1271,.F.);
#1271 = EDGE_CURVE('',#1272,#1274,#1276,.T.);
#1272 = VERTEX_POINT('',#1273);
#1273 = CARTESIAN_POINT('',(-0.375,-25.775,8.51));
#1274 = VERTEX_POINT('',#1275);
#1275 = CARTESIAN_POINT('',(0.375,-25.775,8.51));
#1276 = SURFACE_CURVE('',#1277,(#1281,#1288),.PCURVE_S1.);
#1277 = LINE('',#1278,#1279);
#1278 = CARTESIAN_POINT('',(-0.375,-25.775,8.51));
#1279 = VECTOR('',#1280,1.);
#1280 = DIRECTION('',(1.,0.,0.));
#1281 = PCURVE('',#220,#1282);
#1282 = DEFINITIONAL_REPRESENTATION('',(#1283),#1287);
#1283 = LINE('',#1284,#1285);
#1284 = CARTESIAN_POINT('',(0.83,21.47));
#1285 = VECTOR('',#1286,1.);
#1286 = DIRECTION('',(1.,0.));
#1287 = ( GEOMETRIC_REPRESENTATION_CONTEXT(2) 
PARAMETRIC_REPRESENTATION_CONTEXT() REPRESENTATION_CONTEXT('2D SPACE',''
  ) );
#1288 = PCURVE('',#1289,#1294);
#1289 = PLANE('',#1290);
#1290 = AXIS2_PLACEMENT_3D('',#1291,#1292,#1293);
#1291 = CARTESIAN_POINT('',(-0.375,-25.775,0.));
#1292 = DIRECTION('',(0.,1.,0.));
#1293 = DIRECTION('',(1.,0.,0.));
#1294 = DEFINITIONAL_REPRESENTATION('',(#1295),#1299);
#1295 = LINE('',#1296,#1297);
#1296 = CARTESIAN_POINT('',(0.,-8.51));
#1297 = VECTOR('',#1298,1.);
#1298 = DIRECTION('',(1.,0.));
#1299 = ( GEOMETRIC_REPRESENTATION_CONTEXT(2) 
PARAMETRIC_REPRESENTATION_CONTEXT() REPRESENTATION_CONTEXT('2D SPACE',''
  ) );
#1300 = ORIENTED_EDGE('',*,*,#1301,.F.);
#1301 = EDGE_CURVE('',#1302,#1272,#1304,.T.);
#1302 = VERTEX_POINT('',#1303);
#1303 = CARTESIAN_POINT('',(-0.375,-25.025,8.51));
#1304 = SURFACE_CURVE('',#1305,(#1309,#1316),.PCURVE_S1.);
#1305 = LINE('',#1306,#1307);
#1306 = CARTESIAN_POINT('',(-0.375,-25.025,8.51));
#1307 = VECTOR('',#1308,1.);
#1308 = DIRECTION('',(0.,-1.,0.));
#1309 = PCURVE('',#220,#1310);
#1310 = DEFINITIONAL_REPRESENTATION('',(#1311),#1315);
#1311 = LINE('',#1312,#1313);
#1312 = CARTESIAN_POINT('',(0.83,22.22));
#1313 = VECTOR('',#1314,1.);
#1314 = DIRECTION('',(0.,-1.));
#1315 = ( GEOMETRIC_REPRESENTATION_CONTEXT(2) 
PARAMETRIC_REPRESENTATION_CONTEXT() REPRESENTATION_CONTEXT('2D SPACE',''
  ) );
#1316 = PCURVE('',#1317,#1322);
#1317 = PLANE('',#1318);
#1318 = AXIS2_PLACEMENT_3D('',#1319,#1320,#1321);
#1319 = CARTESIAN_POINT('',(-0.375,-25.025,0.));
#1320 = DIRECTION('',(1.,0.,-0.));
#1321 = DIRECTION('',(0.,-1.,0.));
#1322 = DEFINITIONAL_REPRESENTATION('',(#1323),#1327);
#1323 = LINE('',#1324,#1325);
#1324 = CARTESIAN_POINT('',(0.,-8.51));
#1325 = VECTOR('',#1326,1.);
#1326 = DIRECTION('',(1.,0.));
#1327 = ( GEOMETRIC_REPRESENTATION_CONTEXT(2) 
PARAMETRIC_REPRESENTATION_CONTEXT() REPRESENTATION_CONTEXT('2D SPACE',''
  ) );
#1328 = ORIENTED_EDGE('',*,*,#1329,.F.);
#1329 = EDGE_CURVE('',#1330,#1302,#1332,.T.);
#1330 = VERTEX_POINT('',#1331);
#1331 = CARTESIAN_POINT('',(0.375,-25.025,8.51));
#1332 = SURFACE_CURVE('',#1333,(#1337,#1344),.PCURVE_S1.);
#1333 = LINE('',#1334,#1335);
#1334 = CARTESIAN_POINT('',(0.375,-25.025,8.51));
#1335 = VECTOR('',#1336,1.);
#1336 = DIRECTION('',(-1.,0.,0.));
#1337 = PCURVE('',#220,#1338);
#1338 = DEFINITIONAL_REPRESENTATION('',(#1339),#1343);
#1339 = LINE('',#1340,#1341);
#1340 = CARTESIAN_POINT('',(1.58,22.22));
#1341 = VECTOR('',#1342,1.);
#1342 = DIRECTION('',(-1.,0.));
#1343 = ( GEOMETRIC_REPRESENTATION_CONTEXT(2) 
PARAMETRIC_REPRESENTATION_CONTEXT() REPRESENTATION_CONTEXT('2D SPACE',''
  ) );
#1344 = PCURVE('',#1345,#1350);
#1345 = PLANE('',#1346);
#1346 = AXIS2_PLACEMENT_3D('',#1347,#1348,#1349);
#1347 = CARTESIAN_POINT('',(0.375,-25.025,0.));
#1348 = DIRECTION('',(0.,-1.,0.));
#1349 = DIRECTION('',(-1.,0.,0.));
#1350 = DEFINITIONAL_REPRESENTATION('',(#1351),#1355);
#1351 = LINE('',#1352,#1353);
#1352 = CARTESIAN_POINT('',(0.,-8.51));
#1353 = VECTOR('',#1354,1.);
#1354 = DIRECTION('',(1.,0.));
#1355 = ( GEOMETRIC_REPRESENTATION_CONTEXT(2) 
PARAMETRIC_REPRESENTATION_CONTEXT() REPRESENTATION_CONTEXT('2D SPACE',''
  ) );
#1356 = ORIENTED_EDGE('',*,*,#1357,.F.);
#1357 = EDGE_CURVE('',#1274,#1330,#1358,.T.);
#1358 = SURFACE_CURVE('',#1359,(#1363,#1370),.PCURVE_S1.);
#1359 = LINE('',#1360,#1361);
#1360 = CARTESIAN_POINT('',(0.375,-25.775,8.51));
#1361 = VECTOR('',#1362,1.);
#1362 = DIRECTION('',(0.,1.,0.));
#1363 = PCURVE('',#220,#1364);
#1364 = DEFINITIONAL_REPRESENTATION('',(#1365),#1369);
#1365 = LINE('',#1366,#1367);
#1366 = CARTESIAN_POINT('',(1.58,21.47));
#1367 = VECTOR('',#1368,1.);
#1368 = DIRECTION('',(0.,1.));
#1369 = ( GEOMETRIC_REPRESENTATION_CONTEXT(2) 
PARAMETRIC_REPRESENTATION_CONTEXT() REPRESENTATION_CONTEXT('2D SPACE',''
  ) );
#1370 = PCURVE('',#1371,#1376);
#1371 = PLANE('',#1372);
#1372 = AXIS2_PLACEMENT_3D('',#1373,#1374,#1375);
#1373 = CARTESIAN_POINT('',(0.375,-25.775,0.));
#1374 = DIRECTION('',(-1.,0.,0.));
#1375 = DIRECTION('',(0.,1.,0.));
#1376 = DEFINITIONAL_REPRESENTATION('',(#1377),#1381);
#1377 = LINE('',#1378,#1379);
#1378 = CARTESIAN_POINT('',(0.,-8.51));
#1379 = VECTOR('',#1380,1.);
#1380 = DIRECTION('',(1.,0.));
#1381 = ( GEOMETRIC_REPRESENTATION_CONTEXT(2) 
PARAMETRIC_REPRESENTATION_CONTEXT() REPRESENTATION_CONTEXT('2D SPACE',''
  ) );
#1382 = FACE_BOUND('',#1383,.T.);
#1383 = EDGE_LOOP('',(#1384,#1414,#1442,#1470));
#1384 = ORIENTED_EDGE('',*,*,#1385,.F.);
#1385 = EDGE_CURVE('',#1386,#1388,#1390,.T.);
#1386 = VERTEX_POINT('',#1387);
#1387 = CARTESIAN_POINT('',(-0.375,-23.235,8.51));
#1388 = VERTEX_POINT('',#1389);
#1389 = CARTESIAN_POINT('',(0.375,-23.235,8.51));
#1390 = SURFACE_CURVE('',#1391,(#1395,#1402),.PCURVE_S1.);
#1391 = LINE('',#1392,#1393);
#1392 = CARTESIAN_POINT('',(-0.375,-23.235,8.51));
#1393 = VECTOR('',#1394,1.);
#1394 = DIRECTION('',(1.,0.,0.));
#1395 = PCURVE('',#220,#1396);
#1396 = DEFINITIONAL_REPRESENTATION('',(#1397),#1401);
#1397 = LINE('',#1398,#1399);
#1398 = CARTESIAN_POINT('',(0.83,24.01));
#1399 = VECTOR('',#1400,1.);
#1400 = DIRECTION('',(1.,0.));
#1401 = ( GEOMETRIC_REPRESENTATION_CONTEXT(2) 
PARAMETRIC_REPRESENTATION_CONTEXT() REPRESENTATION_CONTEXT('2D SPACE',''
  ) );
#1402 = PCURVE('',#1403,#1408);
#1403 = PLANE('',#1404);
#1404 = AXIS2_PLACEMENT_3D('',#1405,#1406,#1407);
#1405 = CARTESIAN_POINT('',(-0.375,-23.235,0.));
#1406 = DIRECTION('',(0.,1.,0.));
#1407 = DIRECTION('',(1.,0.,0.));
#1408 = DEFINITIONAL_REPRESENTATION('',(#1409),#1413);
#1409 = LINE('',#1410,#1411);
#1410 = CARTESIAN_POINT('',(0.,-8.51));
#1411 = VECTOR('',#1412,1.);
#1412 = DIRECTION('',(1.,0.));
#1413 = ( GEOMETRIC_REPRESENTATION_CONTEXT(2) 
PARAMETRIC_REPRESENTATION_CONTEXT() REPRESENTATION_CONTEXT('2D SPACE',''
  ) );
#1414 = ORIENTED_EDGE('',*,*,#1415,.F.);
#1415 = EDGE_CURVE('',#1416,#1386,#1418,.T.);
#1416 = VERTEX_POINT('',#1417);
#1417 = CARTESIAN_POINT('',(-0.375,-22.485,8.51));
#1418 = SURFACE_CURVE('',#1419,(#1423,#1430),.PCURVE_S1.);
#1419 = LINE('',#1420,#1421);
#1420 = CARTESIAN_POINT('',(-0.375,-22.485,8.51));
#1421 = VECTOR('',#1422,1.);
#1422 = DIRECTION('',(0.,-1.,0.));
#1423 = PCURVE('',#220,#1424);
#1424 = DEFINITIONAL_REPRESENTATION('',(#1425),#1429);
#1425 = LINE('',#1426,#1427);
#1426 = CARTESIAN_POINT('',(0.83,24.76));
#1427 = VECTOR('',#1428,1.);
#1428 = DIRECTION('',(0.,-1.));
#1429 = ( GEOMETRIC_REPRESENTATION_CONTEXT(2) 
PARAMETRIC_REPRESENTATION_CONTEXT() REPRESENTATION_CONTEXT('2D SPACE',''
  ) );
#1430 = PCURVE('',#1431,#1436);
#1431 = PLANE('',#1432);
#1432 = AXIS2_PLACEMENT_3D('',#1433,#1434,#1435);
#1433 = CARTESIAN_POINT('',(-0.375,-22.485,0.));
#1434 = DIRECTION('',(1.,0.,-0.));
#1435 = DIRECTION('',(0.,-1.,0.));
#1436 = DEFINITIONAL_REPRESENTATION('',(#1437),#1441);
#1437 = LINE('',#1438,#1439);
#1438 = CARTESIAN_POINT('',(0.,-8.51));
#1439 = VECTOR('',#1440,1.);
#1440 = DIRECTION('',(1.,0.));
#1441 = ( GEOMETRIC_REPRESENTATION_CONTEXT(2) 
PARAMETRIC_REPRESENTATION_CONTEXT() REPRESENTATION_CONTEXT('2D SPACE',''
  ) );
#1442 = ORIENTED_EDGE('',*,*,#1443,.F.);
#1443 = EDGE_CURVE('',#1444,#1416,#1446,.T.);
#1444 = VERTEX_POINT('',#1445);
#1445 = CARTESIAN_POINT('',(0.375,-22.485,8.51));
#1446 = SURFACE_CURVE('',#1447,(#1451,#1458),.PCURVE_S1.);
#1447 = LINE('',#1448,#1449);
#1448 = CARTESIAN_POINT('',(0.375,-22.485,8.51));
#1449 = VECTOR('',#1450,1.);
#1450 = DIRECTION('',(-1.,0.,0.));
#1451 = PCURVE('',#220,#1452);
#1452 = DEFINITIONAL_REPRESENTATION('',(#1453),#1457);
#1453 = LINE('',#1454,#1455);
#1454 = CARTESIAN_POINT('',(1.58,24.76));
#1455 = VECTOR('',#1456,1.);
#1456 = DIRECTION('',(-1.,0.));
#1457 = ( GEOMETRIC_REPRESENTATION_CONTEXT(2) 
PARAMETRIC_REPRESENTATION_CONTEXT() REPRESENTATION_CONTEXT('2D SPACE',''
  ) );
#1458 = PCURVE('',#1459,#1464);
#1459 = PLANE('',#1460);
#1460 = AXIS2_PLACEMENT_3D('',#1461,#1462,#1463);
#1461 = CARTESIAN_POINT('',(0.375,-22.485,0.));
#1462 = DIRECTION('',(0.,-1.,0.));
#1463 = DIRECTION('',(-1.,0.,0.));
#1464 = DEFINITIONAL_REPRESENTATION('',(#1465),#1469);
#1465 = LINE('',#1466,#1467);
#1466 = CARTESIAN_POINT('',(0.,-8.51));
#1467 = VECTOR('',#1468,1.);
#1468 = DIRECTION('',(1.,0.));
#1469 = ( GEOMETRIC_REPRESENTATION_CONTEXT(2) 
PARAMETRIC_REPRESENTATION_CONTEXT() REPRESENTATION_CONTEXT('2D SPACE',''
  ) );
#1470 = ORIENTED_EDGE('',*,*,#1471,.F.);
#1471 = EDGE_CURVE('',#1388,#1444,#1472,.T.);
#1472 = SURFACE_CURVE('',#1473,(#1477,#1484),.PCURVE_S1.);
#1473 = LINE('',#1474,#1475);
#1474 = CARTESIAN_POINT('',(0.375,-23.235,8.51));
#1475 = VECTOR('',#1476,1.);
#1476 = DIRECTION('',(0.,1.,0.));
#1477 = PCURVE('',#220,#1478);
#1478 = DEFINITIONAL_REPRESENTATION('',(#1479),#1483);
#1479 = LINE('',#1480,#1481);
#1480 = CARTESIAN_POINT('',(1.58,24.01));
#1481 = VECTOR('',#1482,1.);
#1482 = DIRECTION('',(0.,1.));
#1483 = ( GEOMETRIC_REPRESENTATION_CONTEXT(2) 
PARAMETRIC_REPRESENTATION_CONTEXT() REPRESENTATION_CONTEXT('2D SPACE',''
  ) );
#1484 = PCURVE('',#1485,#1490);
#1485 = PLANE('',#1486);
#1486 = AXIS2_PLACEMENT_3D('',#1487,#1488,#1489);
#1487 = CARTESIAN_POINT('',(0.375,-23.235,0.));
#1488 = DIRECTION('',(-1.,0.,0.));
#1489 = DIRECTION('',(0.,1.,0.));
#1490 = DEFINITIONAL_REPRESENTATION('',(#1491),#1495);
#1491 = LINE('',#1492,#1493);
#1492 = CARTESIAN_POINT('',(0.,-8.51));
#1493 = VECTOR('',#1494,1.);
#1494 = DIRECTION('',(1.,0.));
#1495 = ( GEOMETRIC_REPRESENTATION_CONTEXT(2) 
PARAMETRIC_REPRESENTATION_CONTEXT() REPRESENTATION_CONTEXT('2D SPACE',''
  ) );
#1496 = FACE_BOUND('',#1497,.T.);
#1497 = EDGE_LOOP('',(#1498,#1528,#1556,#1584));
#1498 = ORIENTED_EDGE('',*,*,#1499,.F.);
#1499 = EDGE_CURVE('',#1500,#1502,#1504,.T.);
#1500 = VERTEX_POINT('',#1501);
#1501 = CARTESIAN_POINT('',(-0.375,-20.695,8.51));
#1502 = VERTEX_POINT('',#1503);
#1503 = CARTESIAN_POINT('',(0.375,-20.695,8.51));
#1504 = SURFACE_CURVE('',#1505,(#1509,#1516),.PCURVE_S1.);
#1505 = LINE('',#1506,#1507);
#1506 = CARTESIAN_POINT('',(-0.375,-20.695,8.51));
#1507 = VECTOR('',#1508,1.);
#1508 = DIRECTION('',(1.,0.,0.));
#1509 = PCURVE('',#220,#1510);
#1510 = DEFINITIONAL_REPRESENTATION('',(#1511),#1515);
#1511 = LINE('',#1512,#1513);
#1512 = CARTESIAN_POINT('',(0.83,26.55));
#1513 = VECTOR('',#1514,1.);
#1514 = DIRECTION('',(1.,0.));
#1515 = ( GEOMETRIC_REPRESENTATION_CONTEXT(2) 
PARAMETRIC_REPRESENTATION_CONTEXT() REPRESENTATION_CONTEXT('2D SPACE',''
  ) );
#1516 = PCURVE('',#1517,#1522);
#1517 = PLANE('',#1518);
#1518 = AXIS2_PLACEMENT_3D('',#1519,#1520,#1521);
#1519 = CARTESIAN_POINT('',(-0.375,-20.695,0.));
#1520 = DIRECTION('',(0.,1.,0.));
#1521 = DIRECTION('',(1.,0.,0.));
#1522 = DEFINITIONAL_REPRESENTATION('',(#1523),#1527);
#1523 = LINE('',#1524,#1525);
#1524 = CARTESIAN_POINT('',(0.,-8.51));
#1525 = VECTOR('',#1526,1.);
#1526 = DIRECTION('',(1.,0.));
#1527 = ( GEOMETRIC_REPRESENTATION_CONTEXT(2) 
PARAMETRIC_REPRESENTATION_CONTEXT() REPRESENTATION_CONTEXT('2D SPACE',''
  ) );
#1528 = ORIENTED_EDGE('',*,*,#1529,.F.);
#1529 = EDGE_CURVE('',#1530,#1500,#1532,.T.);
#1530 = VERTEX_POINT('',#1531);
#1531 = CARTESIAN_POINT('',(-0.375,-19.945,8.51));
#1532 = SURFACE_CURVE('',#1533,(#1537,#1544),.PCURVE_S1.);
#1533 = LINE('',#1534,#1535);
#1534 = CARTESIAN_POINT('',(-0.375,-19.945,8.51));
#1535 = VECTOR('',#1536,1.);
#1536 = DIRECTION('',(0.,-1.,0.));
#1537 = PCURVE('',#220,#1538);
#1538 = DEFINITIONAL_REPRESENTATION('',(#1539),#1543);
#1539 = LINE('',#1540,#1541);
#1540 = CARTESIAN_POINT('',(0.83,27.3));
#1541 = VECTOR('',#1542,1.);
#1542 = DIRECTION('',(0.,-1.));
#1543 = ( GEOMETRIC_REPRESENTATION_CONTEXT(2) 
PARAMETRIC_REPRESENTATION_CONTEXT() REPRESENTATION_CONTEXT('2D SPACE',''
  ) );
#1544 = PCURVE('',#1545,#1550);
#1545 = PLANE('',#1546);
#1546 = AXIS2_PLACEMENT_3D('',#1547,#1548,#1549);
#1547 = CARTESIAN_POINT('',(-0.375,-19.945,0.));
#1548 = DIRECTION('',(1.,0.,-0.));
#1549 = DIRECTION('',(0.,-1.,0.));
#1550 = DEFINITIONAL_REPRESENTATION('',(#1551),#1555);
#1551 = LINE('',#1552,#1553);
#1552 = CARTESIAN_POINT('',(0.,-8.51));
#1553 = VECTOR('',#1554,1.);
#1554 = DIRECTION('',(1.,0.));
#1555 = ( GEOMETRIC_REPRESENTATION_CONTEXT(2) 
PARAMETRIC_REPRESENTATION_CONTEXT() REPRESENTATION_CONTEXT('2D SPACE',''
  ) );
#1556 = ORIENTED_EDGE('',*,*,#1557,.F.);
#1557 = EDGE_CURVE('',#1558,#1530,#1560,.T.);
#1558 = VERTEX_POINT('',#1559);
#1559 = CARTESIAN_POINT('',(0.375,-19.945,8.51));
#1560 = SURFACE_CURVE('',#1561,(#1565,#1572),.PCURVE_S1.);
#1561 = LINE('',#1562,#1563);
#1562 = CARTESIAN_POINT('',(0.375,-19.945,8.51));
#1563 = VECTOR('',#1564,1.);
#1564 = DIRECTION('',(-1.,0.,0.));
#1565 = PCURVE('',#220,#1566);
#1566 = DEFINITIONAL_REPRESENTATION('',(#1567),#1571);
#1567 = LINE('',#1568,#1569);
#1568 = CARTESIAN_POINT('',(1.58,27.3));
#1569 = VECTOR('',#1570,1.);
#1570 = DIRECTION('',(-1.,0.));
#1571 = ( GEOMETRIC_REPRESENTATION_CONTEXT(2) 
PARAMETRIC_REPRESENTATION_CONTEXT() REPRESENTATION_CONTEXT('2D SPACE',''
  ) );
#1572 = PCURVE('',#1573,#1578);
#1573 = PLANE('',#1574);
#1574 = AXIS2_PLACEMENT_3D('',#1575,#1576,#1577);
#1575 = CARTESIAN_POINT('',(0.375,-19.945,0.));
#1576 = DIRECTION('',(0.,-1.,0.));
#1577 = DIRECTION('',(-1.,0.,0.));
#1578 = DEFINITIONAL_REPRESENTATION('',(#1579),#1583);
#1579 = LINE('',#1580,#1581);
#1580 = CARTESIAN_POINT('',(0.,-8.51));
#1581 = VECTOR('',#1582,1.);
#1582 = DIRECTION('',(1.,0.));
#1583 = ( GEOMETRIC_REPRESENTATION_CONTEXT(2) 
PARAMETRIC_REPRESENTATION_CONTEXT() REPRESENTATION_CONTEXT('2D SPACE',''
  ) );
#1584 = ORIENTED_EDGE('',*,*,#1585,.F.);
#1585 = EDGE_CURVE('',#1502,#1558,#1586,.T.);
#1586 = SURFACE_CURVE('',#1587,(#1591,#1598),.PCURVE_S1.);
#1587 = LINE('',#1588,#1589);
#1588 = CARTESIAN_POINT('',(0.375,-20.695,8.51));
#1589 = VECTOR('',#1590,1.);
#1590 = DIRECTION('',(0.,1.,0.));
#1591 = PCURVE('',#220,#1592);
#1592 = DEFINITIONAL_REPRESENTATION('',(#1593),#1597);
#1593 = LINE('',#1594,#1595);
#1594 = CARTESIAN_POINT('',(1.58,26.55));
#1595 = VECTOR('',#1596,1.);
#1596 = DIRECTION('',(0.,1.));
#1597 = ( GEOMETRIC_REPRESENTATION_CONTEXT(2) 
PARAMETRIC_REPRESENTATION_CONTEXT() REPRESENTATION_CONTEXT('2D SPACE',''
  ) );
#1598 = PCURVE('',#1599,#1604);
#1599 = PLANE('',#1600);
#1600 = AXIS2_PLACEMENT_3D('',#1601,#1602,#1603);
#1601 = CARTESIAN_POINT('',(0.375,-20.695,0.));
#1602 = DIRECTION('',(-1.,0.,0.));
#1603 = DIRECTION('',(0.,1.,0.));
#1604 = DEFINITIONAL_REPRESENTATION('',(#1605),#1609);
#1605 = LINE('',#1606,#1607);
#1606 = CARTESIAN_POINT('',(0.,-8.51));
#1607 = VECTOR('',#1608,1.);
#1608 = DIRECTION('',(1.,0.));
#1609 = ( GEOMETRIC_REPRESENTATION_CONTEXT(2) 
PARAMETRIC_REPRESENTATION_CONTEXT() REPRESENTATION_CONTEXT('2D SPACE',''
  ) );
#1610 = FACE_BOUND('',#1611,.T.);
#1611 = EDGE_LOOP('',(#1612,#1642,#1670,#1698));
#1612 = ORIENTED_EDGE('',*,*,#1613,.F.);
#1613 = EDGE_CURVE('',#1614,#1616,#1618,.T.);
#1614 = VERTEX_POINT('',#1615);
#1615 = CARTESIAN_POINT('',(-0.375,-18.155,8.51));
#1616 = VERTEX_POINT('',#1617);
#1617 = CARTESIAN_POINT('',(0.375,-18.155,8.51));
#1618 = SURFACE_CURVE('',#1619,(#1623,#1630),.PCURVE_S1.);
#1619 = LINE('',#1620,#1621);
#1620 = CARTESIAN_POINT('',(-0.375,-18.155,8.51));
#1621 = VECTOR('',#1622,1.);
#1622 = DIRECTION('',(1.,0.,0.));
#1623 = PCURVE('',#220,#1624);
#1624 = DEFINITIONAL_REPRESENTATION('',(#1625),#1629);
#1625 = LINE('',#1626,#1627);
#1626 = CARTESIAN_POINT('',(0.83,29.09));
#1627 = VECTOR('',#1628,1.);
#1628 = DIRECTION('',(1.,0.));
#1629 = ( GEOMETRIC_REPRESENTATION_CONTEXT(2) 
PARAMETRIC_REPRESENTATION_CONTEXT() REPRESENTATION_CONTEXT('2D SPACE',''
  ) );
#1630 = PCURVE('',#1631,#1636);
#1631 = PLANE('',#1632);
#1632 = AXIS2_PLACEMENT_3D('',#1633,#1634,#1635);
#1633 = CARTESIAN_POINT('',(-0.375,-18.155,0.));
#1634 = DIRECTION('',(0.,1.,0.));
#1635 = DIRECTION('',(1.,0.,0.));
#1636 = DEFINITIONAL_REPRESENTATION('',(#1637),#1641);
#1637 = LINE('',#1638,#1639);
#1638 = CARTESIAN_POINT('',(0.,-8.51));
#1639 = VECTOR('',#1640,1.);
#1640 = DIRECTION('',(1.,0.));
#1641 = ( GEOMETRIC_REPRESENTATION_CONTEXT(2) 
PARAMETRIC_REPRESENTATION_CONTEXT() REPRESENTATION_CONTEXT('2D SPACE',''
  ) );
#1642 = ORIENTED_EDGE('',*,*,#1643,.F.);
#1643 = EDGE_CURVE('',#1644,#1614,#1646,.T.);
#1644 = VERTEX_POINT('',#1645);
#1645 = CARTESIAN_POINT('',(-0.375,-17.405,8.51));
#1646 = SURFACE_CURVE('',#1647,(#1651,#1658),.PCURVE_S1.);
#1647 = LINE('',#1648,#1649);
#1648 = CARTESIAN_POINT('',(-0.375,-17.405,8.51));
#1649 = VECTOR('',#1650,1.);
#1650 = DIRECTION('',(0.,-1.,0.));
#1651 = PCURVE('',#220,#1652);
#1652 = DEFINITIONAL_REPRESENTATION('',(#1653),#1657);
#1653 = LINE('',#1654,#1655);
#1654 = CARTESIAN_POINT('',(0.83,29.84));
#1655 = VECTOR('',#1656,1.);
#1656 = DIRECTION('',(0.,-1.));
#1657 = ( GEOMETRIC_REPRESENTATION_CONTEXT(2) 
PARAMETRIC_REPRESENTATION_CONTEXT() REPRESENTATION_CONTEXT('2D SPACE',''
  ) );
#1658 = PCURVE('',#1659,#1664);
#1659 = PLANE('',#1660);
#1660 = AXIS2_PLACEMENT_3D('',#1661,#1662,#1663);
#1661 = CARTESIAN_POINT('',(-0.375,-17.405,0.));
#1662 = DIRECTION('',(1.,0.,-0.));
#1663 = DIRECTION('',(0.,-1.,0.));
#1664 = DEFINITIONAL_REPRESENTATION('',(#1665),#1669);
#1665 = LINE('',#1666,#1667);
#1666 = CARTESIAN_POINT('',(0.,-8.51));
#1667 = VECTOR('',#1668,1.);
#1668 = DIRECTION('',(1.,0.));
#1669 = ( GEOMETRIC_REPRESENTATION_CONTEXT(2) 
PARAMETRIC_REPRESENTATION_CONTEXT() REPRESENTATION_CONTEXT('2D SPACE',''
  ) );
#1670 = ORIENTED_EDGE('',*,*,#1671,.F.);
#1671 = EDGE_CURVE('',#1672,#1644,#1674,.T.);
#1672 = VERTEX_POINT('',#1673);
#1673 = CARTESIAN_POINT('',(0.375,-17.405,8.51));
#1674 = SURFACE_CURVE('',#1675,(#1679,#1686),.PCURVE_S1.);
#1675 = LINE('',#1676,#1677);
#1676 = CARTESIAN_POINT('',(0.375,-17.405,8.51));
#1677 = VECTOR('',#1678,1.);
#1678 = DIRECTION('',(-1.,0.,0.));
#1679 = PCURVE('',#220,#1680);
#1680 = DEFINITIONAL_REPRESENTATION('',(#1681),#1685);
#1681 = LINE('',#1682,#1683);
#1682 = CARTESIAN_POINT('',(1.58,29.84));
#1683 = VECTOR('',#1684,1.);
#1684 = DIRECTION('',(-1.,0.));
#1685 = ( GEOMETRIC_REPRESENTATION_CONTEXT(2) 
PARAMETRIC_REPRESENTATION_CONTEXT() REPRESENTATION_CONTEXT('2D SPACE',''
  ) );
#1686 = PCURVE('',#1687,#1692);
#1687 = PLANE('',#1688);
#1688 = AXIS2_PLACEMENT_3D('',#1689,#1690,#1691);
#1689 = CARTESIAN_POINT('',(0.375,-17.405,0.));
#1690 = DIRECTION('',(0.,-1.,0.));
#1691 = DIRECTION('',(-1.,0.,0.));
#1692 = DEFINITIONAL_REPRESENTATION('',(#1693),#1697);
#1693 = LINE('',#1694,#1695);
#1694 = CARTESIAN_POINT('',(0.,-8.51));
#1695 = VECTOR('',#1696,1.);
#1696 = DIRECTION('',(1.,0.));
#1697 = ( GEOMETRIC_REPRESENTATION_CONTEXT(2) 
PARAMETRIC_REPRESENTATION_CONTEXT() REPRESENTATION_CONTEXT('2D SPACE',''
  ) );
#1698 = ORIENTED_EDGE('',*,*,#1699,.F.);
#1699 = EDGE_CURVE('',#1616,#1672,#1700,.T.);
#1700 = SURFACE_CURVE('',#1701,(#1705,#1712),.PCURVE_S1.);
#1701 = LINE('',#1702,#1703);
#1702 = CARTESIAN_POINT('',(0.375,-18.155,8.51));
#1703 = VECTOR('',#1704,1.);
#1704 = DIRECTION('',(0.,1.,0.));
#1705 = PCURVE('',#220,#1706);
#1706 = DEFINITIONAL_REPRESENTATION('',(#1707),#1711);
#1707 = LINE('',#1708,#1709);
#1708 = CARTESIAN_POINT('',(1.58,29.09));
#1709 = VECTOR('',#1710,1.);
#1710 = DIRECTION('',(0.,1.));
#1711 = ( GEOMETRIC_REPRESENTATION_CONTEXT(2) 
PARAMETRIC_REPRESENTATION_CONTEXT() REPRESENTATION_CONTEXT('2D SPACE',''
  ) );
#1712 = PCURVE('',#1713,#1718);
#1713 = PLANE('',#1714);
#1714 = AXIS2_PLACEMENT_3D('',#1715,#1716,#1717);
#1715 = CARTESIAN_POINT('',(0.375,-18.155,0.));
#1716 = DIRECTION('',(-1.,0.,0.));
#1717 = DIRECTION('',(0.,1.,0.));
#1718 = DEFINITIONAL_REPRESENTATION('',(#1719),#1723);
#1719 = LINE('',#1720,#1721);
#1720 = CARTESIAN_POINT('',(0.,-8.51));
#1721 = VECTOR('',#1722,1.);
#1722 = DIRECTION('',(1.,0.));
#1723 = ( GEOMETRIC_REPRESENTATION_CONTEXT(2) 
PARAMETRIC_REPRESENTATION_CONTEXT() REPRESENTATION_CONTEXT('2D SPACE',''
  ) );
#1724 = FACE_BOUND('',#1725,.T.);
#1725 = EDGE_LOOP('',(#1726,#1756,#1784,#1812));
#1726 = ORIENTED_EDGE('',*,*,#1727,.F.);
#1727 = EDGE_CURVE('',#1728,#1730,#1732,.T.);
#1728 = VERTEX_POINT('',#1729);
#1729 = CARTESIAN_POINT('',(-0.375,-15.615,8.51));
#1730 = VERTEX_POINT('',#1731);
#1731 = CARTESIAN_POINT('',(0.375,-15.615,8.51));
#1732 = SURFACE_CURVE('',#1733,(#1737,#1744),.PCURVE_S1.);
#1733 = LINE('',#1734,#1735);
#1734 = CARTESIAN_POINT('',(-0.375,-15.615,8.51));
#1735 = VECTOR('',#1736,1.);
#1736 = DIRECTION('',(1.,0.,0.));
#1737 = PCURVE('',#220,#1738);
#1738 = DEFINITIONAL_REPRESENTATION('',(#1739),#1743);
#1739 = LINE('',#1740,#1741);
#1740 = CARTESIAN_POINT('',(0.83,31.63));
#1741 = VECTOR('',#1742,1.);
#1742 = DIRECTION('',(1.,0.));
#1743 = ( GEOMETRIC_REPRESENTATION_CONTEXT(2) 
PARAMETRIC_REPRESENTATION_CONTEXT() REPRESENTATION_CONTEXT('2D SPACE',''
  ) );
#1744 = PCURVE('',#1745,#1750);
#1745 = PLANE('',#1746);
#1746 = AXIS2_PLACEMENT_3D('',#1747,#1748,#1749);
#1747 = CARTESIAN_POINT('',(-0.375,-15.615,0.));
#1748 = DIRECTION('',(0.,1.,0.));
#1749 = DIRECTION('',(1.,0.,0.));
#1750 = DEFINITIONAL_REPRESENTATION('',(#1751),#1755);
#1751 = LINE('',#1752,#1753);
#1752 = CARTESIAN_POINT('',(0.,-8.51));
#1753 = VECTOR('',#1754,1.);
#1754 = DIRECTION('',(1.,0.));
#1755 = ( GEOMETRIC_REPRESENTATION_CONTEXT(2) 
PARAMETRIC_REPRESENTATION_CONTEXT() REPRESENTATION_CONTEXT('2D SPACE',''
  ) );
#1756 = ORIENTED_EDGE('',*,*,#1757,.F.);
#1757 = EDGE_CURVE('',#1758,#1728,#1760,.T.);
#1758 = VERTEX_POINT('',#1759);
#1759 = CARTESIAN_POINT('',(-0.375,-14.865,8.51));
#1760 = SURFACE_CURVE('',#1761,(#1765,#1772),.PCURVE_S1.);
#1761 = LINE('',#1762,#1763);
#1762 = CARTESIAN_POINT('',(-0.375,-14.865,8.51));
#1763 = VECTOR('',#1764,1.);
#1764 = DIRECTION('',(0.,-1.,0.));
#1765 = PCURVE('',#220,#1766);
#1766 = DEFINITIONAL_REPRESENTATION('',(#1767),#1771);
#1767 = LINE('',#1768,#1769);
#1768 = CARTESIAN_POINT('',(0.83,32.38));
#1769 = VECTOR('',#1770,1.);
#1770 = DIRECTION('',(0.,-1.));
#1771 = ( GEOMETRIC_REPRESENTATION_CONTEXT(2) 
PARAMETRIC_REPRESENTATION_CONTEXT() REPRESENTATION_CONTEXT('2D SPACE',''
  ) );
#1772 = PCURVE('',#1773,#1778);
#1773 = PLANE('',#1774);
#1774 = AXIS2_PLACEMENT_3D('',#1775,#1776,#1777);
#1775 = CARTESIAN_POINT('',(-0.375,-14.865,0.));
#1776 = DIRECTION('',(1.,0.,-0.));
#1777 = DIRECTION('',(0.,-1.,0.));
#1778 = DEFINITIONAL_REPRESENTATION('',(#1779),#1783);
#1779 = LINE('',#1780,#1781);
#1780 = CARTESIAN_POINT('',(0.,-8.51));
#1781 = VECTOR('',#1782,1.);
#1782 = DIRECTION('',(1.,0.));
#1783 = ( GEOMETRIC_REPRESENTATION_CONTEXT(2) 
PARAMETRIC_REPRESENTATION_CONTEXT() REPRESENTATION_CONTEXT('2D SPACE',''
  ) );
#1784 = ORIENTED_EDGE('',*,*,#1785,.F.);
#1785 = EDGE_CURVE('',#1786,#1758,#1788,.T.);
#1786 = VERTEX_POINT('',#1787);
#1787 = CARTESIAN_POINT('',(0.375,-14.865,8.51));
#1788 = SURFACE_CURVE('',#1789,(#1793,#1800),.PCURVE_S1.);
#1789 = LINE('',#1790,#1791);
#1790 = CARTESIAN_POINT('',(0.375,-14.865,8.51));
#1791 = VECTOR('',#1792,1.);
#1792 = DIRECTION('',(-1.,0.,0.));
#1793 = PCURVE('',#220,#1794);
#1794 = DEFINITIONAL_REPRESENTATION('',(#1795),#1799);
#1795 = LINE('',#1796,#1797);
#1796 = CARTESIAN_POINT('',(1.58,32.38));
#1797 = VECTOR('',#1798,1.);
#1798 = DIRECTION('',(-1.,0.));
#1799 = ( GEOMETRIC_REPRESENTATION_CONTEXT(2) 
PARAMETRIC_REPRESENTATION_CONTEXT() REPRESENTATION_CONTEXT('2D SPACE',''
  ) );
#1800 = PCURVE('',#1801,#1806);
#1801 = PLANE('',#1802);
#1802 = AXIS2_PLACEMENT_3D('',#1803,#1804,#1805);
#1803 = CARTESIAN_POINT('',(0.375,-14.865,0.));
#1804 = DIRECTION('',(0.,-1.,0.));
#1805 = DIRECTION('',(-1.,0.,0.));
#1806 = DEFINITIONAL_REPRESENTATION('',(#1807),#1811);
#1807 = LINE('',#1808,#1809);
#1808 = CARTESIAN_POINT('',(0.,-8.51));
#1809 = VECTOR('',#1810,1.);
#1810 = DIRECTION('',(1.,0.));
#1811 = ( GEOMETRIC_REPRESENTATION_CONTEXT(2) 
PARAMETRIC_REPRESENTATION_CONTEXT() REPRESENTATION_CONTEXT('2D SPACE',''
  ) );
#1812 = ORIENTED_EDGE('',*,*,#1813,.F.);
#1813 = EDGE_CURVE('',#1730,#1786,#1814,.T.);
#1814 = SURFACE_CURVE('',#1815,(#1819,#1826),.PCURVE_S1.);
#1815 = LINE('',#1816,#1817);
#1816 = CARTESIAN_POINT('',(0.375,-15.615,8.51));
#1817 = VECTOR('',#1818,1.);
#1818 = DIRECTION('',(0.,1.,0.));
#1819 = PCURVE('',#220,#1820);
#1820 = DEFINITIONAL_REPRESENTATION('',(#1821),#1825);
#1821 = LINE('',#1822,#1823);
#1822 = CARTESIAN_POINT('',(1.58,31.63));
#1823 = VECTOR('',#1824,1.);
#1824 = DIRECTION('',(0.,1.));
#1825 = ( GEOMETRIC_REPRESENTATION_CONTEXT(2) 
PARAMETRIC_REPRESENTATION_CONTEXT() REPRESENTATION_CONTEXT('2D SPACE',''
  ) );
#1826 = PCURVE('',#1827,#1832);
#1827 = PLANE('',#1828);
#1828 = AXIS2_PLACEMENT_3D('',#1829,#1830,#1831);
#1829 = CARTESIAN_POINT('',(0.375,-15.615,0.));
#1830 = DIRECTION('',(-1.,0.,0.));
#1831 = DIRECTION('',(0.,1.,0.));
#1832 = DEFINITIONAL_REPRESENTATION('',(#1833),#1837);
#1833 = LINE('',#1834,#1835);
#1834 = CARTESIAN_POINT('',(0.,-8.51));
#1835 = VECTOR('',#1836,1.);
#1836 = DIRECTION('',(1.,0.));
#1837 = ( GEOMETRIC_REPRESENTATION_CONTEXT(2) 
PARAMETRIC_REPRESENTATION_CONTEXT() REPRESENTATION_CONTEXT('2D SPACE',''
  ) );
#1838 = FACE_BOUND('',#1839,.T.);
#1839 = EDGE_LOOP('',(#1840,#1870,#1898,#1926));
#1840 = ORIENTED_EDGE('',*,*,#1841,.F.);
#1841 = EDGE_CURVE('',#1842,#1844,#1846,.T.);
#1842 = VERTEX_POINT('',#1843);
#1843 = CARTESIAN_POINT('',(-0.375,-13.075,8.51));
#1844 = VERTEX_POINT('',#1845);
#1845 = CARTESIAN_POINT('',(0.375,-13.075,8.51));
#1846 = SURFACE_CURVE('',#1847,(#1851,#1858),.PCURVE_S1.);
#1847 = LINE('',#1848,#1849);
#1848 = CARTESIAN_POINT('',(-0.375,-13.075,8.51));
#1849 = VECTOR('',#1850,1.);
#1850 = DIRECTION('',(1.,0.,0.));
#1851 = PCURVE('',#220,#1852);
#1852 = DEFINITIONAL_REPRESENTATION('',(#1853),#1857);
#1853 = LINE('',#1854,#1855);
#1854 = CARTESIAN_POINT('',(0.83,34.17));
#1855 = VECTOR('',#1856,1.);
#1856 = DIRECTION('',(1.,0.));
#1857 = ( GEOMETRIC_REPRESENTATION_CONTEXT(2) 
PARAMETRIC_REPRESENTATION_CONTEXT() REPRESENTATION_CONTEXT('2D SPACE',''
  ) );
#1858 = PCURVE('',#1859,#1864);
#1859 = PLANE('',#1860);
#1860 = AXIS2_PLACEMENT_3D('',#1861,#1862,#1863);
#1861 = CARTESIAN_POINT('',(-0.375,-13.075,0.));
#1862 = DIRECTION('',(0.,1.,0.));
#1863 = DIRECTION('',(1.,0.,0.));
#1864 = DEFINITIONAL_REPRESENTATION('',(#1865),#1869);
#1865 = LINE('',#1866,#1867);
#1866 = CARTESIAN_POINT('',(0.,-8.51));
#1867 = VECTOR('',#1868,1.);
#1868 = DIRECTION('',(1.,0.));
#1869 = ( GEOMETRIC_REPRESENTATION_CONTEXT(2) 
PARAMETRIC_REPRESENTATION_CONTEXT() REPRESENTATION_CONTEXT('2D SPACE',''
  ) );
#1870 = ORIENTED_EDGE('',*,*,#1871,.F.);
#1871 = EDGE_CURVE('',#1872,#1842,#1874,.T.);
#1872 = VERTEX_POINT('',#1873);
#1873 = CARTESIAN_POINT('',(-0.375,-12.325,8.51));
#1874 = SURFACE_CURVE('',#1875,(#1879,#1886),.PCURVE_S1.);
#1875 = LINE('',#1876,#1877);
#1876 = CARTESIAN_POINT('',(-0.375,-12.325,8.51));
#1877 = VECTOR('',#1878,1.);
#1878 = DIRECTION('',(0.,-1.,0.));
#1879 = PCURVE('',#220,#1880);
#1880 = DEFINITIONAL_REPRESENTATION('',(#1881),#1885);
#1881 = LINE('',#1882,#1883);
#1882 = CARTESIAN_POINT('',(0.83,34.92));
#1883 = VECTOR('',#1884,1.);
#1884 = DIRECTION('',(0.,-1.));
#1885 = ( GEOMETRIC_REPRESENTATION_CONTEXT(2) 
PARAMETRIC_REPRESENTATION_CONTEXT() REPRESENTATION_CONTEXT('2D SPACE',''
  ) );
#1886 = PCURVE('',#1887,#1892);
#1887 = PLANE('',#1888);
#1888 = AXIS2_PLACEMENT_3D('',#1889,#1890,#1891);
#1889 = CARTESIAN_POINT('',(-0.375,-12.325,0.));
#1890 = DIRECTION('',(1.,0.,-0.));
#1891 = DIRECTION('',(0.,-1.,0.));
#1892 = DEFINITIONAL_REPRESENTATION('',(#1893),#1897);
#1893 = LINE('',#1894,#1895);
#1894 = CARTESIAN_POINT('',(0.,-8.51));
#1895 = VECTOR('',#1896,1.);
#1896 = DIRECTION('',(1.,0.));
#1897 = ( GEOMETRIC_REPRESENTATION_CONTEXT(2) 
PARAMETRIC_REPRESENTATION_CONTEXT() REPRESENTATION_CONTEXT('2D SPACE',''
  ) );
#1898 = ORIENTED_EDGE('',*,*,#1899,.F.);
#1899 = EDGE_CURVE('',#1900,#1872,#1902,.T.);
#1900 = VERTEX_POINT('',#1901);
#1901 = CARTESIAN_POINT('',(0.375,-12.325,8.51));
#1902 = SURFACE_CURVE('',#1903,(#1907,#1914),.PCURVE_S1.);
#1903 = LINE('',#1904,#1905);
#1904 = CARTESIAN_POINT('',(0.375,-12.325,8.51));
#1905 = VECTOR('',#1906,1.);
#1906 = DIRECTION('',(-1.,0.,0.));
#1907 = PCURVE('',#220,#1908);
#1908 = DEFINITIONAL_REPRESENTATION('',(#1909),#1913);
#1909 = LINE('',#1910,#1911);
#1910 = CARTESIAN_POINT('',(1.58,34.92));
#1911 = VECTOR('',#1912,1.);
#1912 = DIRECTION('',(-1.,0.));
#1913 = ( GEOMETRIC_REPRESENTATION_CONTEXT(2) 
PARAMETRIC_REPRESENTATION_CONTEXT() REPRESENTATION_CONTEXT('2D SPACE',''
  ) );
#1914 = PCURVE('',#1915,#1920);
#1915 = PLANE('',#1916);
#1916 = AXIS2_PLACEMENT_3D('',#1917,#1918,#1919);
#1917 = CARTESIAN_POINT('',(0.375,-12.325,0.));
#1918 = DIRECTION('',(0.,-1.,0.));
#1919 = DIRECTION('',(-1.,0.,0.));
#1920 = DEFINITIONAL_REPRESENTATION('',(#1921),#1925);
#1921 = LINE('',#1922,#1923);
#1922 = CARTESIAN_POINT('',(0.,-8.51));
#1923 = VECTOR('',#1924,1.);
#1924 = DIRECTION('',(1.,0.));
#1925 = ( GEOMETRIC_REPRESENTATION_CONTEXT(2) 
PARAMETRIC_REPRESENTATION_CONTEXT() REPRESENTATION_CONTEXT('2D SPACE',''
  ) );
#1926 = ORIENTED_EDGE('',*,*,#1927,.F.);
#1927 = EDGE_CURVE('',#1844,#1900,#1928,.T.);
#1928 = SURFACE_CURVE('',#1929,(#1933,#1940),.PCURVE_S1.);
#1929 = LINE('',#1930,#1931);
#1930 = CARTESIAN_POINT('',(0.375,-13.075,8.51));
#1931 = VECTOR('',#1932,1.);
#1932 = DIRECTION('',(0.,1.,0.));
#1933 = PCURVE('',#220,#1934);
#1934 = DEFINITIONAL_REPRESENTATION('',(#1935),#1939);
#1935 = LINE('',#1936,#1937);
#1936 = CARTESIAN_POINT('',(1.58,34.17));
#1937 = VECTOR('',#1938,1.);
#1938 = DIRECTION('',(0.,1.));
#1939 = ( GEOMETRIC_REPRESENTATION_CONTEXT(2) 
PARAMETRIC_REPRESENTATION_CONTEXT() REPRESENTATION_CONTEXT('2D SPACE',''
  ) );
#1940 = PCURVE('',#1941,#1946);
#1941 = PLANE('',#1942);
#1942 = AXIS2_PLACEMENT_3D('',#1943,#1944,#1945);
#1943 = CARTESIAN_POINT('',(0.375,-13.075,0.));
#1944 = DIRECTION('',(-1.,0.,0.));
#1945 = DIRECTION('',(0.,1.,0.));
#1946 = DEFINITIONAL_REPRESENTATION('',(#1947),#1951);
#1947 = LINE('',#1948,#1949);
#1948 = CARTESIAN_POINT('',(0.,-8.51));
#1949 = VECTOR('',#1950,1.);
#1950 = DIRECTION('',(1.,0.));
#1951 = ( GEOMETRIC_REPRESENTATION_CONTEXT(2) 
PARAMETRIC_REPRESENTATION_CONTEXT() REPRESENTATION_CONTEXT('2D SPACE',''
  ) );
#1952 = FACE_BOUND('',#1953,.T.);
#1953 = EDGE_LOOP('',(#1954,#1984,#2012,#2040));
#1954 = ORIENTED_EDGE('',*,*,#1955,.F.);
#1955 = EDGE_CURVE('',#1956,#1958,#1960,.T.);
#1956 = VERTEX_POINT('',#1957);
#1957 = CARTESIAN_POINT('',(-0.375,-10.535,8.51));
#1958 = VERTEX_POINT('',#1959);
#1959 = CARTESIAN_POINT('',(0.375,-10.535,8.51));
#1960 = SURFACE_CURVE('',#1961,(#1965,#1972),.PCURVE_S1.);
#1961 = LINE('',#1962,#1963);
#1962 = CARTESIAN_POINT('',(-0.375,-10.535,8.51));
#1963 = VECTOR('',#1964,1.);
#1964 = DIRECTION('',(1.,0.,0.));
#1965 = PCURVE('',#220,#1966);
#1966 = DEFINITIONAL_REPRESENTATION('',(#1967),#1971);
#1967 = LINE('',#1968,#1969);
#1968 = CARTESIAN_POINT('',(0.83,36.71));
#1969 = VECTOR('',#1970,1.);
#1970 = DIRECTION('',(1.,0.));
#1971 = ( GEOMETRIC_REPRESENTATION_CONTEXT(2) 
PARAMETRIC_REPRESENTATION_CONTEXT() REPRESENTATION_CONTEXT('2D SPACE',''
  ) );
#1972 = PCURVE('',#1973,#1978);
#1973 = PLANE('',#1974);
#1974 = AXIS2_PLACEMENT_3D('',#1975,#1976,#1977);
#1975 = CARTESIAN_POINT('',(-0.375,-10.535,0.));
#1976 = DIRECTION('',(0.,1.,0.));
#1977 = DIRECTION('',(1.,0.,0.));
#1978 = DEFINITIONAL_REPRESENTATION('',(#1979),#1983);
#1979 = LINE('',#1980,#1981);
#1980 = CARTESIAN_POINT('',(0.,-8.51));
#1981 = VECTOR('',#1982,1.);
#1982 = DIRECTION('',(1.,0.));
#1983 = ( GEOMETRIC_REPRESENTATION_CONTEXT(2) 
PARAMETRIC_REPRESENTATION_CONTEXT() REPRESENTATION_CONTEXT('2D SPACE',''
  ) );
#1984 = ORIENTED_EDGE('',*,*,#1985,.F.);
#1985 = EDGE_CURVE('',#1986,#1956,#1988,.T.);
#1986 = VERTEX_POINT('',#1987);
#1987 = CARTESIAN_POINT('',(-0.375,-9.785,8.51));
#1988 = SURFACE_CURVE('',#1989,(#1993,#2000),.PCURVE_S1.);
#1989 = LINE('',#1990,#1991);
#1990 = CARTESIAN_POINT('',(-0.375,-9.785,8.51));
#1991 = VECTOR('',#1992,1.);
#1992 = DIRECTION('',(0.,-1.,0.));
#1993 = PCURVE('',#220,#1994);
#1994 = DEFINITIONAL_REPRESENTATION('',(#1995),#1999);
#1995 = LINE('',#1996,#1997);
#1996 = CARTESIAN_POINT('',(0.83,37.46));
#1997 = VECTOR('',#1998,1.);
#1998 = DIRECTION('',(0.,-1.));
#1999 = ( GEOMETRIC_REPRESENTATION_CONTEXT(2) 
PARAMETRIC_REPRESENTATION_CONTEXT() REPRESENTATION_CONTEXT('2D SPACE',''
  ) );
#2000 = PCURVE('',#2001,#2006);
#2001 = PLANE('',#2002);
#2002 = AXIS2_PLACEMENT_3D('',#2003,#2004,#2005);
#2003 = CARTESIAN_POINT('',(-0.375,-9.785,0.));
#2004 = DIRECTION('',(1.,0.,-0.));
#2005 = DIRECTION('',(0.,-1.,0.));
#2006 = DEFINITIONAL_REPRESENTATION('',(#2007),#2011);
#2007 = LINE('',#2008,#2009);
#2008 = CARTESIAN_POINT('',(0.,-8.51));
#2009 = VECTOR('',#2010,1.);
#2010 = DIRECTION('',(1.,0.));
#2011 = ( GEOMETRIC_REPRESENTATION_CONTEXT(2) 
PARAMETRIC_REPRESENTATION_CONTEXT() REPRESENTATION_CONTEXT('2D SPACE',''
  ) );
#2012 = ORIENTED_EDGE('',*,*,#2013,.F.);
#2013 = EDGE_CURVE('',#2014,#1986,#2016,.T.);
#2014 = VERTEX_POINT('',#2015);
#2015 = CARTESIAN_POINT('',(0.375,-9.785,8.51));
#2016 = SURFACE_CURVE('',#2017,(#2021,#2028),.PCURVE_S1.);
#2017 = LINE('',#2018,#2019);
#2018 = CARTESIAN_POINT('',(0.375,-9.785,8.51));
#2019 = VECTOR('',#2020,1.);
#2020 = DIRECTION('',(-1.,0.,0.));
#2021 = PCURVE('',#220,#2022);
#2022 = DEFINITIONAL_REPRESENTATION('',(#2023),#2027);
#2023 = LINE('',#2024,#2025);
#2024 = CARTESIAN_POINT('',(1.58,37.46));
#2025 = VECTOR('',#2026,1.);
#2026 = DIRECTION('',(-1.,0.));
#2027 = ( GEOMETRIC_REPRESENTATION_CONTEXT(2) 
PARAMETRIC_REPRESENTATION_CONTEXT() REPRESENTATION_CONTEXT('2D SPACE',''
  ) );
#2028 = PCURVE('',#2029,#2034);
#2029 = PLANE('',#2030);
#2030 = AXIS2_PLACEMENT_3D('',#2031,#2032,#2033);
#2031 = CARTESIAN_POINT('',(0.375,-9.785,0.));
#2032 = DIRECTION('',(0.,-1.,0.));
#2033 = DIRECTION('',(-1.,0.,0.));
#2034 = DEFINITIONAL_REPRESENTATION('',(#2035),#2039);
#2035 = LINE('',#2036,#2037);
#2036 = CARTESIAN_POINT('',(0.,-8.51));
#2037 = VECTOR('',#2038,1.);
#2038 = DIRECTION('',(1.,0.));
#2039 = ( GEOMETRIC_REPRESENTATION_CONTEXT(2) 
PARAMETRIC_REPRESENTATION_CONTEXT() REPRESENTATION_CONTEXT('2D SPACE',''
  ) );
#2040 = ORIENTED_EDGE('',*,*,#2041,.F.);
#2041 = EDGE_CURVE('',#1958,#2014,#2042,.T.);
#2042 = SURFACE_CURVE('',#2043,(#2047,#2054),.PCURVE_S1.);
#2043 = LINE('',#2044,#2045);
#2044 = CARTESIAN_POINT('',(0.375,-10.535,8.51));
#2045 = VECTOR('',#2046,1.);
#2046 = DIRECTION('',(0.,1.,0.));
#2047 = PCURVE('',#220,#2048);
#2048 = DEFINITIONAL_REPRESENTATION('',(#2049),#2053);
#2049 = LINE('',#2050,#2051);
#2050 = CARTESIAN_POINT('',(1.58,36.71));
#2051 = VECTOR('',#2052,1.);
#2052 = DIRECTION('',(0.,1.));
#2053 = ( GEOMETRIC_REPRESENTATION_CONTEXT(2) 
PARAMETRIC_REPRESENTATION_CONTEXT() REPRESENTATION_CONTEXT('2D SPACE',''
  ) );
#2054 = PCURVE('',#2055,#2060);
#2055 = PLANE('',#2056);
#2056 = AXIS2_PLACEMENT_3D('',#2057,#2058,#2059);
#2057 = CARTESIAN_POINT('',(0.375,-10.535,0.));
#2058 = DIRECTION('',(-1.,0.,0.));
#2059 = DIRECTION('',(0.,1.,0.));
#2060 = DEFINITIONAL_REPRESENTATION('',(#2061),#2065);
#2061 = LINE('',#2062,#2063);
#2062 = CARTESIAN_POINT('',(0.,-8.51));
#2063 = VECTOR('',#2064,1.);
#2064 = DIRECTION('',(1.,0.));
#2065 = ( GEOMETRIC_REPRESENTATION_CONTEXT(2) 
PARAMETRIC_REPRESENTATION_CONTEXT() REPRESENTATION_CONTEXT('2D SPACE',''
  ) );
#2066 = FACE_BOUND('',#2067,.T.);
#2067 = EDGE_LOOP('',(#2068,#2098,#2126,#2154));
#2068 = ORIENTED_EDGE('',*,*,#2069,.F.);
#2069 = EDGE_CURVE('',#2070,#2072,#2074,.T.);
#2070 = VERTEX_POINT('',#2071);
#2071 = CARTESIAN_POINT('',(-0.375,-7.995,8.51));
#2072 = VERTEX_POINT('',#2073);
#2073 = CARTESIAN_POINT('',(0.375,-7.995,8.51));
#2074 = SURFACE_CURVE('',#2075,(#2079,#2086),.PCURVE_S1.);
#2075 = LINE('',#2076,#2077);
#2076 = CARTESIAN_POINT('',(-0.375,-7.995,8.51));
#2077 = VECTOR('',#2078,1.);
#2078 = DIRECTION('',(1.,0.,0.));
#2079 = PCURVE('',#220,#2080);
#2080 = DEFINITIONAL_REPRESENTATION('',(#2081),#2085);
#2081 = LINE('',#2082,#2083);
#2082 = CARTESIAN_POINT('',(0.83,39.25));
#2083 = VECTOR('',#2084,1.);
#2084 = DIRECTION('',(1.,0.));
#2085 = ( GEOMETRIC_REPRESENTATION_CONTEXT(2) 
PARAMETRIC_REPRESENTATION_CONTEXT() REPRESENTATION_CONTEXT('2D SPACE',''
  ) );
#2086 = PCURVE('',#2087,#2092);
#2087 = PLANE('',#2088);
#2088 = AXIS2_PLACEMENT_3D('',#2089,#2090,#2091);
#2089 = CARTESIAN_POINT('',(-0.375,-7.995,0.));
#2090 = DIRECTION('',(0.,1.,0.));
#2091 = DIRECTION('',(1.,0.,0.));
#2092 = DEFINITIONAL_REPRESENTATION('',(#2093),#2097);
#2093 = LINE('',#2094,#2095);
#2094 = CARTESIAN_POINT('',(0.,-8.51));
#2095 = VECTOR('',#2096,1.);
#2096 = DIRECTION('',(1.,0.));
#2097 = ( GEOMETRIC_REPRESENTATION_CONTEXT(2) 
PARAMETRIC_REPRESENTATION_CONTEXT() REPRESENTATION_CONTEXT('2D SPACE',''
  ) );
#2098 = ORIENTED_EDGE('',*,*,#2099,.F.);
#2099 = EDGE_CURVE('',#2100,#2070,#2102,.T.);
#2100 = VERTEX_POINT('',#2101);
#2101 = CARTESIAN_POINT('',(-0.375,-7.245,8.51));
#2102 = SURFACE_CURVE('',#2103,(#2107,#2114),.PCURVE_S1.);
#2103 = LINE('',#2104,#2105);
#2104 = CARTESIAN_POINT('',(-0.375,-7.245,8.51));
#2105 = VECTOR('',#2106,1.);
#2106 = DIRECTION('',(0.,-1.,0.));
#2107 = PCURVE('',#220,#2108);
#2108 = DEFINITIONAL_REPRESENTATION('',(#2109),#2113);
#2109 = LINE('',#2110,#2111);
#2110 = CARTESIAN_POINT('',(0.83,40.));
#2111 = VECTOR('',#2112,1.);
#2112 = DIRECTION('',(0.,-1.));
#2113 = ( GEOMETRIC_REPRESENTATION_CONTEXT(2) 
PARAMETRIC_REPRESENTATION_CONTEXT() REPRESENTATION_CONTEXT('2D SPACE',''
  ) );
#2114 = PCURVE('',#2115,#2120);
#2115 = PLANE('',#2116);
#2116 = AXIS2_PLACEMENT_3D('',#2117,#2118,#2119);
#2117 = CARTESIAN_POINT('',(-0.375,-7.245,0.));
#2118 = DIRECTION('',(1.,0.,-0.));
#2119 = DIRECTION('',(0.,-1.,0.));
#2120 = DEFINITIONAL_REPRESENTATION('',(#2121),#2125);
#2121 = LINE('',#2122,#2123);
#2122 = CARTESIAN_POINT('',(0.,-8.51));
#2123 = VECTOR('',#2124,1.);
#2124 = DIRECTION('',(1.,0.));
#2125 = ( GEOMETRIC_REPRESENTATION_CONTEXT(2) 
PARAMETRIC_REPRESENTATION_CONTEXT() REPRESENTATION_CONTEXT('2D SPACE',''
  ) );
#2126 = ORIENTED_EDGE('',*,*,#2127,.F.);
#2127 = EDGE_CURVE('',#2128,#2100,#2130,.T.);
#2128 = VERTEX_POINT('',#2129);
#2129 = CARTESIAN_POINT('',(0.375,-7.245,8.51));
#2130 = SURFACE_CURVE('',#2131,(#2135,#2142),.PCURVE_S1.);
#2131 = LINE('',#2132,#2133);
#2132 = CARTESIAN_POINT('',(0.375,-7.245,8.51));
#2133 = VECTOR('',#2134,1.);
#2134 = DIRECTION('',(-1.,0.,0.));
#2135 = PCURVE('',#220,#2136);
#2136 = DEFINITIONAL_REPRESENTATION('',(#2137),#2141);
#2137 = LINE('',#2138,#2139);
#2138 = CARTESIAN_POINT('',(1.58,40.));
#2139 = VECTOR('',#2140,1.);
#2140 = DIRECTION('',(-1.,0.));
#2141 = ( GEOMETRIC_REPRESENTATION_CONTEXT(2) 
PARAMETRIC_REPRESENTATION_CONTEXT() REPRESENTATION_CONTEXT('2D SPACE',''
  ) );
#2142 = PCURVE('',#2143,#2148);
#2143 = PLANE('',#2144);
#2144 = AXIS2_PLACEMENT_3D('',#2145,#2146,#2147);
#2145 = CARTESIAN_POINT('',(0.375,-7.245,0.));
#2146 = DIRECTION('',(0.,-1.,0.));
#2147 = DIRECTION('',(-1.,0.,0.));
#2148 = DEFINITIONAL_REPRESENTATION('',(#2149),#2153);
#2149 = LINE('',#2150,#2151);
#2150 = CARTESIAN_POINT('',(0.,-8.51));
#2151 = VECTOR('',#2152,1.);
#2152 = DIRECTION('',(1.,0.));
#2153 = ( GEOMETRIC_REPRESENTATION_CONTEXT(2) 
PARAMETRIC_REPRESENTATION_CONTEXT() REPRESENTATION_CONTEXT('2D SPACE',''
  ) );
#2154 = ORIENTED_EDGE('',*,*,#2155,.F.);
#2155 = EDGE_CURVE('',#2072,#2128,#2156,.T.);
#2156 = SURFACE_CURVE('',#2157,(#2161,#2168),.PCURVE_S1.);
#2157 = LINE('',#2158,#2159);
#2158 = CARTESIAN_POINT('',(0.375,-7.995,8.51));
#2159 = VECTOR('',#2160,1.);
#2160 = DIRECTION('',(0.,1.,0.));
#2161 = PCURVE('',#220,#2162);
#2162 = DEFINITIONAL_REPRESENTATION('',(#2163),#2167);
#2163 = LINE('',#2164,#2165);
#2164 = CARTESIAN_POINT('',(1.58,39.25));
#2165 = VECTOR('',#2166,1.);
#2166 = DIRECTION('',(0.,1.));
#2167 = ( GEOMETRIC_REPRESENTATION_CONTEXT(2) 
PARAMETRIC_REPRESENTATION_CONTEXT() REPRESENTATION_CONTEXT('2D SPACE',''
  ) );
#2168 = PCURVE('',#2169,#2174);
#2169 = PLANE('',#2170);
#2170 = AXIS2_PLACEMENT_3D('',#2171,#2172,#2173);
#2171 = CARTESIAN_POINT('',(0.375,-7.995,0.));
#2172 = DIRECTION('',(-1.,0.,0.));
#2173 = DIRECTION('',(0.,1.,0.));
#2174 = DEFINITIONAL_REPRESENTATION('',(#2175),#2179);
#2175 = LINE('',#2176,#2177);
#2176 = CARTESIAN_POINT('',(0.,-8.51));
#2177 = VECTOR('',#2178,1.);
#2178 = DIRECTION('',(1.,0.));
#2179 = ( GEOMETRIC_REPRESENTATION_CONTEXT(2) 
PARAMETRIC_REPRESENTATION_CONTEXT() REPRESENTATION_CONTEXT('2D SPACE',''
  ) );
#2180 = FACE_BOUND('',#2181,.T.);
#2181 = EDGE_LOOP('',(#2182,#2212,#2240,#2268));
#2182 = ORIENTED_EDGE('',*,*,#2183,.F.);
#2183 = EDGE_CURVE('',#2184,#2186,#2188,.T.);
#2184 = VERTEX_POINT('',#2185);
#2185 = CARTESIAN_POINT('',(-0.375,-5.455,8.51));
#2186 = VERTEX_POINT('',#2187);
#2187 = CARTESIAN_POINT('',(0.375,-5.455,8.51));
#2188 = SURFACE_CURVE('',#2189,(#2193,#2200),.PCURVE_S1.);
#2189 = LINE('',#2190,#2191);
#2190 = CARTESIAN_POINT('',(-0.375,-5.455,8.51));
#2191 = VECTOR('',#2192,1.);
#2192 = DIRECTION('',(1.,0.,0.));
#2193 = PCURVE('',#220,#2194);
#2194 = DEFINITIONAL_REPRESENTATION('',(#2195),#2199);
#2195 = LINE('',#2196,#2197);
#2196 = CARTESIAN_POINT('',(0.83,41.79));
#2197 = VECTOR('',#2198,1.);
#2198 = DIRECTION('',(1.,0.));
#2199 = ( GEOMETRIC_REPRESENTATION_CONTEXT(2) 
PARAMETRIC_REPRESENTATION_CONTEXT() REPRESENTATION_CONTEXT('2D SPACE',''
  ) );
#2200 = PCURVE('',#2201,#2206);
#2201 = PLANE('',#2202);
#2202 = AXIS2_PLACEMENT_3D('',#2203,#2204,#2205);
#2203 = CARTESIAN_POINT('',(-0.375,-5.455,0.));
#2204 = DIRECTION('',(0.,1.,0.));
#2205 = DIRECTION('',(1.,0.,0.));
#2206 = DEFINITIONAL_REPRESENTATION('',(#2207),#2211);
#2207 = LINE('',#2208,#2209);
#2208 = CARTESIAN_POINT('',(0.,-8.51));
#2209 = VECTOR('',#2210,1.);
#2210 = DIRECTION('',(1.,0.));
#2211 = ( GEOMETRIC_REPRESENTATION_CONTEXT(2) 
PARAMETRIC_REPRESENTATION_CONTEXT() REPRESENTATION_CONTEXT('2D SPACE',''
  ) );
#2212 = ORIENTED_EDGE('',*,*,#2213,.F.);
#2213 = EDGE_CURVE('',#2214,#2184,#2216,.T.);
#2214 = VERTEX_POINT('',#2215);
#2215 = CARTESIAN_POINT('',(-0.375,-4.705,8.51));
#2216 = SURFACE_CURVE('',#2217,(#2221,#2228),.PCURVE_S1.);
#2217 = LINE('',#2218,#2219);
#2218 = CARTESIAN_POINT('',(-0.375,-4.705,8.51));
#2219 = VECTOR('',#2220,1.);
#2220 = DIRECTION('',(0.,-1.,0.));
#2221 = PCURVE('',#220,#2222);
#2222 = DEFINITIONAL_REPRESENTATION('',(#2223),#2227);
#2223 = LINE('',#2224,#2225);
#2224 = CARTESIAN_POINT('',(0.83,42.54));
#2225 = VECTOR('',#2226,1.);
#2226 = DIRECTION('',(0.,-1.));
#2227 = ( GEOMETRIC_REPRESENTATION_CONTEXT(2) 
PARAMETRIC_REPRESENTATION_CONTEXT() REPRESENTATION_CONTEXT('2D SPACE',''
  ) );
#2228 = PCURVE('',#2229,#2234);
#2229 = PLANE('',#2230);
#2230 = AXIS2_PLACEMENT_3D('',#2231,#2232,#2233);
#2231 = CARTESIAN_POINT('',(-0.375,-4.705,0.));
#2232 = DIRECTION('',(1.,0.,-0.));
#2233 = DIRECTION('',(0.,-1.,0.));
#2234 = DEFINITIONAL_REPRESENTATION('',(#2235),#2239);
#2235 = LINE('',#2236,#2237);
#2236 = CARTESIAN_POINT('',(0.,-8.51));
#2237 = VECTOR('',#2238,1.);
#2238 = DIRECTION('',(1.,0.));
#2239 = ( GEOMETRIC_REPRESENTATION_CONTEXT(2) 
PARAMETRIC_REPRESENTATION_CONTEXT() REPRESENTATION_CONTEXT('2D SPACE',''
  ) );
#2240 = ORIENTED_EDGE('',*,*,#2241,.F.);
#2241 = EDGE_CURVE('',#2242,#2214,#2244,.T.);
#2242 = VERTEX_POINT('',#2243);
#2243 = CARTESIAN_POINT('',(0.375,-4.705,8.51));
#2244 = SURFACE_CURVE('',#2245,(#2249,#2256),.PCURVE_S1.);
#2245 = LINE('',#2246,#2247);
#2246 = CARTESIAN_POINT('',(0.375,-4.705,8.51));
#2247 = VECTOR('',#2248,1.);
#2248 = DIRECTION('',(-1.,0.,0.));
#2249 = PCURVE('',#220,#2250);
#2250 = DEFINITIONAL_REPRESENTATION('',(#2251),#2255);
#2251 = LINE('',#2252,#2253);
#2252 = CARTESIAN_POINT('',(1.58,42.54));
#2253 = VECTOR('',#2254,1.);
#2254 = DIRECTION('',(-1.,0.));
#2255 = ( GEOMETRIC_REPRESENTATION_CONTEXT(2) 
PARAMETRIC_REPRESENTATION_CONTEXT() REPRESENTATION_CONTEXT('2D SPACE',''
  ) );
#2256 = PCURVE('',#2257,#2262);
#2257 = PLANE('',#2258);
#2258 = AXIS2_PLACEMENT_3D('',#2259,#2260,#2261);
#2259 = CARTESIAN_POINT('',(0.375,-4.705,0.));
#2260 = DIRECTION('',(0.,-1.,0.));
#2261 = DIRECTION('',(-1.,0.,0.));
#2262 = DEFINITIONAL_REPRESENTATION('',(#2263),#2267);
#2263 = LINE('',#2264,#2265);
#2264 = CARTESIAN_POINT('',(0.,-8.51));
#2265 = VECTOR('',#2266,1.);
#2266 = DIRECTION('',(1.,0.));
#2267 = ( GEOMETRIC_REPRESENTATION_CONTEXT(2) 
PARAMETRIC_REPRESENTATION_CONTEXT() REPRESENTATION_CONTEXT('2D SPACE',''
  ) );
#2268 = ORIENTED_EDGE('',*,*,#2269,.F.);
#2269 = EDGE_CURVE('',#2186,#2242,#2270,.T.);
#2270 = SURFACE_CURVE('',#2271,(#2275,#2282),.PCURVE_S1.);
#2271 = LINE('',#2272,#2273);
#2272 = CARTESIAN_POINT('',(0.375,-5.455,8.51));
#2273 = VECTOR('',#2274,1.);
#2274 = DIRECTION('',(0.,1.,0.));
#2275 = PCURVE('',#220,#2276);
#2276 = DEFINITIONAL_REPRESENTATION('',(#2277),#2281);
#2277 = LINE('',#2278,#2279);
#2278 = CARTESIAN_POINT('',(1.58,41.79));
#2279 = VECTOR('',#2280,1.);
#2280 = DIRECTION('',(0.,1.));
#2281 = ( GEOMETRIC_REPRESENTATION_CONTEXT(2) 
PARAMETRIC_REPRESENTATION_CONTEXT() REPRESENTATION_CONTEXT('2D SPACE',''
  ) );
#2282 = PCURVE('',#2283,#2288);
#2283 = PLANE('',#2284);
#2284 = AXIS2_PLACEMENT_3D('',#2285,#2286,#2287);
#2285 = CARTESIAN_POINT('',(0.375,-5.455,0.));
#2286 = DIRECTION('',(-1.,0.,0.));
#2287 = DIRECTION('',(0.,1.,0.));
#2288 = DEFINITIONAL_REPRESENTATION('',(#2289),#2293);
#2289 = LINE('',#2290,#2291);
#2290 = CARTESIAN_POINT('',(0.,-8.51));
#2291 = VECTOR('',#2292,1.);
#2292 = DIRECTION('',(1.,0.));
#2293 = ( GEOMETRIC_REPRESENTATION_CONTEXT(2) 
PARAMETRIC_REPRESENTATION_CONTEXT() REPRESENTATION_CONTEXT('2D SPACE',''
  ) );
#2294 = FACE_BOUND('',#2295,.T.);
#2295 = EDGE_LOOP('',(#2296,#2326,#2354,#2382));
#2296 = ORIENTED_EDGE('',*,*,#2297,.F.);
#2297 = EDGE_CURVE('',#2298,#2300,#2302,.T.);
#2298 = VERTEX_POINT('',#2299);
#2299 = CARTESIAN_POINT('',(-0.375,-2.915,8.51));
#2300 = VERTEX_POINT('',#2301);
#2301 = CARTESIAN_POINT('',(0.375,-2.915,8.51));
#2302 = SURFACE_CURVE('',#2303,(#2307,#2314),.PCURVE_S1.);
#2303 = LINE('',#2304,#2305);
#2304 = CARTESIAN_POINT('',(-0.375,-2.915,8.51));
#2305 = VECTOR('',#2306,1.);
#2306 = DIRECTION('',(1.,0.,0.));
#2307 = PCURVE('',#220,#2308);
#2308 = DEFINITIONAL_REPRESENTATION('',(#2309),#2313);
#2309 = LINE('',#2310,#2311);
#2310 = CARTESIAN_POINT('',(0.83,44.33));
#2311 = VECTOR('',#2312,1.);
#2312 = DIRECTION('',(1.,0.));
#2313 = ( GEOMETRIC_REPRESENTATION_CONTEXT(2) 
PARAMETRIC_REPRESENTATION_CONTEXT() REPRESENTATION_CONTEXT('2D SPACE',''
  ) );
#2314 = PCURVE('',#2315,#2320);
#2315 = PLANE('',#2316);
#2316 = AXIS2_PLACEMENT_3D('',#2317,#2318,#2319);
#2317 = CARTESIAN_POINT('',(-0.375,-2.915,0.));
#2318 = DIRECTION('',(0.,1.,0.));
#2319 = DIRECTION('',(1.,0.,0.));
#2320 = DEFINITIONAL_REPRESENTATION('',(#2321),#2325);
#2321 = LINE('',#2322,#2323);
#2322 = CARTESIAN_POINT('',(0.,-8.51));
#2323 = VECTOR('',#2324,1.);
#2324 = DIRECTION('',(1.,0.));
#2325 = ( GEOMETRIC_REPRESENTATION_CONTEXT(2) 
PARAMETRIC_REPRESENTATION_CONTEXT() REPRESENTATION_CONTEXT('2D SPACE',''
  ) );
#2326 = ORIENTED_EDGE('',*,*,#2327,.F.);
#2327 = EDGE_CURVE('',#2328,#2298,#2330,.T.);
#2328 = VERTEX_POINT('',#2329);
#2329 = CARTESIAN_POINT('',(-0.375,-2.165,8.51));
#2330 = SURFACE_CURVE('',#2331,(#2335,#2342),.PCURVE_S1.);
#2331 = LINE('',#2332,#2333);
#2332 = CARTESIAN_POINT('',(-0.375,-2.165,8.51));
#2333 = VECTOR('',#2334,1.);
#2334 = DIRECTION('',(0.,-1.,0.));
#2335 = PCURVE('',#220,#2336);
#2336 = DEFINITIONAL_REPRESENTATION('',(#2337),#2341);
#2337 = LINE('',#2338,#2339);
#2338 = CARTESIAN_POINT('',(0.83,45.08));
#2339 = VECTOR('',#2340,1.);
#2340 = DIRECTION('',(0.,-1.));
#2341 = ( GEOMETRIC_REPRESENTATION_CONTEXT(2) 
PARAMETRIC_REPRESENTATION_CONTEXT() REPRESENTATION_CONTEXT('2D SPACE',''
  ) );
#2342 = PCURVE('',#2343,#2348);
#2343 = PLANE('',#2344);
#2344 = AXIS2_PLACEMENT_3D('',#2345,#2346,#2347);
#2345 = CARTESIAN_POINT('',(-0.375,-2.165,0.));
#2346 = DIRECTION('',(1.,0.,-0.));
#2347 = DIRECTION('',(0.,-1.,0.));
#2348 = DEFINITIONAL_REPRESENTATION('',(#2349),#2353);
#2349 = LINE('',#2350,#2351);
#2350 = CARTESIAN_POINT('',(0.,-8.51));
#2351 = VECTOR('',#2352,1.);
#2352 = DIRECTION('',(1.,0.));
#2353 = ( GEOMETRIC_REPRESENTATION_CONTEXT(2) 
PARAMETRIC_REPRESENTATION_CONTEXT() REPRESENTATION_CONTEXT('2D SPACE',''
  ) );
#2354 = ORIENTED_EDGE('',*,*,#2355,.F.);
#2355 = EDGE_CURVE('',#2356,#2328,#2358,.T.);
#2356 = VERTEX_POINT('',#2357);
#2357 = CARTESIAN_POINT('',(0.375,-2.165,8.51));
#2358 = SURFACE_CURVE('',#2359,(#2363,#2370),.PCURVE_S1.);
#2359 = LINE('',#2360,#2361);
#2360 = CARTESIAN_POINT('',(0.375,-2.165,8.51));
#2361 = VECTOR('',#2362,1.);
#2362 = DIRECTION('',(-1.,0.,0.));
#2363 = PCURVE('',#220,#2364);
#2364 = DEFINITIONAL_REPRESENTATION('',(#2365),#2369);
#2365 = LINE('',#2366,#2367);
#2366 = CARTESIAN_POINT('',(1.58,45.08));
#2367 = VECTOR('',#2368,1.);
#2368 = DIRECTION('',(-1.,0.));
#2369 = ( GEOMETRIC_REPRESENTATION_CONTEXT(2) 
PARAMETRIC_REPRESENTATION_CONTEXT() REPRESENTATION_CONTEXT('2D SPACE',''
  ) );
#2370 = PCURVE('',#2371,#2376);
#2371 = PLANE('',#2372);
#2372 = AXIS2_PLACEMENT_3D('',#2373,#2374,#2375);
#2373 = CARTESIAN_POINT('',(0.375,-2.165,0.));
#2374 = DIRECTION('',(0.,-1.,0.));
#2375 = DIRECTION('',(-1.,0.,0.));
#2376 = DEFINITIONAL_REPRESENTATION('',(#2377),#2381);
#2377 = LINE('',#2378,#2379);
#2378 = CARTESIAN_POINT('',(0.,-8.51));
#2379 = VECTOR('',#2380,1.);
#2380 = DIRECTION('',(1.,0.));
#2381 = ( GEOMETRIC_REPRESENTATION_CONTEXT(2) 
PARAMETRIC_REPRESENTATION_CONTEXT() REPRESENTATION_CONTEXT('2D SPACE',''
  ) );
#2382 = ORIENTED_EDGE('',*,*,#2383,.F.);
#2383 = EDGE_CURVE('',#2300,#2356,#2384,.T.);
#2384 = SURFACE_CURVE('',#2385,(#2389,#2396),.PCURVE_S1.);
#2385 = LINE('',#2386,#2387);
#2386 = CARTESIAN_POINT('',(0.375,-2.915,8.51));
#2387 = VECTOR('',#2388,1.);
#2388 = DIRECTION('',(0.,1.,0.));
#2389 = PCURVE('',#220,#2390);
#2390 = DEFINITIONAL_REPRESENTATION('',(#2391),#2395);
#2391 = LINE('',#2392,#2393);
#2392 = CARTESIAN_POINT('',(1.58,44.33));
#2393 = VECTOR('',#2394,1.);
#2394 = DIRECTION('',(0.,1.));
#2395 = ( GEOMETRIC_REPRESENTATION_CONTEXT(2) 
PARAMETRIC_REPRESENTATION_CONTEXT() REPRESENTATION_CONTEXT('2D SPACE',''
  ) );
#2396 = PCURVE('',#2397,#2402);
#2397 = PLANE('',#2398);
#2398 = AXIS2_PLACEMENT_3D('',#2399,#2400,#2401);
#2399 = CARTESIAN_POINT('',(0.375,-2.915,0.));
#2400 = DIRECTION('',(-1.,0.,0.));
#2401 = DIRECTION('',(0.,1.,0.));
#2402 = DEFINITIONAL_REPRESENTATION('',(#2403),#2407);
#2403 = LINE('',#2404,#2405);
#2404 = CARTESIAN_POINT('',(0.,-8.51));
#2405 = VECTOR('',#2406,1.);
#2406 = DIRECTION('',(1.,0.));
#2407 = ( GEOMETRIC_REPRESENTATION_CONTEXT(2) 
PARAMETRIC_REPRESENTATION_CONTEXT() REPRESENTATION_CONTEXT('2D SPACE',''
  ) );
#2408 = FACE_BOUND('',#2409,.T.);
#2409 = EDGE_LOOP('',(#2410,#2440,#2468,#2496));
#2410 = ORIENTED_EDGE('',*,*,#2411,.F.);
#2411 = EDGE_CURVE('',#2412,#2414,#2416,.T.);
#2412 = VERTEX_POINT('',#2413);
#2413 = CARTESIAN_POINT('',(-0.375,-0.375,8.51));
#2414 = VERTEX_POINT('',#2415);
#2415 = CARTESIAN_POINT('',(0.375,-0.375,8.51));
#2416 = SURFACE_CURVE('',#2417,(#2421,#2428),.PCURVE_S1.);
#2417 = LINE('',#2418,#2419);
#2418 = CARTESIAN_POINT('',(-0.375,-0.375,8.51));
#2419 = VECTOR('',#2420,1.);
#2420 = DIRECTION('',(1.,0.,0.));
#2421 = PCURVE('',#220,#2422);
#2422 = DEFINITIONAL_REPRESENTATION('',(#2423),#2427);
#2423 = LINE('',#2424,#2425);
#2424 = CARTESIAN_POINT('',(0.83,46.87));
#2425 = VECTOR('',#2426,1.);
#2426 = DIRECTION('',(1.,0.));
#2427 = ( GEOMETRIC_REPRESENTATION_CONTEXT(2) 
PARAMETRIC_REPRESENTATION_CONTEXT() REPRESENTATION_CONTEXT('2D SPACE',''
  ) );
#2428 = PCURVE('',#2429,#2434);
#2429 = PLANE('',#2430);
#2430 = AXIS2_PLACEMENT_3D('',#2431,#2432,#2433);
#2431 = CARTESIAN_POINT('',(-0.375,-0.375,0.));
#2432 = DIRECTION('',(0.,1.,0.));
#2433 = DIRECTION('',(1.,0.,0.));
#2434 = DEFINITIONAL_REPRESENTATION('',(#2435),#2439);
#2435 = LINE('',#2436,#2437);
#2436 = CARTESIAN_POINT('',(0.,-8.51));
#2437 = VECTOR('',#2438,1.);
#2438 = DIRECTION('',(1.,0.));
#2439 = ( GEOMETRIC_REPRESENTATION_CONTEXT(2) 
PARAMETRIC_REPRESENTATION_CONTEXT() REPRESENTATION_CONTEXT('2D SPACE',''
  ) );
#2440 = ORIENTED_EDGE('',*,*,#2441,.F.);
#2441 = EDGE_CURVE('',#2442,#2412,#2444,.T.);
#2442 = VERTEX_POINT('',#2443);
#2443 = CARTESIAN_POINT('',(-0.375,0.375,8.51));
#2444 = SURFACE_CURVE('',#2445,(#2449,#2456),.PCURVE_S1.);
#2445 = LINE('',#2446,#2447);
#2446 = CARTESIAN_POINT('',(-0.375,0.375,8.51));
#2447 = VECTOR('',#2448,1.);
#2448 = DIRECTION('',(0.,-1.,0.));
#2449 = PCURVE('',#220,#2450);
#2450 = DEFINITIONAL_REPRESENTATION('',(#2451),#2455);
#2451 = LINE('',#2452,#2453);
#2452 = CARTESIAN_POINT('',(0.83,47.62));
#2453 = VECTOR('',#2454,1.);
#2454 = DIRECTION('',(0.,-1.));
#2455 = ( GEOMETRIC_REPRESENTATION_CONTEXT(2) 
PARAMETRIC_REPRESENTATION_CONTEXT() REPRESENTATION_CONTEXT('2D SPACE',''
  ) );
#2456 = PCURVE('',#2457,#2462);
#2457 = PLANE('',#2458);
#2458 = AXIS2_PLACEMENT_3D('',#2459,#2460,#2461);
#2459 = CARTESIAN_POINT('',(-0.375,0.375,0.));
#2460 = DIRECTION('',(1.,0.,-0.));
#2461 = DIRECTION('',(0.,-1.,0.));
#2462 = DEFINITIONAL_REPRESENTATION('',(#2463),#2467);
#2463 = LINE('',#2464,#2465);
#2464 = CARTESIAN_POINT('',(0.,-8.51));
#2465 = VECTOR('',#2466,1.);
#2466 = DIRECTION('',(1.,0.));
#2467 = ( GEOMETRIC_REPRESENTATION_CONTEXT(2) 
PARAMETRIC_REPRESENTATION_CONTEXT() REPRESENTATION_CONTEXT('2D SPACE',''
  ) );
#2468 = ORIENTED_EDGE('',*,*,#2469,.F.);
#2469 = EDGE_CURVE('',#2470,#2442,#2472,.T.);
#2470 = VERTEX_POINT('',#2471);
#2471 = CARTESIAN_POINT('',(0.375,0.375,8.51));
#2472 = SURFACE_CURVE('',#2473,(#2477,#2484),.PCURVE_S1.);
#2473 = LINE('',#2474,#2475);
#2474 = CARTESIAN_POINT('',(0.375,0.375,8.51));
#2475 = VECTOR('',#2476,1.);
#2476 = DIRECTION('',(-1.,0.,0.));
#2477 = PCURVE('',#220,#2478);
#2478 = DEFINITIONAL_REPRESENTATION('',(#2479),#2483);
#2479 = LINE('',#2480,#2481);
#2480 = CARTESIAN_POINT('',(1.58,47.62));
#2481 = VECTOR('',#2482,1.);
#2482 = DIRECTION('',(-1.,0.));
#2483 = ( GEOMETRIC_REPRESENTATION_CONTEXT(2) 
PARAMETRIC_REPRESENTATION_CONTEXT() REPRESENTATION_CONTEXT('2D SPACE',''
  ) );
#2484 = PCURVE('',#2485,#2490);
#2485 = PLANE('',#2486);
#2486 = AXIS2_PLACEMENT_3D('',#2487,#2488,#2489);
#2487 = CARTESIAN_POINT('',(0.375,0.375,0.));
#2488 = DIRECTION('',(0.,-1.,0.));
#2489 = DIRECTION('',(-1.,0.,0.));
#2490 = DEFINITIONAL_REPRESENTATION('',(#2491),#2495);
#2491 = LINE('',#2492,#2493);
#2492 = CARTESIAN_POINT('',(0.,-8.51));
#2493 = VECTOR('',#2494,1.);
#2494 = DIRECTION('',(1.,0.));
#2495 = ( GEOMETRIC_REPRESENTATION_CONTEXT(2) 
PARAMETRIC_REPRESENTATION_CONTEXT() REPRESENTATION_CONTEXT('2D SPACE',''
  ) );
#2496 = ORIENTED_EDGE('',*,*,#2497,.F.);
#2497 = EDGE_CURVE('',#2414,#2470,#2498,.T.);
#2498 = SURFACE_CURVE('',#2499,(#2503,#2510),.PCURVE_S1.);
#2499 = LINE('',#2500,#2501);
#2500 = CARTESIAN_POINT('',(0.375,-0.375,8.51));
#2501 = VECTOR('',#2502,1.);
#2502 = DIRECTION('',(0.,1.,0.));
#2503 = PCURVE('',#220,#2504);
#2504 = DEFINITIONAL_REPRESENTATION('',(#2505),#2509);
#2505 = LINE('',#2506,#2507);
#2506 = CARTESIAN_POINT('',(1.58,46.87));
#2507 = VECTOR('',#2508,1.);
#2508 = DIRECTION('',(0.,1.));
#2509 = ( GEOMETRIC_REPRESENTATION_CONTEXT(2) 
PARAMETRIC_REPRESENTATION_CONTEXT() REPRESENTATION_CONTEXT('2D SPACE',''
  ) );
#2510 = PCURVE('',#2511,#2516);
#2511 = PLANE('',#2512);
#2512 = AXIS2_PLACEMENT_3D('',#2513,#2514,#2515);
#2513 = CARTESIAN_POINT('',(0.375,-0.375,0.));
#2514 = DIRECTION('',(-1.,0.,0.));
#2515 = DIRECTION('',(0.,1.,0.));
#2516 = DEFINITIONAL_REPRESENTATION('',(#2517),#2521);
#2517 = LINE('',#2518,#2519);
#2518 = CARTESIAN_POINT('',(0.,-8.51));
#2519 = VECTOR('',#2520,1.);
#2520 = DIRECTION('',(1.,0.));
#2521 = ( GEOMETRIC_REPRESENTATION_CONTEXT(2) 
PARAMETRIC_REPRESENTATION_CONTEXT() REPRESENTATION_CONTEXT('2D SPACE',''
  ) );
#2522 = ADVANCED_FACE('',(#2523),#194,.T.);
#2523 = FACE_BOUND('',#2524,.T.);
#2524 = EDGE_LOOP('',(#2525,#2548,#2549,#2550));
#2525 = ORIENTED_EDGE('',*,*,#2526,.F.);
#2526 = EDGE_CURVE('',#151,#2527,#2529,.T.);
#2527 = VERTEX_POINT('',#2528);
#2528 = CARTESIAN_POINT('',(1.205,1.525,0.));
#2529 = SURFACE_CURVE('',#2530,(#2534,#2541),.PCURVE_S1.);
#2530 = LINE('',#2531,#2532);
#2531 = CARTESIAN_POINT('',(-1.205,1.525,0.));
#2532 = VECTOR('',#2533,1.);
#2533 = DIRECTION('',(1.,0.,0.));
#2534 = PCURVE('',#194,#2535);
#2535 = DEFINITIONAL_REPRESENTATION('',(#2536),#2540);
#2536 = LINE('',#2537,#2538);
#2537 = CARTESIAN_POINT('',(0.,0.));
#2538 = VECTOR('',#2539,1.);
#2539 = DIRECTION('',(0.,1.));
#2540 = ( GEOMETRIC_REPRESENTATION_CONTEXT(2) 
PARAMETRIC_REPRESENTATION_CONTEXT() REPRESENTATION_CONTEXT('2D SPACE',''
  ) );
#2541 = PCURVE('',#166,#2542);
#2542 = DEFINITIONAL_REPRESENTATION('',(#2543),#2547);
#2543 = LINE('',#2544,#2545);
#2544 = CARTESIAN_POINT('',(0.,48.77));
#2545 = VECTOR('',#2546,1.);
#2546 = DIRECTION('',(1.,0.));
#2547 = ( GEOMETRIC_REPRESENTATION_CONTEXT(2) 
PARAMETRIC_REPRESENTATION_CONTEXT() REPRESENTATION_CONTEXT('2D SPACE',''
  ) );
#2548 = ORIENTED_EDGE('',*,*,#178,.T.);
#2549 = ORIENTED_EDGE('',*,*,#336,.T.);
#2550 = ORIENTED_EDGE('',*,*,#2551,.F.);
#2551 = EDGE_CURVE('',#2527,#314,#2552,.T.);
#2552 = SURFACE_CURVE('',#2553,(#2557,#2564),.PCURVE_S1.);
#2553 = LINE('',#2554,#2555);
#2554 = CARTESIAN_POINT('',(1.205,1.525,0.));
#2555 = VECTOR('',#2556,1.);
#2556 = DIRECTION('',(0.,0.,1.));
#2557 = PCURVE('',#194,#2558);
#2558 = DEFINITIONAL_REPRESENTATION('',(#2559),#2563);
#2559 = LINE('',#2560,#2561);
#2560 = CARTESIAN_POINT('',(0.,2.41));
#2561 = VECTOR('',#2562,1.);
#2562 = DIRECTION('',(1.,0.));
#2563 = ( GEOMETRIC_REPRESENTATION_CONTEXT(2) 
PARAMETRIC_REPRESENTATION_CONTEXT() REPRESENTATION_CONTEXT('2D SPACE',''
  ) );
#2564 = PCURVE('',#296,#2565);
#2565 = DEFINITIONAL_REPRESENTATION('',(#2566),#2570);
#2566 = LINE('',#2567,#2568);
#2567 = CARTESIAN_POINT('',(0.,-48.77));
#2568 = VECTOR('',#2569,1.);
#2569 = DIRECTION('',(1.,0.));
#2570 = ( GEOMETRIC_REPRESENTATION_CONTEXT(2) 
PARAMETRIC_REPRESENTATION_CONTEXT() REPRESENTATION_CONTEXT('2D SPACE',''
  ) );
#2571 = ADVANCED_FACE('',(#2572,#2598,#2692,#2786,#2880,#2974,#3068,
    #3162,#3256,#3350,#3444,#3538,#3632,#3726,#3820,#3914,#4008,#4102,
    #4196,#4290),#166,.F.);
#2572 = FACE_BOUND('',#2573,.F.);
#2573 = EDGE_LOOP('',(#2574,#2575,#2576,#2597));
#2574 = ORIENTED_EDGE('',*,*,#150,.F.);
#2575 = ORIENTED_EDGE('',*,*,#235,.T.);
#2576 = ORIENTED_EDGE('',*,*,#2577,.T.);
#2577 = EDGE_CURVE('',#236,#2527,#2578,.T.);
#2578 = SURFACE_CURVE('',#2579,(#2583,#2590),.PCURVE_S1.);
#2579 = LINE('',#2580,#2581);
#2580 = CARTESIAN_POINT('',(1.205,-47.245,0.));
#2581 = VECTOR('',#2582,1.);
#2582 = DIRECTION('',(0.,1.,0.));
#2583 = PCURVE('',#166,#2584);
#2584 = DEFINITIONAL_REPRESENTATION('',(#2585),#2589);
#2585 = LINE('',#2586,#2587);
#2586 = CARTESIAN_POINT('',(2.41,0.));
#2587 = VECTOR('',#2588,1.);
#2588 = DIRECTION('',(0.,1.));
#2589 = ( GEOMETRIC_REPRESENTATION_CONTEXT(2) 
PARAMETRIC_REPRESENTATION_CONTEXT() REPRESENTATION_CONTEXT('2D SPACE',''
  ) );
#2590 = PCURVE('',#296,#2591);
#2591 = DEFINITIONAL_REPRESENTATION('',(#2592),#2596);
#2592 = LINE('',#2593,#2594);
#2593 = CARTESIAN_POINT('',(0.,0.));
#2594 = VECTOR('',#2595,1.);
#2595 = DIRECTION('',(0.,-1.));
#2596 = ( GEOMETRIC_REPRESENTATION_CONTEXT(2) 
PARAMETRIC_REPRESENTATION_CONTEXT() REPRESENTATION_CONTEXT('2D SPACE',''
  ) );
#2597 = ORIENTED_EDGE('',*,*,#2526,.F.);
#2598 = FACE_BOUND('',#2599,.F.);
#2599 = EDGE_LOOP('',(#2600,#2625,#2648,#2671));
#2600 = ORIENTED_EDGE('',*,*,#2601,.F.);
#2601 = EDGE_CURVE('',#2602,#2604,#2606,.T.);
#2602 = VERTEX_POINT('',#2603);
#2603 = CARTESIAN_POINT('',(-0.375,-46.095,0.));
#2604 = VERTEX_POINT('',#2605);
#2605 = CARTESIAN_POINT('',(0.375,-46.095,0.));
#2606 = SURFACE_CURVE('',#2607,(#2611,#2618),.PCURVE_S1.);
#2607 = LINE('',#2608,#2609);
#2608 = CARTESIAN_POINT('',(-0.375,-46.095,0.));
#2609 = VECTOR('',#2610,1.);
#2610 = DIRECTION('',(1.,0.,0.));
#2611 = PCURVE('',#166,#2612);
#2612 = DEFINITIONAL_REPRESENTATION('',(#2613),#2617);
#2613 = LINE('',#2614,#2615);
#2614 = CARTESIAN_POINT('',(0.83,1.15));
#2615 = VECTOR('',#2616,1.);
#2616 = DIRECTION('',(1.,0.));
#2617 = ( GEOMETRIC_REPRESENTATION_CONTEXT(2) 
PARAMETRIC_REPRESENTATION_CONTEXT() REPRESENTATION_CONTEXT('2D SPACE',''
  ) );
#2618 = PCURVE('',#377,#2619);
#2619 = DEFINITIONAL_REPRESENTATION('',(#2620),#2624);
#2620 = LINE('',#2621,#2622);
#2621 = CARTESIAN_POINT('',(0.,0.));
#2622 = VECTOR('',#2623,1.);
#2623 = DIRECTION('',(1.,0.));
#2624 = ( GEOMETRIC_REPRESENTATION_CONTEXT(2) 
PARAMETRIC_REPRESENTATION_CONTEXT() REPRESENTATION_CONTEXT('2D SPACE',''
  ) );
#2625 = ORIENTED_EDGE('',*,*,#2626,.F.);
#2626 = EDGE_CURVE('',#2627,#2602,#2629,.T.);
#2627 = VERTEX_POINT('',#2628);
#2628 = CARTESIAN_POINT('',(-0.375,-45.345,0.));
#2629 = SURFACE_CURVE('',#2630,(#2634,#2641),.PCURVE_S1.);
#2630 = LINE('',#2631,#2632);
#2631 = CARTESIAN_POINT('',(-0.375,-45.345,0.));
#2632 = VECTOR('',#2633,1.);
#2633 = DIRECTION('',(0.,-1.,0.));
#2634 = PCURVE('',#166,#2635);
#2635 = DEFINITIONAL_REPRESENTATION('',(#2636),#2640);
#2636 = LINE('',#2637,#2638);
#2637 = CARTESIAN_POINT('',(0.83,1.9));
#2638 = VECTOR('',#2639,1.);
#2639 = DIRECTION('',(0.,-1.));
#2640 = ( GEOMETRIC_REPRESENTATION_CONTEXT(2) 
PARAMETRIC_REPRESENTATION_CONTEXT() REPRESENTATION_CONTEXT('2D SPACE',''
  ) );
#2641 = PCURVE('',#405,#2642);
#2642 = DEFINITIONAL_REPRESENTATION('',(#2643),#2647);
#2643 = LINE('',#2644,#2645);
#2644 = CARTESIAN_POINT('',(0.,0.));
#2645 = VECTOR('',#2646,1.);
#2646 = DIRECTION('',(1.,0.));
#2647 = ( GEOMETRIC_REPRESENTATION_CONTEXT(2) 
PARAMETRIC_REPRESENTATION_CONTEXT() REPRESENTATION_CONTEXT('2D SPACE',''
  ) );
#2648 = ORIENTED_EDGE('',*,*,#2649,.F.);
#2649 = EDGE_CURVE('',#2650,#2627,#2652,.T.);
#2650 = VERTEX_POINT('',#2651);
#2651 = CARTESIAN_POINT('',(0.375,-45.345,0.));
#2652 = SURFACE_CURVE('',#2653,(#2657,#2664),.PCURVE_S1.);
#2653 = LINE('',#2654,#2655);
#2654 = CARTESIAN_POINT('',(0.375,-45.345,0.));
#2655 = VECTOR('',#2656,1.);
#2656 = DIRECTION('',(-1.,0.,0.));
#2657 = PCURVE('',#166,#2658);
#2658 = DEFINITIONAL_REPRESENTATION('',(#2659),#2663);
#2659 = LINE('',#2660,#2661);
#2660 = CARTESIAN_POINT('',(1.58,1.9));
#2661 = VECTOR('',#2662,1.);
#2662 = DIRECTION('',(-1.,0.));
#2663 = ( GEOMETRIC_REPRESENTATION_CONTEXT(2) 
PARAMETRIC_REPRESENTATION_CONTEXT() REPRESENTATION_CONTEXT('2D SPACE',''
  ) );
#2664 = PCURVE('',#433,#2665);
#2665 = DEFINITIONAL_REPRESENTATION('',(#2666),#2670);
#2666 = LINE('',#2667,#2668);
#2667 = CARTESIAN_POINT('',(0.,-0.));
#2668 = VECTOR('',#2669,1.);
#2669 = DIRECTION('',(1.,0.));
#2670 = ( GEOMETRIC_REPRESENTATION_CONTEXT(2) 
PARAMETRIC_REPRESENTATION_CONTEXT() REPRESENTATION_CONTEXT('2D SPACE',''
  ) );
#2671 = ORIENTED_EDGE('',*,*,#2672,.F.);
#2672 = EDGE_CURVE('',#2604,#2650,#2673,.T.);
#2673 = SURFACE_CURVE('',#2674,(#2678,#2685),.PCURVE_S1.);
#2674 = LINE('',#2675,#2676);
#2675 = CARTESIAN_POINT('',(0.375,-46.095,0.));
#2676 = VECTOR('',#2677,1.);
#2677 = DIRECTION('',(0.,1.,0.));
#2678 = PCURVE('',#166,#2679);
#2679 = DEFINITIONAL_REPRESENTATION('',(#2680),#2684);
#2680 = LINE('',#2681,#2682);
#2681 = CARTESIAN_POINT('',(1.58,1.15));
#2682 = VECTOR('',#2683,1.);
#2683 = DIRECTION('',(0.,1.));
#2684 = ( GEOMETRIC_REPRESENTATION_CONTEXT(2) 
PARAMETRIC_REPRESENTATION_CONTEXT() REPRESENTATION_CONTEXT('2D SPACE',''
  ) );
#2685 = PCURVE('',#459,#2686);
#2686 = DEFINITIONAL_REPRESENTATION('',(#2687),#2691);
#2687 = LINE('',#2688,#2689);
#2688 = CARTESIAN_POINT('',(0.,0.));
#2689 = VECTOR('',#2690,1.);
#2690 = DIRECTION('',(1.,0.));
#2691 = ( GEOMETRIC_REPRESENTATION_CONTEXT(2) 
PARAMETRIC_REPRESENTATION_CONTEXT() REPRESENTATION_CONTEXT('2D SPACE',''
  ) );
#2692 = FACE_BOUND('',#2693,.F.);
#2693 = EDGE_LOOP('',(#2694,#2719,#2742,#2765));
#2694 = ORIENTED_EDGE('',*,*,#2695,.F.);
#2695 = EDGE_CURVE('',#2696,#2698,#2700,.T.);
#2696 = VERTEX_POINT('',#2697);
#2697 = CARTESIAN_POINT('',(-0.375,-43.555,0.));
#2698 = VERTEX_POINT('',#2699);
#2699 = CARTESIAN_POINT('',(0.375,-43.555,0.));
#2700 = SURFACE_CURVE('',#2701,(#2705,#2712),.PCURVE_S1.);
#2701 = LINE('',#2702,#2703);
#2702 = CARTESIAN_POINT('',(-0.375,-43.555,0.));
#2703 = VECTOR('',#2704,1.);
#2704 = DIRECTION('',(1.,0.,0.));
#2705 = PCURVE('',#166,#2706);
#2706 = DEFINITIONAL_REPRESENTATION('',(#2707),#2711);
#2707 = LINE('',#2708,#2709);
#2708 = CARTESIAN_POINT('',(0.83,3.69));
#2709 = VECTOR('',#2710,1.);
#2710 = DIRECTION('',(1.,0.));
#2711 = ( GEOMETRIC_REPRESENTATION_CONTEXT(2) 
PARAMETRIC_REPRESENTATION_CONTEXT() REPRESENTATION_CONTEXT('2D SPACE',''
  ) );
#2712 = PCURVE('',#491,#2713);
#2713 = DEFINITIONAL_REPRESENTATION('',(#2714),#2718);
#2714 = LINE('',#2715,#2716);
#2715 = CARTESIAN_POINT('',(0.,0.));
#2716 = VECTOR('',#2717,1.);
#2717 = DIRECTION('',(1.,0.));
#2718 = ( GEOMETRIC_REPRESENTATION_CONTEXT(2) 
PARAMETRIC_REPRESENTATION_CONTEXT() REPRESENTATION_CONTEXT('2D SPACE',''
  ) );
#2719 = ORIENTED_EDGE('',*,*,#2720,.F.);
#2720 = EDGE_CURVE('',#2721,#2696,#2723,.T.);
#2721 = VERTEX_POINT('',#2722);
#2722 = CARTESIAN_POINT('',(-0.375,-42.805,0.));
#2723 = SURFACE_CURVE('',#2724,(#2728,#2735),.PCURVE_S1.);
#2724 = LINE('',#2725,#2726);
#2725 = CARTESIAN_POINT('',(-0.375,-42.805,0.));
#2726 = VECTOR('',#2727,1.);
#2727 = DIRECTION('',(0.,-1.,0.));
#2728 = PCURVE('',#166,#2729);
#2729 = DEFINITIONAL_REPRESENTATION('',(#2730),#2734);
#2730 = LINE('',#2731,#2732);
#2731 = CARTESIAN_POINT('',(0.83,4.44));
#2732 = VECTOR('',#2733,1.);
#2733 = DIRECTION('',(0.,-1.));
#2734 = ( GEOMETRIC_REPRESENTATION_CONTEXT(2) 
PARAMETRIC_REPRESENTATION_CONTEXT() REPRESENTATION_CONTEXT('2D SPACE',''
  ) );
#2735 = PCURVE('',#519,#2736);
#2736 = DEFINITIONAL_REPRESENTATION('',(#2737),#2741);
#2737 = LINE('',#2738,#2739);
#2738 = CARTESIAN_POINT('',(0.,0.));
#2739 = VECTOR('',#2740,1.);
#2740 = DIRECTION('',(1.,0.));
#2741 = ( GEOMETRIC_REPRESENTATION_CONTEXT(2) 
PARAMETRIC_REPRESENTATION_CONTEXT() REPRESENTATION_CONTEXT('2D SPACE',''
  ) );
#2742 = ORIENTED_EDGE('',*,*,#2743,.F.);
#2743 = EDGE_CURVE('',#2744,#2721,#2746,.T.);
#2744 = VERTEX_POINT('',#2745);
#2745 = CARTESIAN_POINT('',(0.375,-42.805,0.));
#2746 = SURFACE_CURVE('',#2747,(#2751,#2758),.PCURVE_S1.);
#2747 = LINE('',#2748,#2749);
#2748 = CARTESIAN_POINT('',(0.375,-42.805,0.));
#2749 = VECTOR('',#2750,1.);
#2750 = DIRECTION('',(-1.,0.,0.));
#2751 = PCURVE('',#166,#2752);
#2752 = DEFINITIONAL_REPRESENTATION('',(#2753),#2757);
#2753 = LINE('',#2754,#2755);
#2754 = CARTESIAN_POINT('',(1.58,4.44));
#2755 = VECTOR('',#2756,1.);
#2756 = DIRECTION('',(-1.,0.));
#2757 = ( GEOMETRIC_REPRESENTATION_CONTEXT(2) 
PARAMETRIC_REPRESENTATION_CONTEXT() REPRESENTATION_CONTEXT('2D SPACE',''
  ) );
#2758 = PCURVE('',#547,#2759);
#2759 = DEFINITIONAL_REPRESENTATION('',(#2760),#2764);
#2760 = LINE('',#2761,#2762);
#2761 = CARTESIAN_POINT('',(0.,-0.));
#2762 = VECTOR('',#2763,1.);
#2763 = DIRECTION('',(1.,0.));
#2764 = ( GEOMETRIC_REPRESENTATION_CONTEXT(2) 
PARAMETRIC_REPRESENTATION_CONTEXT() REPRESENTATION_CONTEXT('2D SPACE',''
  ) );
#2765 = ORIENTED_EDGE('',*,*,#2766,.F.);
#2766 = EDGE_CURVE('',#2698,#2744,#2767,.T.);
#2767 = SURFACE_CURVE('',#2768,(#2772,#2779),.PCURVE_S1.);
#2768 = LINE('',#2769,#2770);
#2769 = CARTESIAN_POINT('',(0.375,-43.555,0.));
#2770 = VECTOR('',#2771,1.);
#2771 = DIRECTION('',(0.,1.,0.));
#2772 = PCURVE('',#166,#2773);
#2773 = DEFINITIONAL_REPRESENTATION('',(#2774),#2778);
#2774 = LINE('',#2775,#2776);
#2775 = CARTESIAN_POINT('',(1.58,3.69));
#2776 = VECTOR('',#2777,1.);
#2777 = DIRECTION('',(0.,1.));
#2778 = ( GEOMETRIC_REPRESENTATION_CONTEXT(2) 
PARAMETRIC_REPRESENTATION_CONTEXT() REPRESENTATION_CONTEXT('2D SPACE',''
  ) );
#2779 = PCURVE('',#573,#2780);
#2780 = DEFINITIONAL_REPRESENTATION('',(#2781),#2785);
#2781 = LINE('',#2782,#2783);
#2782 = CARTESIAN_POINT('',(0.,0.));
#2783 = VECTOR('',#2784,1.);
#2784 = DIRECTION('',(1.,0.));
#2785 = ( GEOMETRIC_REPRESENTATION_CONTEXT(2) 
PARAMETRIC_REPRESENTATION_CONTEXT() REPRESENTATION_CONTEXT('2D SPACE',''
  ) );
#2786 = FACE_BOUND('',#2787,.F.);
#2787 = EDGE_LOOP('',(#2788,#2813,#2836,#2859));
#2788 = ORIENTED_EDGE('',*,*,#2789,.F.);
#2789 = EDGE_CURVE('',#2790,#2792,#2794,.T.);
#2790 = VERTEX_POINT('',#2791);
#2791 = CARTESIAN_POINT('',(-0.375,-41.015,0.));
#2792 = VERTEX_POINT('',#2793);
#2793 = CARTESIAN_POINT('',(0.375,-41.015,0.));
#2794 = SURFACE_CURVE('',#2795,(#2799,#2806),.PCURVE_S1.);
#2795 = LINE('',#2796,#2797);
#2796 = CARTESIAN_POINT('',(-0.375,-41.015,0.));
#2797 = VECTOR('',#2798,1.);
#2798 = DIRECTION('',(1.,0.,0.));
#2799 = PCURVE('',#166,#2800);
#2800 = DEFINITIONAL_REPRESENTATION('',(#2801),#2805);
#2801 = LINE('',#2802,#2803);
#2802 = CARTESIAN_POINT('',(0.83,6.23));
#2803 = VECTOR('',#2804,1.);
#2804 = DIRECTION('',(1.,0.));
#2805 = ( GEOMETRIC_REPRESENTATION_CONTEXT(2) 
PARAMETRIC_REPRESENTATION_CONTEXT() REPRESENTATION_CONTEXT('2D SPACE',''
  ) );
#2806 = PCURVE('',#605,#2807);
#2807 = DEFINITIONAL_REPRESENTATION('',(#2808),#2812);
#2808 = LINE('',#2809,#2810);
#2809 = CARTESIAN_POINT('',(0.,0.));
#2810 = VECTOR('',#2811,1.);
#2811 = DIRECTION('',(1.,0.));
#2812 = ( GEOMETRIC_REPRESENTATION_CONTEXT(2) 
PARAMETRIC_REPRESENTATION_CONTEXT() REPRESENTATION_CONTEXT('2D SPACE',''
  ) );
#2813 = ORIENTED_EDGE('',*,*,#2814,.F.);
#2814 = EDGE_CURVE('',#2815,#2790,#2817,.T.);
#2815 = VERTEX_POINT('',#2816);
#2816 = CARTESIAN_POINT('',(-0.375,-40.265,0.));
#2817 = SURFACE_CURVE('',#2818,(#2822,#2829),.PCURVE_S1.);
#2818 = LINE('',#2819,#2820);
#2819 = CARTESIAN_POINT('',(-0.375,-40.265,0.));
#2820 = VECTOR('',#2821,1.);
#2821 = DIRECTION('',(0.,-1.,0.));
#2822 = PCURVE('',#166,#2823);
#2823 = DEFINITIONAL_REPRESENTATION('',(#2824),#2828);
#2824 = LINE('',#2825,#2826);
#2825 = CARTESIAN_POINT('',(0.83,6.98));
#2826 = VECTOR('',#2827,1.);
#2827 = DIRECTION('',(0.,-1.));
#2828 = ( GEOMETRIC_REPRESENTATION_CONTEXT(2) 
PARAMETRIC_REPRESENTATION_CONTEXT() REPRESENTATION_CONTEXT('2D SPACE',''
  ) );
#2829 = PCURVE('',#633,#2830);
#2830 = DEFINITIONAL_REPRESENTATION('',(#2831),#2835);
#2831 = LINE('',#2832,#2833);
#2832 = CARTESIAN_POINT('',(0.,0.));
#2833 = VECTOR('',#2834,1.);
#2834 = DIRECTION('',(1.,0.));
#2835 = ( GEOMETRIC_REPRESENTATION_CONTEXT(2) 
PARAMETRIC_REPRESENTATION_CONTEXT() REPRESENTATION_CONTEXT('2D SPACE',''
  ) );
#2836 = ORIENTED_EDGE('',*,*,#2837,.F.);
#2837 = EDGE_CURVE('',#2838,#2815,#2840,.T.);
#2838 = VERTEX_POINT('',#2839);
#2839 = CARTESIAN_POINT('',(0.375,-40.265,0.));
#2840 = SURFACE_CURVE('',#2841,(#2845,#2852),.PCURVE_S1.);
#2841 = LINE('',#2842,#2843);
#2842 = CARTESIAN_POINT('',(0.375,-40.265,0.));
#2843 = VECTOR('',#2844,1.);
#2844 = DIRECTION('',(-1.,0.,0.));
#2845 = PCURVE('',#166,#2846);
#2846 = DEFINITIONAL_REPRESENTATION('',(#2847),#2851);
#2847 = LINE('',#2848,#2849);
#2848 = CARTESIAN_POINT('',(1.58,6.98));
#2849 = VECTOR('',#2850,1.);
#2850 = DIRECTION('',(-1.,0.));
#2851 = ( GEOMETRIC_REPRESENTATION_CONTEXT(2) 
PARAMETRIC_REPRESENTATION_CONTEXT() REPRESENTATION_CONTEXT('2D SPACE',''
  ) );
#2852 = PCURVE('',#661,#2853);
#2853 = DEFINITIONAL_REPRESENTATION('',(#2854),#2858);
#2854 = LINE('',#2855,#2856);
#2855 = CARTESIAN_POINT('',(0.,-0.));
#2856 = VECTOR('',#2857,1.);
#2857 = DIRECTION('',(1.,0.));
#2858 = ( GEOMETRIC_REPRESENTATION_CONTEXT(2) 
PARAMETRIC_REPRESENTATION_CONTEXT() REPRESENTATION_CONTEXT('2D SPACE',''
  ) );
#2859 = ORIENTED_EDGE('',*,*,#2860,.F.);
#2860 = EDGE_CURVE('',#2792,#2838,#2861,.T.);
#2861 = SURFACE_CURVE('',#2862,(#2866,#2873),.PCURVE_S1.);
#2862 = LINE('',#2863,#2864);
#2863 = CARTESIAN_POINT('',(0.375,-41.015,0.));
#2864 = VECTOR('',#2865,1.);
#2865 = DIRECTION('',(0.,1.,0.));
#2866 = PCURVE('',#166,#2867);
#2867 = DEFINITIONAL_REPRESENTATION('',(#2868),#2872);
#2868 = LINE('',#2869,#2870);
#2869 = CARTESIAN_POINT('',(1.58,6.23));
#2870 = VECTOR('',#2871,1.);
#2871 = DIRECTION('',(0.,1.));
#2872 = ( GEOMETRIC_REPRESENTATION_CONTEXT(2) 
PARAMETRIC_REPRESENTATION_CONTEXT() REPRESENTATION_CONTEXT('2D SPACE',''
  ) );
#2873 = PCURVE('',#687,#2874);
#2874 = DEFINITIONAL_REPRESENTATION('',(#2875),#2879);
#2875 = LINE('',#2876,#2877);
#2876 = CARTESIAN_POINT('',(0.,0.));
#2877 = VECTOR('',#2878,1.);
#2878 = DIRECTION('',(1.,0.));
#2879 = ( GEOMETRIC_REPRESENTATION_CONTEXT(2) 
PARAMETRIC_REPRESENTATION_CONTEXT() REPRESENTATION_CONTEXT('2D SPACE',''
  ) );
#2880 = FACE_BOUND('',#2881,.F.);
#2881 = EDGE_LOOP('',(#2882,#2907,#2930,#2953));
#2882 = ORIENTED_EDGE('',*,*,#2883,.F.);
#2883 = EDGE_CURVE('',#2884,#2886,#2888,.T.);
#2884 = VERTEX_POINT('',#2885);
#2885 = CARTESIAN_POINT('',(-0.375,-38.475,0.));
#2886 = VERTEX_POINT('',#2887);
#2887 = CARTESIAN_POINT('',(0.375,-38.475,0.));
#2888 = SURFACE_CURVE('',#2889,(#2893,#2900),.PCURVE_S1.);
#2889 = LINE('',#2890,#2891);
#2890 = CARTESIAN_POINT('',(-0.375,-38.475,0.));
#2891 = VECTOR('',#2892,1.);
#2892 = DIRECTION('',(1.,0.,0.));
#2893 = PCURVE('',#166,#2894);
#2894 = DEFINITIONAL_REPRESENTATION('',(#2895),#2899);
#2895 = LINE('',#2896,#2897);
#2896 = CARTESIAN_POINT('',(0.83,8.77));
#2897 = VECTOR('',#2898,1.);
#2898 = DIRECTION('',(1.,0.));
#2899 = ( GEOMETRIC_REPRESENTATION_CONTEXT(2) 
PARAMETRIC_REPRESENTATION_CONTEXT() REPRESENTATION_CONTEXT('2D SPACE',''
  ) );
#2900 = PCURVE('',#719,#2901);
#2901 = DEFINITIONAL_REPRESENTATION('',(#2902),#2906);
#2902 = LINE('',#2903,#2904);
#2903 = CARTESIAN_POINT('',(0.,0.));
#2904 = VECTOR('',#2905,1.);
#2905 = DIRECTION('',(1.,0.));
#2906 = ( GEOMETRIC_REPRESENTATION_CONTEXT(2) 
PARAMETRIC_REPRESENTATION_CONTEXT() REPRESENTATION_CONTEXT('2D SPACE',''
  ) );
#2907 = ORIENTED_EDGE('',*,*,#2908,.F.);
#2908 = EDGE_CURVE('',#2909,#2884,#2911,.T.);
#2909 = VERTEX_POINT('',#2910);
#2910 = CARTESIAN_POINT('',(-0.375,-37.725,0.));
#2911 = SURFACE_CURVE('',#2912,(#2916,#2923),.PCURVE_S1.);
#2912 = LINE('',#2913,#2914);
#2913 = CARTESIAN_POINT('',(-0.375,-37.725,0.));
#2914 = VECTOR('',#2915,1.);
#2915 = DIRECTION('',(0.,-1.,0.));
#2916 = PCURVE('',#166,#2917);
#2917 = DEFINITIONAL_REPRESENTATION('',(#2918),#2922);
#2918 = LINE('',#2919,#2920);
#2919 = CARTESIAN_POINT('',(0.83,9.52));
#2920 = VECTOR('',#2921,1.);
#2921 = DIRECTION('',(0.,-1.));
#2922 = ( GEOMETRIC_REPRESENTATION_CONTEXT(2) 
PARAMETRIC_REPRESENTATION_CONTEXT() REPRESENTATION_CONTEXT('2D SPACE',''
  ) );
#2923 = PCURVE('',#747,#2924);
#2924 = DEFINITIONAL_REPRESENTATION('',(#2925),#2929);
#2925 = LINE('',#2926,#2927);
#2926 = CARTESIAN_POINT('',(0.,0.));
#2927 = VECTOR('',#2928,1.);
#2928 = DIRECTION('',(1.,0.));
#2929 = ( GEOMETRIC_REPRESENTATION_CONTEXT(2) 
PARAMETRIC_REPRESENTATION_CONTEXT() REPRESENTATION_CONTEXT('2D SPACE',''
  ) );
#2930 = ORIENTED_EDGE('',*,*,#2931,.F.);
#2931 = EDGE_CURVE('',#2932,#2909,#2934,.T.);
#2932 = VERTEX_POINT('',#2933);
#2933 = CARTESIAN_POINT('',(0.375,-37.725,0.));
#2934 = SURFACE_CURVE('',#2935,(#2939,#2946),.PCURVE_S1.);
#2935 = LINE('',#2936,#2937);
#2936 = CARTESIAN_POINT('',(0.375,-37.725,0.));
#2937 = VECTOR('',#2938,1.);
#2938 = DIRECTION('',(-1.,0.,0.));
#2939 = PCURVE('',#166,#2940);
#2940 = DEFINITIONAL_REPRESENTATION('',(#2941),#2945);
#2941 = LINE('',#2942,#2943);
#2942 = CARTESIAN_POINT('',(1.58,9.52));
#2943 = VECTOR('',#2944,1.);
#2944 = DIRECTION('',(-1.,0.));
#2945 = ( GEOMETRIC_REPRESENTATION_CONTEXT(2) 
PARAMETRIC_REPRESENTATION_CONTEXT() REPRESENTATION_CONTEXT('2D SPACE',''
  ) );
#2946 = PCURVE('',#775,#2947);
#2947 = DEFINITIONAL_REPRESENTATION('',(#2948),#2952);
#2948 = LINE('',#2949,#2950);
#2949 = CARTESIAN_POINT('',(0.,-0.));
#2950 = VECTOR('',#2951,1.);
#2951 = DIRECTION('',(1.,0.));
#2952 = ( GEOMETRIC_REPRESENTATION_CONTEXT(2) 
PARAMETRIC_REPRESENTATION_CONTEXT() REPRESENTATION_CONTEXT('2D SPACE',''
  ) );
#2953 = ORIENTED_EDGE('',*,*,#2954,.F.);
#2954 = EDGE_CURVE('',#2886,#2932,#2955,.T.);
#2955 = SURFACE_CURVE('',#2956,(#2960,#2967),.PCURVE_S1.);
#2956 = LINE('',#2957,#2958);
#2957 = CARTESIAN_POINT('',(0.375,-38.475,0.));
#2958 = VECTOR('',#2959,1.);
#2959 = DIRECTION('',(0.,1.,0.));
#2960 = PCURVE('',#166,#2961);
#2961 = DEFINITIONAL_REPRESENTATION('',(#2962),#2966);
#2962 = LINE('',#2963,#2964);
#2963 = CARTESIAN_POINT('',(1.58,8.77));
#2964 = VECTOR('',#2965,1.);
#2965 = DIRECTION('',(0.,1.));
#2966 = ( GEOMETRIC_REPRESENTATION_CONTEXT(2) 
PARAMETRIC_REPRESENTATION_CONTEXT() REPRESENTATION_CONTEXT('2D SPACE',''
  ) );
#2967 = PCURVE('',#801,#2968);
#2968 = DEFINITIONAL_REPRESENTATION('',(#2969),#2973);
#2969 = LINE('',#2970,#2971);
#2970 = CARTESIAN_POINT('',(0.,0.));
#2971 = VECTOR('',#2972,1.);
#2972 = DIRECTION('',(1.,0.));
#2973 = ( GEOMETRIC_REPRESENTATION_CONTEXT(2) 
PARAMETRIC_REPRESENTATION_CONTEXT() REPRESENTATION_CONTEXT('2D SPACE',''
  ) );
#2974 = FACE_BOUND('',#2975,.F.);
#2975 = EDGE_LOOP('',(#2976,#3001,#3024,#3047));
#2976 = ORIENTED_EDGE('',*,*,#2977,.F.);
#2977 = EDGE_CURVE('',#2978,#2980,#2982,.T.);
#2978 = VERTEX_POINT('',#2979);
#2979 = CARTESIAN_POINT('',(-0.375,-35.935,0.));
#2980 = VERTEX_POINT('',#2981);
#2981 = CARTESIAN_POINT('',(0.375,-35.935,0.));
#2982 = SURFACE_CURVE('',#2983,(#2987,#2994),.PCURVE_S1.);
#2983 = LINE('',#2984,#2985);
#2984 = CARTESIAN_POINT('',(-0.375,-35.935,0.));
#2985 = VECTOR('',#2986,1.);
#2986 = DIRECTION('',(1.,0.,0.));
#2987 = PCURVE('',#166,#2988);
#2988 = DEFINITIONAL_REPRESENTATION('',(#2989),#2993);
#2989 = LINE('',#2990,#2991);
#2990 = CARTESIAN_POINT('',(0.83,11.31));
#2991 = VECTOR('',#2992,1.);
#2992 = DIRECTION('',(1.,0.));
#2993 = ( GEOMETRIC_REPRESENTATION_CONTEXT(2) 
PARAMETRIC_REPRESENTATION_CONTEXT() REPRESENTATION_CONTEXT('2D SPACE',''
  ) );
#2994 = PCURVE('',#833,#2995);
#2995 = DEFINITIONAL_REPRESENTATION('',(#2996),#3000);
#2996 = LINE('',#2997,#2998);
#2997 = CARTESIAN_POINT('',(0.,0.));
#2998 = VECTOR('',#2999,1.);
#2999 = DIRECTION('',(1.,0.));
#3000 = ( GEOMETRIC_REPRESENTATION_CONTEXT(2) 
PARAMETRIC_REPRESENTATION_CONTEXT() REPRESENTATION_CONTEXT('2D SPACE',''
  ) );
#3001 = ORIENTED_EDGE('',*,*,#3002,.F.);
#3002 = EDGE_CURVE('',#3003,#2978,#3005,.T.);
#3003 = VERTEX_POINT('',#3004);
#3004 = CARTESIAN_POINT('',(-0.375,-35.185,0.));
#3005 = SURFACE_CURVE('',#3006,(#3010,#3017),.PCURVE_S1.);
#3006 = LINE('',#3007,#3008);
#3007 = CARTESIAN_POINT('',(-0.375,-35.185,0.));
#3008 = VECTOR('',#3009,1.);
#3009 = DIRECTION('',(0.,-1.,0.));
#3010 = PCURVE('',#166,#3011);
#3011 = DEFINITIONAL_REPRESENTATION('',(#3012),#3016);
#3012 = LINE('',#3013,#3014);
#3013 = CARTESIAN_POINT('',(0.83,12.06));
#3014 = VECTOR('',#3015,1.);
#3015 = DIRECTION('',(0.,-1.));
#3016 = ( GEOMETRIC_REPRESENTATION_CONTEXT(2) 
PARAMETRIC_REPRESENTATION_CONTEXT() REPRESENTATION_CONTEXT('2D SPACE',''
  ) );
#3017 = PCURVE('',#861,#3018);
#3018 = DEFINITIONAL_REPRESENTATION('',(#3019),#3023);
#3019 = LINE('',#3020,#3021);
#3020 = CARTESIAN_POINT('',(0.,0.));
#3021 = VECTOR('',#3022,1.);
#3022 = DIRECTION('',(1.,0.));
#3023 = ( GEOMETRIC_REPRESENTATION_CONTEXT(2) 
PARAMETRIC_REPRESENTATION_CONTEXT() REPRESENTATION_CONTEXT('2D SPACE',''
  ) );
#3024 = ORIENTED_EDGE('',*,*,#3025,.F.);
#3025 = EDGE_CURVE('',#3026,#3003,#3028,.T.);
#3026 = VERTEX_POINT('',#3027);
#3027 = CARTESIAN_POINT('',(0.375,-35.185,0.));
#3028 = SURFACE_CURVE('',#3029,(#3033,#3040),.PCURVE_S1.);
#3029 = LINE('',#3030,#3031);
#3030 = CARTESIAN_POINT('',(0.375,-35.185,0.));
#3031 = VECTOR('',#3032,1.);
#3032 = DIRECTION('',(-1.,0.,0.));
#3033 = PCURVE('',#166,#3034);
#3034 = DEFINITIONAL_REPRESENTATION('',(#3035),#3039);
#3035 = LINE('',#3036,#3037);
#3036 = CARTESIAN_POINT('',(1.58,12.06));
#3037 = VECTOR('',#3038,1.);
#3038 = DIRECTION('',(-1.,0.));
#3039 = ( GEOMETRIC_REPRESENTATION_CONTEXT(2) 
PARAMETRIC_REPRESENTATION_CONTEXT() REPRESENTATION_CONTEXT('2D SPACE',''
  ) );
#3040 = PCURVE('',#889,#3041);
#3041 = DEFINITIONAL_REPRESENTATION('',(#3042),#3046);
#3042 = LINE('',#3043,#3044);
#3043 = CARTESIAN_POINT('',(0.,-0.));
#3044 = VECTOR('',#3045,1.);
#3045 = DIRECTION('',(1.,0.));
#3046 = ( GEOMETRIC_REPRESENTATION_CONTEXT(2) 
PARAMETRIC_REPRESENTATION_CONTEXT() REPRESENTATION_CONTEXT('2D SPACE',''
  ) );
#3047 = ORIENTED_EDGE('',*,*,#3048,.F.);
#3048 = EDGE_CURVE('',#2980,#3026,#3049,.T.);
#3049 = SURFACE_CURVE('',#3050,(#3054,#3061),.PCURVE_S1.);
#3050 = LINE('',#3051,#3052);
#3051 = CARTESIAN_POINT('',(0.375,-35.935,0.));
#3052 = VECTOR('',#3053,1.);
#3053 = DIRECTION('',(0.,1.,0.));
#3054 = PCURVE('',#166,#3055);
#3055 = DEFINITIONAL_REPRESENTATION('',(#3056),#3060);
#3056 = LINE('',#3057,#3058);
#3057 = CARTESIAN_POINT('',(1.58,11.31));
#3058 = VECTOR('',#3059,1.);
#3059 = DIRECTION('',(0.,1.));
#3060 = ( GEOMETRIC_REPRESENTATION_CONTEXT(2) 
PARAMETRIC_REPRESENTATION_CONTEXT() REPRESENTATION_CONTEXT('2D SPACE',''
  ) );
#3061 = PCURVE('',#915,#3062);
#3062 = DEFINITIONAL_REPRESENTATION('',(#3063),#3067);
#3063 = LINE('',#3064,#3065);
#3064 = CARTESIAN_POINT('',(0.,0.));
#3065 = VECTOR('',#3066,1.);
#3066 = DIRECTION('',(1.,0.));
#3067 = ( GEOMETRIC_REPRESENTATION_CONTEXT(2) 
PARAMETRIC_REPRESENTATION_CONTEXT() REPRESENTATION_CONTEXT('2D SPACE',''
  ) );
#3068 = FACE_BOUND('',#3069,.F.);
#3069 = EDGE_LOOP('',(#3070,#3095,#3118,#3141));
#3070 = ORIENTED_EDGE('',*,*,#3071,.F.);
#3071 = EDGE_CURVE('',#3072,#3074,#3076,.T.);
#3072 = VERTEX_POINT('',#3073);
#3073 = CARTESIAN_POINT('',(-0.375,-33.395,0.));
#3074 = VERTEX_POINT('',#3075);
#3075 = CARTESIAN_POINT('',(0.375,-33.395,0.));
#3076 = SURFACE_CURVE('',#3077,(#3081,#3088),.PCURVE_S1.);
#3077 = LINE('',#3078,#3079);
#3078 = CARTESIAN_POINT('',(-0.375,-33.395,0.));
#3079 = VECTOR('',#3080,1.);
#3080 = DIRECTION('',(1.,0.,0.));
#3081 = PCURVE('',#166,#3082);
#3082 = DEFINITIONAL_REPRESENTATION('',(#3083),#3087);
#3083 = LINE('',#3084,#3085);
#3084 = CARTESIAN_POINT('',(0.83,13.85));
#3085 = VECTOR('',#3086,1.);
#3086 = DIRECTION('',(1.,0.));
#3087 = ( GEOMETRIC_REPRESENTATION_CONTEXT(2) 
PARAMETRIC_REPRESENTATION_CONTEXT() REPRESENTATION_CONTEXT('2D SPACE',''
  ) );
#3088 = PCURVE('',#947,#3089);
#3089 = DEFINITIONAL_REPRESENTATION('',(#3090),#3094);
#3090 = LINE('',#3091,#3092);
#3091 = CARTESIAN_POINT('',(0.,0.));
#3092 = VECTOR('',#3093,1.);
#3093 = DIRECTION('',(1.,0.));
#3094 = ( GEOMETRIC_REPRESENTATION_CONTEXT(2) 
PARAMETRIC_REPRESENTATION_CONTEXT() REPRESENTATION_CONTEXT('2D SPACE',''
  ) );
#3095 = ORIENTED_EDGE('',*,*,#3096,.F.);
#3096 = EDGE_CURVE('',#3097,#3072,#3099,.T.);
#3097 = VERTEX_POINT('',#3098);
#3098 = CARTESIAN_POINT('',(-0.375,-32.645,0.));
#3099 = SURFACE_CURVE('',#3100,(#3104,#3111),.PCURVE_S1.);
#3100 = LINE('',#3101,#3102);
#3101 = CARTESIAN_POINT('',(-0.375,-32.645,0.));
#3102 = VECTOR('',#3103,1.);
#3103 = DIRECTION('',(0.,-1.,0.));
#3104 = PCURVE('',#166,#3105);
#3105 = DEFINITIONAL_REPRESENTATION('',(#3106),#3110);
#3106 = LINE('',#3107,#3108);
#3107 = CARTESIAN_POINT('',(0.83,14.6));
#3108 = VECTOR('',#3109,1.);
#3109 = DIRECTION('',(0.,-1.));
#3110 = ( GEOMETRIC_REPRESENTATION_CONTEXT(2) 
PARAMETRIC_REPRESENTATION_CONTEXT() REPRESENTATION_CONTEXT('2D SPACE',''
  ) );
#3111 = PCURVE('',#975,#3112);
#3112 = DEFINITIONAL_REPRESENTATION('',(#3113),#3117);
#3113 = LINE('',#3114,#3115);
#3114 = CARTESIAN_POINT('',(0.,0.));
#3115 = VECTOR('',#3116,1.);
#3116 = DIRECTION('',(1.,0.));
#3117 = ( GEOMETRIC_REPRESENTATION_CONTEXT(2) 
PARAMETRIC_REPRESENTATION_CONTEXT() REPRESENTATION_CONTEXT('2D SPACE',''
  ) );
#3118 = ORIENTED_EDGE('',*,*,#3119,.F.);
#3119 = EDGE_CURVE('',#3120,#3097,#3122,.T.);
#3120 = VERTEX_POINT('',#3121);
#3121 = CARTESIAN_POINT('',(0.375,-32.645,0.));
#3122 = SURFACE_CURVE('',#3123,(#3127,#3134),.PCURVE_S1.);
#3123 = LINE('',#3124,#3125);
#3124 = CARTESIAN_POINT('',(0.375,-32.645,0.));
#3125 = VECTOR('',#3126,1.);
#3126 = DIRECTION('',(-1.,0.,0.));
#3127 = PCURVE('',#166,#3128);
#3128 = DEFINITIONAL_REPRESENTATION('',(#3129),#3133);
#3129 = LINE('',#3130,#3131);
#3130 = CARTESIAN_POINT('',(1.58,14.6));
#3131 = VECTOR('',#3132,1.);
#3132 = DIRECTION('',(-1.,0.));
#3133 = ( GEOMETRIC_REPRESENTATION_CONTEXT(2) 
PARAMETRIC_REPRESENTATION_CONTEXT() REPRESENTATION_CONTEXT('2D SPACE',''
  ) );
#3134 = PCURVE('',#1003,#3135);
#3135 = DEFINITIONAL_REPRESENTATION('',(#3136),#3140);
#3136 = LINE('',#3137,#3138);
#3137 = CARTESIAN_POINT('',(0.,-0.));
#3138 = VECTOR('',#3139,1.);
#3139 = DIRECTION('',(1.,0.));
#3140 = ( GEOMETRIC_REPRESENTATION_CONTEXT(2) 
PARAMETRIC_REPRESENTATION_CONTEXT() REPRESENTATION_CONTEXT('2D SPACE',''
  ) );
#3141 = ORIENTED_EDGE('',*,*,#3142,.F.);
#3142 = EDGE_CURVE('',#3074,#3120,#3143,.T.);
#3143 = SURFACE_CURVE('',#3144,(#3148,#3155),.PCURVE_S1.);
#3144 = LINE('',#3145,#3146);
#3145 = CARTESIAN_POINT('',(0.375,-33.395,0.));
#3146 = VECTOR('',#3147,1.);
#3147 = DIRECTION('',(0.,1.,0.));
#3148 = PCURVE('',#166,#3149);
#3149 = DEFINITIONAL_REPRESENTATION('',(#3150),#3154);
#3150 = LINE('',#3151,#3152);
#3151 = CARTESIAN_POINT('',(1.58,13.85));
#3152 = VECTOR('',#3153,1.);
#3153 = DIRECTION('',(0.,1.));
#3154 = ( GEOMETRIC_REPRESENTATION_CONTEXT(2) 
PARAMETRIC_REPRESENTATION_CONTEXT() REPRESENTATION_CONTEXT('2D SPACE',''
  ) );
#3155 = PCURVE('',#1029,#3156);
#3156 = DEFINITIONAL_REPRESENTATION('',(#3157),#3161);
#3157 = LINE('',#3158,#3159);
#3158 = CARTESIAN_POINT('',(0.,0.));
#3159 = VECTOR('',#3160,1.);
#3160 = DIRECTION('',(1.,0.));
#3161 = ( GEOMETRIC_REPRESENTATION_CONTEXT(2) 
PARAMETRIC_REPRESENTATION_CONTEXT() REPRESENTATION_CONTEXT('2D SPACE',''
  ) );
#3162 = FACE_BOUND('',#3163,.F.);
#3163 = EDGE_LOOP('',(#3164,#3189,#3212,#3235));
#3164 = ORIENTED_EDGE('',*,*,#3165,.F.);
#3165 = EDGE_CURVE('',#3166,#3168,#3170,.T.);
#3166 = VERTEX_POINT('',#3167);
#3167 = CARTESIAN_POINT('',(-0.375,-30.855,0.));
#3168 = VERTEX_POINT('',#3169);
#3169 = CARTESIAN_POINT('',(0.375,-30.855,0.));
#3170 = SURFACE_CURVE('',#3171,(#3175,#3182),.PCURVE_S1.);
#3171 = LINE('',#3172,#3173);
#3172 = CARTESIAN_POINT('',(-0.375,-30.855,0.));
#3173 = VECTOR('',#3174,1.);
#3174 = DIRECTION('',(1.,0.,0.));
#3175 = PCURVE('',#166,#3176);
#3176 = DEFINITIONAL_REPRESENTATION('',(#3177),#3181);
#3177 = LINE('',#3178,#3179);
#3178 = CARTESIAN_POINT('',(0.83,16.39));
#3179 = VECTOR('',#3180,1.);
#3180 = DIRECTION('',(1.,0.));
#3181 = ( GEOMETRIC_REPRESENTATION_CONTEXT(2) 
PARAMETRIC_REPRESENTATION_CONTEXT() REPRESENTATION_CONTEXT('2D SPACE',''
  ) );
#3182 = PCURVE('',#1061,#3183);
#3183 = DEFINITIONAL_REPRESENTATION('',(#3184),#3188);
#3184 = LINE('',#3185,#3186);
#3185 = CARTESIAN_POINT('',(0.,0.));
#3186 = VECTOR('',#3187,1.);
#3187 = DIRECTION('',(1.,0.));
#3188 = ( GEOMETRIC_REPRESENTATION_CONTEXT(2) 
PARAMETRIC_REPRESENTATION_CONTEXT() REPRESENTATION_CONTEXT('2D SPACE',''
  ) );
#3189 = ORIENTED_EDGE('',*,*,#3190,.F.);
#3190 = EDGE_CURVE('',#3191,#3166,#3193,.T.);
#3191 = VERTEX_POINT('',#3192);
#3192 = CARTESIAN_POINT('',(-0.375,-30.105,0.));
#3193 = SURFACE_CURVE('',#3194,(#3198,#3205),.PCURVE_S1.);
#3194 = LINE('',#3195,#3196);
#3195 = CARTESIAN_POINT('',(-0.375,-30.105,0.));
#3196 = VECTOR('',#3197,1.);
#3197 = DIRECTION('',(0.,-1.,0.));
#3198 = PCURVE('',#166,#3199);
#3199 = DEFINITIONAL_REPRESENTATION('',(#3200),#3204);
#3200 = LINE('',#3201,#3202);
#3201 = CARTESIAN_POINT('',(0.83,17.14));
#3202 = VECTOR('',#3203,1.);
#3203 = DIRECTION('',(0.,-1.));
#3204 = ( GEOMETRIC_REPRESENTATION_CONTEXT(2) 
PARAMETRIC_REPRESENTATION_CONTEXT() REPRESENTATION_CONTEXT('2D SPACE',''
  ) );
#3205 = PCURVE('',#1089,#3206);
#3206 = DEFINITIONAL_REPRESENTATION('',(#3207),#3211);
#3207 = LINE('',#3208,#3209);
#3208 = CARTESIAN_POINT('',(0.,0.));
#3209 = VECTOR('',#3210,1.);
#3210 = DIRECTION('',(1.,0.));
#3211 = ( GEOMETRIC_REPRESENTATION_CONTEXT(2) 
PARAMETRIC_REPRESENTATION_CONTEXT() REPRESENTATION_CONTEXT('2D SPACE',''
  ) );
#3212 = ORIENTED_EDGE('',*,*,#3213,.F.);
#3213 = EDGE_CURVE('',#3214,#3191,#3216,.T.);
#3214 = VERTEX_POINT('',#3215);
#3215 = CARTESIAN_POINT('',(0.375,-30.105,0.));
#3216 = SURFACE_CURVE('',#3217,(#3221,#3228),.PCURVE_S1.);
#3217 = LINE('',#3218,#3219);
#3218 = CARTESIAN_POINT('',(0.375,-30.105,0.));
#3219 = VECTOR('',#3220,1.);
#3220 = DIRECTION('',(-1.,0.,0.));
#3221 = PCURVE('',#166,#3222);
#3222 = DEFINITIONAL_REPRESENTATION('',(#3223),#3227);
#3223 = LINE('',#3224,#3225);
#3224 = CARTESIAN_POINT('',(1.58,17.14));
#3225 = VECTOR('',#3226,1.);
#3226 = DIRECTION('',(-1.,0.));
#3227 = ( GEOMETRIC_REPRESENTATION_CONTEXT(2) 
PARAMETRIC_REPRESENTATION_CONTEXT() REPRESENTATION_CONTEXT('2D SPACE',''
  ) );
#3228 = PCURVE('',#1117,#3229);
#3229 = DEFINITIONAL_REPRESENTATION('',(#3230),#3234);
#3230 = LINE('',#3231,#3232);
#3231 = CARTESIAN_POINT('',(0.,-0.));
#3232 = VECTOR('',#3233,1.);
#3233 = DIRECTION('',(1.,0.));
#3234 = ( GEOMETRIC_REPRESENTATION_CONTEXT(2) 
PARAMETRIC_REPRESENTATION_CONTEXT() REPRESENTATION_CONTEXT('2D SPACE',''
  ) );
#3235 = ORIENTED_EDGE('',*,*,#3236,.F.);
#3236 = EDGE_CURVE('',#3168,#3214,#3237,.T.);
#3237 = SURFACE_CURVE('',#3238,(#3242,#3249),.PCURVE_S1.);
#3238 = LINE('',#3239,#3240);
#3239 = CARTESIAN_POINT('',(0.375,-30.855,0.));
#3240 = VECTOR('',#3241,1.);
#3241 = DIRECTION('',(0.,1.,0.));
#3242 = PCURVE('',#166,#3243);
#3243 = DEFINITIONAL_REPRESENTATION('',(#3244),#3248);
#3244 = LINE('',#3245,#3246);
#3245 = CARTESIAN_POINT('',(1.58,16.39));
#3246 = VECTOR('',#3247,1.);
#3247 = DIRECTION('',(0.,1.));
#3248 = ( GEOMETRIC_REPRESENTATION_CONTEXT(2) 
PARAMETRIC_REPRESENTATION_CONTEXT() REPRESENTATION_CONTEXT('2D SPACE',''
  ) );
#3249 = PCURVE('',#1143,#3250);
#3250 = DEFINITIONAL_REPRESENTATION('',(#3251),#3255);
#3251 = LINE('',#3252,#3253);
#3252 = CARTESIAN_POINT('',(0.,0.));
#3253 = VECTOR('',#3254,1.);
#3254 = DIRECTION('',(1.,0.));
#3255 = ( GEOMETRIC_REPRESENTATION_CONTEXT(2) 
PARAMETRIC_REPRESENTATION_CONTEXT() REPRESENTATION_CONTEXT('2D SPACE',''
  ) );
#3256 = FACE_BOUND('',#3257,.F.);
#3257 = EDGE_LOOP('',(#3258,#3283,#3306,#3329));
#3258 = ORIENTED_EDGE('',*,*,#3259,.F.);
#3259 = EDGE_CURVE('',#3260,#3262,#3264,.T.);
#3260 = VERTEX_POINT('',#3261);
#3261 = CARTESIAN_POINT('',(-0.375,-28.315,0.));
#3262 = VERTEX_POINT('',#3263);
#3263 = CARTESIAN_POINT('',(0.375,-28.315,0.));
#3264 = SURFACE_CURVE('',#3265,(#3269,#3276),.PCURVE_S1.);
#3265 = LINE('',#3266,#3267);
#3266 = CARTESIAN_POINT('',(-0.375,-28.315,0.));
#3267 = VECTOR('',#3268,1.);
#3268 = DIRECTION('',(1.,0.,0.));
#3269 = PCURVE('',#166,#3270);
#3270 = DEFINITIONAL_REPRESENTATION('',(#3271),#3275);
#3271 = LINE('',#3272,#3273);
#3272 = CARTESIAN_POINT('',(0.83,18.93));
#3273 = VECTOR('',#3274,1.);
#3274 = DIRECTION('',(1.,0.));
#3275 = ( GEOMETRIC_REPRESENTATION_CONTEXT(2) 
PARAMETRIC_REPRESENTATION_CONTEXT() REPRESENTATION_CONTEXT('2D SPACE',''
  ) );
#3276 = PCURVE('',#1175,#3277);
#3277 = DEFINITIONAL_REPRESENTATION('',(#3278),#3282);
#3278 = LINE('',#3279,#3280);
#3279 = CARTESIAN_POINT('',(0.,0.));
#3280 = VECTOR('',#3281,1.);
#3281 = DIRECTION('',(1.,0.));
#3282 = ( GEOMETRIC_REPRESENTATION_CONTEXT(2) 
PARAMETRIC_REPRESENTATION_CONTEXT() REPRESENTATION_CONTEXT('2D SPACE',''
  ) );
#3283 = ORIENTED_EDGE('',*,*,#3284,.F.);
#3284 = EDGE_CURVE('',#3285,#3260,#3287,.T.);
#3285 = VERTEX_POINT('',#3286);
#3286 = CARTESIAN_POINT('',(-0.375,-27.565,0.));
#3287 = SURFACE_CURVE('',#3288,(#3292,#3299),.PCURVE_S1.);
#3288 = LINE('',#3289,#3290);
#3289 = CARTESIAN_POINT('',(-0.375,-27.565,0.));
#3290 = VECTOR('',#3291,1.);
#3291 = DIRECTION('',(0.,-1.,0.));
#3292 = PCURVE('',#166,#3293);
#3293 = DEFINITIONAL_REPRESENTATION('',(#3294),#3298);
#3294 = LINE('',#3295,#3296);
#3295 = CARTESIAN_POINT('',(0.83,19.68));
#3296 = VECTOR('',#3297,1.);
#3297 = DIRECTION('',(0.,-1.));
#3298 = ( GEOMETRIC_REPRESENTATION_CONTEXT(2) 
PARAMETRIC_REPRESENTATION_CONTEXT() REPRESENTATION_CONTEXT('2D SPACE',''
  ) );
#3299 = PCURVE('',#1203,#3300);
#3300 = DEFINITIONAL_REPRESENTATION('',(#3301),#3305);
#3301 = LINE('',#3302,#3303);
#3302 = CARTESIAN_POINT('',(0.,0.));
#3303 = VECTOR('',#3304,1.);
#3304 = DIRECTION('',(1.,0.));
#3305 = ( GEOMETRIC_REPRESENTATION_CONTEXT(2) 
PARAMETRIC_REPRESENTATION_CONTEXT() REPRESENTATION_CONTEXT('2D SPACE',''
  ) );
#3306 = ORIENTED_EDGE('',*,*,#3307,.F.);
#3307 = EDGE_CURVE('',#3308,#3285,#3310,.T.);
#3308 = VERTEX_POINT('',#3309);
#3309 = CARTESIAN_POINT('',(0.375,-27.565,0.));
#3310 = SURFACE_CURVE('',#3311,(#3315,#3322),.PCURVE_S1.);
#3311 = LINE('',#3312,#3313);
#3312 = CARTESIAN_POINT('',(0.375,-27.565,0.));
#3313 = VECTOR('',#3314,1.);
#3314 = DIRECTION('',(-1.,0.,0.));
#3315 = PCURVE('',#166,#3316);
#3316 = DEFINITIONAL_REPRESENTATION('',(#3317),#3321);
#3317 = LINE('',#3318,#3319);
#3318 = CARTESIAN_POINT('',(1.58,19.68));
#3319 = VECTOR('',#3320,1.);
#3320 = DIRECTION('',(-1.,0.));
#3321 = ( GEOMETRIC_REPRESENTATION_CONTEXT(2) 
PARAMETRIC_REPRESENTATION_CONTEXT() REPRESENTATION_CONTEXT('2D SPACE',''
  ) );
#3322 = PCURVE('',#1231,#3323);
#3323 = DEFINITIONAL_REPRESENTATION('',(#3324),#3328);
#3324 = LINE('',#3325,#3326);
#3325 = CARTESIAN_POINT('',(0.,-0.));
#3326 = VECTOR('',#3327,1.);
#3327 = DIRECTION('',(1.,0.));
#3328 = ( GEOMETRIC_REPRESENTATION_CONTEXT(2) 
PARAMETRIC_REPRESENTATION_CONTEXT() REPRESENTATION_CONTEXT('2D SPACE',''
  ) );
#3329 = ORIENTED_EDGE('',*,*,#3330,.F.);
#3330 = EDGE_CURVE('',#3262,#3308,#3331,.T.);
#3331 = SURFACE_CURVE('',#3332,(#3336,#3343),.PCURVE_S1.);
#3332 = LINE('',#3333,#3334);
#3333 = CARTESIAN_POINT('',(0.375,-28.315,0.));
#3334 = VECTOR('',#3335,1.);
#3335 = DIRECTION('',(0.,1.,0.));
#3336 = PCURVE('',#166,#3337);
#3337 = DEFINITIONAL_REPRESENTATION('',(#3338),#3342);
#3338 = LINE('',#3339,#3340);
#3339 = CARTESIAN_POINT('',(1.58,18.93));
#3340 = VECTOR('',#3341,1.);
#3341 = DIRECTION('',(0.,1.));
#3342 = ( GEOMETRIC_REPRESENTATION_CONTEXT(2) 
PARAMETRIC_REPRESENTATION_CONTEXT() REPRESENTATION_CONTEXT('2D SPACE',''
  ) );
#3343 = PCURVE('',#1257,#3344);
#3344 = DEFINITIONAL_REPRESENTATION('',(#3345),#3349);
#3345 = LINE('',#3346,#3347);
#3346 = CARTESIAN_POINT('',(0.,0.));
#3347 = VECTOR('',#3348,1.);
#3348 = DIRECTION('',(1.,0.));
#3349 = ( GEOMETRIC_REPRESENTATION_CONTEXT(2) 
PARAMETRIC_REPRESENTATION_CONTEXT() REPRESENTATION_CONTEXT('2D SPACE',''
  ) );
#3350 = FACE_BOUND('',#3351,.F.);
#3351 = EDGE_LOOP('',(#3352,#3377,#3400,#3423));
#3352 = ORIENTED_EDGE('',*,*,#3353,.F.);
#3353 = EDGE_CURVE('',#3354,#3356,#3358,.T.);
#3354 = VERTEX_POINT('',#3355);
#3355 = CARTESIAN_POINT('',(-0.375,-25.775,0.));
#3356 = VERTEX_POINT('',#3357);
#3357 = CARTESIAN_POINT('',(0.375,-25.775,0.));
#3358 = SURFACE_CURVE('',#3359,(#3363,#3370),.PCURVE_S1.);
#3359 = LINE('',#3360,#3361);
#3360 = CARTESIAN_POINT('',(-0.375,-25.775,0.));
#3361 = VECTOR('',#3362,1.);
#3362 = DIRECTION('',(1.,0.,0.));
#3363 = PCURVE('',#166,#3364);
#3364 = DEFINITIONAL_REPRESENTATION('',(#3365),#3369);
#3365 = LINE('',#3366,#3367);
#3366 = CARTESIAN_POINT('',(0.83,21.47));
#3367 = VECTOR('',#3368,1.);
#3368 = DIRECTION('',(1.,0.));
#3369 = ( GEOMETRIC_REPRESENTATION_CONTEXT(2) 
PARAMETRIC_REPRESENTATION_CONTEXT() REPRESENTATION_CONTEXT('2D SPACE',''
  ) );
#3370 = PCURVE('',#1289,#3371);
#3371 = DEFINITIONAL_REPRESENTATION('',(#3372),#3376);
#3372 = LINE('',#3373,#3374);
#3373 = CARTESIAN_POINT('',(0.,0.));
#3374 = VECTOR('',#3375,1.);
#3375 = DIRECTION('',(1.,0.));
#3376 = ( GEOMETRIC_REPRESENTATION_CONTEXT(2) 
PARAMETRIC_REPRESENTATION_CONTEXT() REPRESENTATION_CONTEXT('2D SPACE',''
  ) );
#3377 = ORIENTED_EDGE('',*,*,#3378,.F.);
#3378 = EDGE_CURVE('',#3379,#3354,#3381,.T.);
#3379 = VERTEX_POINT('',#3380);
#3380 = CARTESIAN_POINT('',(-0.375,-25.025,0.));
#3381 = SURFACE_CURVE('',#3382,(#3386,#3393),.PCURVE_S1.);
#3382 = LINE('',#3383,#3384);
#3383 = CARTESIAN_POINT('',(-0.375,-25.025,0.));
#3384 = VECTOR('',#3385,1.);
#3385 = DIRECTION('',(0.,-1.,0.));
#3386 = PCURVE('',#166,#3387);
#3387 = DEFINITIONAL_REPRESENTATION('',(#3388),#3392);
#3388 = LINE('',#3389,#3390);
#3389 = CARTESIAN_POINT('',(0.83,22.22));
#3390 = VECTOR('',#3391,1.);
#3391 = DIRECTION('',(0.,-1.));
#3392 = ( GEOMETRIC_REPRESENTATION_CONTEXT(2) 
PARAMETRIC_REPRESENTATION_CONTEXT() REPRESENTATION_CONTEXT('2D SPACE',''
  ) );
#3393 = PCURVE('',#1317,#3394);
#3394 = DEFINITIONAL_REPRESENTATION('',(#3395),#3399);
#3395 = LINE('',#3396,#3397);
#3396 = CARTESIAN_POINT('',(0.,0.));
#3397 = VECTOR('',#3398,1.);
#3398 = DIRECTION('',(1.,0.));
#3399 = ( GEOMETRIC_REPRESENTATION_CONTEXT(2) 
PARAMETRIC_REPRESENTATION_CONTEXT() REPRESENTATION_CONTEXT('2D SPACE',''
  ) );
#3400 = ORIENTED_EDGE('',*,*,#3401,.F.);
#3401 = EDGE_CURVE('',#3402,#3379,#3404,.T.);
#3402 = VERTEX_POINT('',#3403);
#3403 = CARTESIAN_POINT('',(0.375,-25.025,0.));
#3404 = SURFACE_CURVE('',#3405,(#3409,#3416),.PCURVE_S1.);
#3405 = LINE('',#3406,#3407);
#3406 = CARTESIAN_POINT('',(0.375,-25.025,0.));
#3407 = VECTOR('',#3408,1.);
#3408 = DIRECTION('',(-1.,0.,0.));
#3409 = PCURVE('',#166,#3410);
#3410 = DEFINITIONAL_REPRESENTATION('',(#3411),#3415);
#3411 = LINE('',#3412,#3413);
#3412 = CARTESIAN_POINT('',(1.58,22.22));
#3413 = VECTOR('',#3414,1.);
#3414 = DIRECTION('',(-1.,0.));
#3415 = ( GEOMETRIC_REPRESENTATION_CONTEXT(2) 
PARAMETRIC_REPRESENTATION_CONTEXT() REPRESENTATION_CONTEXT('2D SPACE',''
  ) );
#3416 = PCURVE('',#1345,#3417);
#3417 = DEFINITIONAL_REPRESENTATION('',(#3418),#3422);
#3418 = LINE('',#3419,#3420);
#3419 = CARTESIAN_POINT('',(0.,-0.));
#3420 = VECTOR('',#3421,1.);
#3421 = DIRECTION('',(1.,0.));
#3422 = ( GEOMETRIC_REPRESENTATION_CONTEXT(2) 
PARAMETRIC_REPRESENTATION_CONTEXT() REPRESENTATION_CONTEXT('2D SPACE',''
  ) );
#3423 = ORIENTED_EDGE('',*,*,#3424,.F.);
#3424 = EDGE_CURVE('',#3356,#3402,#3425,.T.);
#3425 = SURFACE_CURVE('',#3426,(#3430,#3437),.PCURVE_S1.);
#3426 = LINE('',#3427,#3428);
#3427 = CARTESIAN_POINT('',(0.375,-25.775,0.));
#3428 = VECTOR('',#3429,1.);
#3429 = DIRECTION('',(0.,1.,0.));
#3430 = PCURVE('',#166,#3431);
#3431 = DEFINITIONAL_REPRESENTATION('',(#3432),#3436);
#3432 = LINE('',#3433,#3434);
#3433 = CARTESIAN_POINT('',(1.58,21.47));
#3434 = VECTOR('',#3435,1.);
#3435 = DIRECTION('',(0.,1.));
#3436 = ( GEOMETRIC_REPRESENTATION_CONTEXT(2) 
PARAMETRIC_REPRESENTATION_CONTEXT() REPRESENTATION_CONTEXT('2D SPACE',''
  ) );
#3437 = PCURVE('',#1371,#3438);
#3438 = DEFINITIONAL_REPRESENTATION('',(#3439),#3443);
#3439 = LINE('',#3440,#3441);
#3440 = CARTESIAN_POINT('',(0.,0.));
#3441 = VECTOR('',#3442,1.);
#3442 = DIRECTION('',(1.,0.));
#3443 = ( GEOMETRIC_REPRESENTATION_CONTEXT(2) 
PARAMETRIC_REPRESENTATION_CONTEXT() REPRESENTATION_CONTEXT('2D SPACE',''
  ) );
#3444 = FACE_BOUND('',#3445,.F.);
#3445 = EDGE_LOOP('',(#3446,#3471,#3494,#3517));
#3446 = ORIENTED_EDGE('',*,*,#3447,.F.);
#3447 = EDGE_CURVE('',#3448,#3450,#3452,.T.);
#3448 = VERTEX_POINT('',#3449);
#3449 = CARTESIAN_POINT('',(-0.375,-23.235,0.));
#3450 = VERTEX_POINT('',#3451);
#3451 = CARTESIAN_POINT('',(0.375,-23.235,0.));
#3452 = SURFACE_CURVE('',#3453,(#3457,#3464),.PCURVE_S1.);
#3453 = LINE('',#3454,#3455);
#3454 = CARTESIAN_POINT('',(-0.375,-23.235,0.));
#3455 = VECTOR('',#3456,1.);
#3456 = DIRECTION('',(1.,0.,0.));
#3457 = PCURVE('',#166,#3458);
#3458 = DEFINITIONAL_REPRESENTATION('',(#3459),#3463);
#3459 = LINE('',#3460,#3461);
#3460 = CARTESIAN_POINT('',(0.83,24.01));
#3461 = VECTOR('',#3462,1.);
#3462 = DIRECTION('',(1.,0.));
#3463 = ( GEOMETRIC_REPRESENTATION_CONTEXT(2) 
PARAMETRIC_REPRESENTATION_CONTEXT() REPRESENTATION_CONTEXT('2D SPACE',''
  ) );
#3464 = PCURVE('',#1403,#3465);
#3465 = DEFINITIONAL_REPRESENTATION('',(#3466),#3470);
#3466 = LINE('',#3467,#3468);
#3467 = CARTESIAN_POINT('',(0.,0.));
#3468 = VECTOR('',#3469,1.);
#3469 = DIRECTION('',(1.,0.));
#3470 = ( GEOMETRIC_REPRESENTATION_CONTEXT(2) 
PARAMETRIC_REPRESENTATION_CONTEXT() REPRESENTATION_CONTEXT('2D SPACE',''
  ) );
#3471 = ORIENTED_EDGE('',*,*,#3472,.F.);
#3472 = EDGE_CURVE('',#3473,#3448,#3475,.T.);
#3473 = VERTEX_POINT('',#3474);
#3474 = CARTESIAN_POINT('',(-0.375,-22.485,0.));
#3475 = SURFACE_CURVE('',#3476,(#3480,#3487),.PCURVE_S1.);
#3476 = LINE('',#3477,#3478);
#3477 = CARTESIAN_POINT('',(-0.375,-22.485,0.));
#3478 = VECTOR('',#3479,1.);
#3479 = DIRECTION('',(0.,-1.,0.));
#3480 = PCURVE('',#166,#3481);
#3481 = DEFINITIONAL_REPRESENTATION('',(#3482),#3486);
#3482 = LINE('',#3483,#3484);
#3483 = CARTESIAN_POINT('',(0.83,24.76));
#3484 = VECTOR('',#3485,1.);
#3485 = DIRECTION('',(0.,-1.));
#3486 = ( GEOMETRIC_REPRESENTATION_CONTEXT(2) 
PARAMETRIC_REPRESENTATION_CONTEXT() REPRESENTATION_CONTEXT('2D SPACE',''
  ) );
#3487 = PCURVE('',#1431,#3488);
#3488 = DEFINITIONAL_REPRESENTATION('',(#3489),#3493);
#3489 = LINE('',#3490,#3491);
#3490 = CARTESIAN_POINT('',(0.,0.));
#3491 = VECTOR('',#3492,1.);
#3492 = DIRECTION('',(1.,0.));
#3493 = ( GEOMETRIC_REPRESENTATION_CONTEXT(2) 
PARAMETRIC_REPRESENTATION_CONTEXT() REPRESENTATION_CONTEXT('2D SPACE',''
  ) );
#3494 = ORIENTED_EDGE('',*,*,#3495,.F.);
#3495 = EDGE_CURVE('',#3496,#3473,#3498,.T.);
#3496 = VERTEX_POINT('',#3497);
#3497 = CARTESIAN_POINT('',(0.375,-22.485,0.));
#3498 = SURFACE_CURVE('',#3499,(#3503,#3510),.PCURVE_S1.);
#3499 = LINE('',#3500,#3501);
#3500 = CARTESIAN_POINT('',(0.375,-22.485,0.));
#3501 = VECTOR('',#3502,1.);
#3502 = DIRECTION('',(-1.,0.,0.));
#3503 = PCURVE('',#166,#3504);
#3504 = DEFINITIONAL_REPRESENTATION('',(#3505),#3509);
#3505 = LINE('',#3506,#3507);
#3506 = CARTESIAN_POINT('',(1.58,24.76));
#3507 = VECTOR('',#3508,1.);
#3508 = DIRECTION('',(-1.,0.));
#3509 = ( GEOMETRIC_REPRESENTATION_CONTEXT(2) 
PARAMETRIC_REPRESENTATION_CONTEXT() REPRESENTATION_CONTEXT('2D SPACE',''
  ) );
#3510 = PCURVE('',#1459,#3511);
#3511 = DEFINITIONAL_REPRESENTATION('',(#3512),#3516);
#3512 = LINE('',#3513,#3514);
#3513 = CARTESIAN_POINT('',(0.,-0.));
#3514 = VECTOR('',#3515,1.);
#3515 = DIRECTION('',(1.,0.));
#3516 = ( GEOMETRIC_REPRESENTATION_CONTEXT(2) 
PARAMETRIC_REPRESENTATION_CONTEXT() REPRESENTATION_CONTEXT('2D SPACE',''
  ) );
#3517 = ORIENTED_EDGE('',*,*,#3518,.F.);
#3518 = EDGE_CURVE('',#3450,#3496,#3519,.T.);
#3519 = SURFACE_CURVE('',#3520,(#3524,#3531),.PCURVE_S1.);
#3520 = LINE('',#3521,#3522);
#3521 = CARTESIAN_POINT('',(0.375,-23.235,0.));
#3522 = VECTOR('',#3523,1.);
#3523 = DIRECTION('',(0.,1.,0.));
#3524 = PCURVE('',#166,#3525);
#3525 = DEFINITIONAL_REPRESENTATION('',(#3526),#3530);
#3526 = LINE('',#3527,#3528);
#3527 = CARTESIAN_POINT('',(1.58,24.01));
#3528 = VECTOR('',#3529,1.);
#3529 = DIRECTION('',(0.,1.));
#3530 = ( GEOMETRIC_REPRESENTATION_CONTEXT(2) 
PARAMETRIC_REPRESENTATION_CONTEXT() REPRESENTATION_CONTEXT('2D SPACE',''
  ) );
#3531 = PCURVE('',#1485,#3532);
#3532 = DEFINITIONAL_REPRESENTATION('',(#3533),#3537);
#3533 = LINE('',#3534,#3535);
#3534 = CARTESIAN_POINT('',(0.,0.));
#3535 = VECTOR('',#3536,1.);
#3536 = DIRECTION('',(1.,0.));
#3537 = ( GEOMETRIC_REPRESENTATION_CONTEXT(2) 
PARAMETRIC_REPRESENTATION_CONTEXT() REPRESENTATION_CONTEXT('2D SPACE',''
  ) );
#3538 = FACE_BOUND('',#3539,.F.);
#3539 = EDGE_LOOP('',(#3540,#3565,#3588,#3611));
#3540 = ORIENTED_EDGE('',*,*,#3541,.F.);
#3541 = EDGE_CURVE('',#3542,#3544,#3546,.T.);
#3542 = VERTEX_POINT('',#3543);
#3543 = CARTESIAN_POINT('',(-0.375,-20.695,0.));
#3544 = VERTEX_POINT('',#3545);
#3545 = CARTESIAN_POINT('',(0.375,-20.695,0.));
#3546 = SURFACE_CURVE('',#3547,(#3551,#3558),.PCURVE_S1.);
#3547 = LINE('',#3548,#3549);
#3548 = CARTESIAN_POINT('',(-0.375,-20.695,0.));
#3549 = VECTOR('',#3550,1.);
#3550 = DIRECTION('',(1.,0.,0.));
#3551 = PCURVE('',#166,#3552);
#3552 = DEFINITIONAL_REPRESENTATION('',(#3553),#3557);
#3553 = LINE('',#3554,#3555);
#3554 = CARTESIAN_POINT('',(0.83,26.55));
#3555 = VECTOR('',#3556,1.);
#3556 = DIRECTION('',(1.,0.));
#3557 = ( GEOMETRIC_REPRESENTATION_CONTEXT(2) 
PARAMETRIC_REPRESENTATION_CONTEXT() REPRESENTATION_CONTEXT('2D SPACE',''
  ) );
#3558 = PCURVE('',#1517,#3559);
#3559 = DEFINITIONAL_REPRESENTATION('',(#3560),#3564);
#3560 = LINE('',#3561,#3562);
#3561 = CARTESIAN_POINT('',(0.,0.));
#3562 = VECTOR('',#3563,1.);
#3563 = DIRECTION('',(1.,0.));
#3564 = ( GEOMETRIC_REPRESENTATION_CONTEXT(2) 
PARAMETRIC_REPRESENTATION_CONTEXT() REPRESENTATION_CONTEXT('2D SPACE',''
  ) );
#3565 = ORIENTED_EDGE('',*,*,#3566,.F.);
#3566 = EDGE_CURVE('',#3567,#3542,#3569,.T.);
#3567 = VERTEX_POINT('',#3568);
#3568 = CARTESIAN_POINT('',(-0.375,-19.945,0.));
#3569 = SURFACE_CURVE('',#3570,(#3574,#3581),.PCURVE_S1.);
#3570 = LINE('',#3571,#3572);
#3571 = CARTESIAN_POINT('',(-0.375,-19.945,0.));
#3572 = VECTOR('',#3573,1.);
#3573 = DIRECTION('',(0.,-1.,0.));
#3574 = PCURVE('',#166,#3575);
#3575 = DEFINITIONAL_REPRESENTATION('',(#3576),#3580);
#3576 = LINE('',#3577,#3578);
#3577 = CARTESIAN_POINT('',(0.83,27.3));
#3578 = VECTOR('',#3579,1.);
#3579 = DIRECTION('',(0.,-1.));
#3580 = ( GEOMETRIC_REPRESENTATION_CONTEXT(2) 
PARAMETRIC_REPRESENTATION_CONTEXT() REPRESENTATION_CONTEXT('2D SPACE',''
  ) );
#3581 = PCURVE('',#1545,#3582);
#3582 = DEFINITIONAL_REPRESENTATION('',(#3583),#3587);
#3583 = LINE('',#3584,#3585);
#3584 = CARTESIAN_POINT('',(0.,0.));
#3585 = VECTOR('',#3586,1.);
#3586 = DIRECTION('',(1.,0.));
#3587 = ( GEOMETRIC_REPRESENTATION_CONTEXT(2) 
PARAMETRIC_REPRESENTATION_CONTEXT() REPRESENTATION_CONTEXT('2D SPACE',''
  ) );
#3588 = ORIENTED_EDGE('',*,*,#3589,.F.);
#3589 = EDGE_CURVE('',#3590,#3567,#3592,.T.);
#3590 = VERTEX_POINT('',#3591);
#3591 = CARTESIAN_POINT('',(0.375,-19.945,0.));
#3592 = SURFACE_CURVE('',#3593,(#3597,#3604),.PCURVE_S1.);
#3593 = LINE('',#3594,#3595);
#3594 = CARTESIAN_POINT('',(0.375,-19.945,0.));
#3595 = VECTOR('',#3596,1.);
#3596 = DIRECTION('',(-1.,0.,0.));
#3597 = PCURVE('',#166,#3598);
#3598 = DEFINITIONAL_REPRESENTATION('',(#3599),#3603);
#3599 = LINE('',#3600,#3601);
#3600 = CARTESIAN_POINT('',(1.58,27.3));
#3601 = VECTOR('',#3602,1.);
#3602 = DIRECTION('',(-1.,0.));
#3603 = ( GEOMETRIC_REPRESENTATION_CONTEXT(2) 
PARAMETRIC_REPRESENTATION_CONTEXT() REPRESENTATION_CONTEXT('2D SPACE',''
  ) );
#3604 = PCURVE('',#1573,#3605);
#3605 = DEFINITIONAL_REPRESENTATION('',(#3606),#3610);
#3606 = LINE('',#3607,#3608);
#3607 = CARTESIAN_POINT('',(0.,-0.));
#3608 = VECTOR('',#3609,1.);
#3609 = DIRECTION('',(1.,0.));
#3610 = ( GEOMETRIC_REPRESENTATION_CONTEXT(2) 
PARAMETRIC_REPRESENTATION_CONTEXT() REPRESENTATION_CONTEXT('2D SPACE',''
  ) );
#3611 = ORIENTED_EDGE('',*,*,#3612,.F.);
#3612 = EDGE_CURVE('',#3544,#3590,#3613,.T.);
#3613 = SURFACE_CURVE('',#3614,(#3618,#3625),.PCURVE_S1.);
#3614 = LINE('',#3615,#3616);
#3615 = CARTESIAN_POINT('',(0.375,-20.695,0.));
#3616 = VECTOR('',#3617,1.);
#3617 = DIRECTION('',(0.,1.,0.));
#3618 = PCURVE('',#166,#3619);
#3619 = DEFINITIONAL_REPRESENTATION('',(#3620),#3624);
#3620 = LINE('',#3621,#3622);
#3621 = CARTESIAN_POINT('',(1.58,26.55));
#3622 = VECTOR('',#3623,1.);
#3623 = DIRECTION('',(0.,1.));
#3624 = ( GEOMETRIC_REPRESENTATION_CONTEXT(2) 
PARAMETRIC_REPRESENTATION_CONTEXT() REPRESENTATION_CONTEXT('2D SPACE',''
  ) );
#3625 = PCURVE('',#1599,#3626);
#3626 = DEFINITIONAL_REPRESENTATION('',(#3627),#3631);
#3627 = LINE('',#3628,#3629);
#3628 = CARTESIAN_POINT('',(0.,0.));
#3629 = VECTOR('',#3630,1.);
#3630 = DIRECTION('',(1.,0.));
#3631 = ( GEOMETRIC_REPRESENTATION_CONTEXT(2) 
PARAMETRIC_REPRESENTATION_CONTEXT() REPRESENTATION_CONTEXT('2D SPACE',''
  ) );
#3632 = FACE_BOUND('',#3633,.F.);
#3633 = EDGE_LOOP('',(#3634,#3659,#3682,#3705));
#3634 = ORIENTED_EDGE('',*,*,#3635,.F.);
#3635 = EDGE_CURVE('',#3636,#3638,#3640,.T.);
#3636 = VERTEX_POINT('',#3637);
#3637 = CARTESIAN_POINT('',(-0.375,-18.155,0.));
#3638 = VERTEX_POINT('',#3639);
#3639 = CARTESIAN_POINT('',(0.375,-18.155,0.));
#3640 = SURFACE_CURVE('',#3641,(#3645,#3652),.PCURVE_S1.);
#3641 = LINE('',#3642,#3643);
#3642 = CARTESIAN_POINT('',(-0.375,-18.155,0.));
#3643 = VECTOR('',#3644,1.);
#3644 = DIRECTION('',(1.,0.,0.));
#3645 = PCURVE('',#166,#3646);
#3646 = DEFINITIONAL_REPRESENTATION('',(#3647),#3651);
#3647 = LINE('',#3648,#3649);
#3648 = CARTESIAN_POINT('',(0.83,29.09));
#3649 = VECTOR('',#3650,1.);
#3650 = DIRECTION('',(1.,0.));
#3651 = ( GEOMETRIC_REPRESENTATION_CONTEXT(2) 
PARAMETRIC_REPRESENTATION_CONTEXT() REPRESENTATION_CONTEXT('2D SPACE',''
  ) );
#3652 = PCURVE('',#1631,#3653);
#3653 = DEFINITIONAL_REPRESENTATION('',(#3654),#3658);
#3654 = LINE('',#3655,#3656);
#3655 = CARTESIAN_POINT('',(0.,0.));
#3656 = VECTOR('',#3657,1.);
#3657 = DIRECTION('',(1.,0.));
#3658 = ( GEOMETRIC_REPRESENTATION_CONTEXT(2) 
PARAMETRIC_REPRESENTATION_CONTEXT() REPRESENTATION_CONTEXT('2D SPACE',''
  ) );
#3659 = ORIENTED_EDGE('',*,*,#3660,.F.);
#3660 = EDGE_CURVE('',#3661,#3636,#3663,.T.);
#3661 = VERTEX_POINT('',#3662);
#3662 = CARTESIAN_POINT('',(-0.375,-17.405,0.));
#3663 = SURFACE_CURVE('',#3664,(#3668,#3675),.PCURVE_S1.);
#3664 = LINE('',#3665,#3666);
#3665 = CARTESIAN_POINT('',(-0.375,-17.405,0.));
#3666 = VECTOR('',#3667,1.);
#3667 = DIRECTION('',(0.,-1.,0.));
#3668 = PCURVE('',#166,#3669);
#3669 = DEFINITIONAL_REPRESENTATION('',(#3670),#3674);
#3670 = LINE('',#3671,#3672);
#3671 = CARTESIAN_POINT('',(0.83,29.84));
#3672 = VECTOR('',#3673,1.);
#3673 = DIRECTION('',(0.,-1.));
#3674 = ( GEOMETRIC_REPRESENTATION_CONTEXT(2) 
PARAMETRIC_REPRESENTATION_CONTEXT() REPRESENTATION_CONTEXT('2D SPACE',''
  ) );
#3675 = PCURVE('',#1659,#3676);
#3676 = DEFINITIONAL_REPRESENTATION('',(#3677),#3681);
#3677 = LINE('',#3678,#3679);
#3678 = CARTESIAN_POINT('',(0.,0.));
#3679 = VECTOR('',#3680,1.);
#3680 = DIRECTION('',(1.,0.));
#3681 = ( GEOMETRIC_REPRESENTATION_CONTEXT(2) 
PARAMETRIC_REPRESENTATION_CONTEXT() REPRESENTATION_CONTEXT('2D SPACE',''
  ) );
#3682 = ORIENTED_EDGE('',*,*,#3683,.F.);
#3683 = EDGE_CURVE('',#3684,#3661,#3686,.T.);
#3684 = VERTEX_POINT('',#3685);
#3685 = CARTESIAN_POINT('',(0.375,-17.405,0.));
#3686 = SURFACE_CURVE('',#3687,(#3691,#3698),.PCURVE_S1.);
#3687 = LINE('',#3688,#3689);
#3688 = CARTESIAN_POINT('',(0.375,-17.405,0.));
#3689 = VECTOR('',#3690,1.);
#3690 = DIRECTION('',(-1.,0.,0.));
#3691 = PCURVE('',#166,#3692);
#3692 = DEFINITIONAL_REPRESENTATION('',(#3693),#3697);
#3693 = LINE('',#3694,#3695);
#3694 = CARTESIAN_POINT('',(1.58,29.84));
#3695 = VECTOR('',#3696,1.);
#3696 = DIRECTION('',(-1.,0.));
#3697 = ( GEOMETRIC_REPRESENTATION_CONTEXT(2) 
PARAMETRIC_REPRESENTATION_CONTEXT() REPRESENTATION_CONTEXT('2D SPACE',''
  ) );
#3698 = PCURVE('',#1687,#3699);
#3699 = DEFINITIONAL_REPRESENTATION('',(#3700),#3704);
#3700 = LINE('',#3701,#3702);
#3701 = CARTESIAN_POINT('',(0.,-0.));
#3702 = VECTOR('',#3703,1.);
#3703 = DIRECTION('',(1.,0.));
#3704 = ( GEOMETRIC_REPRESENTATION_CONTEXT(2) 
PARAMETRIC_REPRESENTATION_CONTEXT() REPRESENTATION_CONTEXT('2D SPACE',''
  ) );
#3705 = ORIENTED_EDGE('',*,*,#3706,.F.);
#3706 = EDGE_CURVE('',#3638,#3684,#3707,.T.);
#3707 = SURFACE_CURVE('',#3708,(#3712,#3719),.PCURVE_S1.);
#3708 = LINE('',#3709,#3710);
#3709 = CARTESIAN_POINT('',(0.375,-18.155,0.));
#3710 = VECTOR('',#3711,1.);
#3711 = DIRECTION('',(0.,1.,0.));
#3712 = PCURVE('',#166,#3713);
#3713 = DEFINITIONAL_REPRESENTATION('',(#3714),#3718);
#3714 = LINE('',#3715,#3716);
#3715 = CARTESIAN_POINT('',(1.58,29.09));
#3716 = VECTOR('',#3717,1.);
#3717 = DIRECTION('',(0.,1.));
#3718 = ( GEOMETRIC_REPRESENTATION_CONTEXT(2) 
PARAMETRIC_REPRESENTATION_CONTEXT() REPRESENTATION_CONTEXT('2D SPACE',''
  ) );
#3719 = PCURVE('',#1713,#3720);
#3720 = DEFINITIONAL_REPRESENTATION('',(#3721),#3725);
#3721 = LINE('',#3722,#3723);
#3722 = CARTESIAN_POINT('',(0.,0.));
#3723 = VECTOR('',#3724,1.);
#3724 = DIRECTION('',(1.,0.));
#3725 = ( GEOMETRIC_REPRESENTATION_CONTEXT(2) 
PARAMETRIC_REPRESENTATION_CONTEXT() REPRESENTATION_CONTEXT('2D SPACE',''
  ) );
#3726 = FACE_BOUND('',#3727,.F.);
#3727 = EDGE_LOOP('',(#3728,#3753,#3776,#3799));
#3728 = ORIENTED_EDGE('',*,*,#3729,.F.);
#3729 = EDGE_CURVE('',#3730,#3732,#3734,.T.);
#3730 = VERTEX_POINT('',#3731);
#3731 = CARTESIAN_POINT('',(-0.375,-15.615,0.));
#3732 = VERTEX_POINT('',#3733);
#3733 = CARTESIAN_POINT('',(0.375,-15.615,0.));
#3734 = SURFACE_CURVE('',#3735,(#3739,#3746),.PCURVE_S1.);
#3735 = LINE('',#3736,#3737);
#3736 = CARTESIAN_POINT('',(-0.375,-15.615,0.));
#3737 = VECTOR('',#3738,1.);
#3738 = DIRECTION('',(1.,0.,0.));
#3739 = PCURVE('',#166,#3740);
#3740 = DEFINITIONAL_REPRESENTATION('',(#3741),#3745);
#3741 = LINE('',#3742,#3743);
#3742 = CARTESIAN_POINT('',(0.83,31.63));
#3743 = VECTOR('',#3744,1.);
#3744 = DIRECTION('',(1.,0.));
#3745 = ( GEOMETRIC_REPRESENTATION_CONTEXT(2) 
PARAMETRIC_REPRESENTATION_CONTEXT() REPRESENTATION_CONTEXT('2D SPACE',''
  ) );
#3746 = PCURVE('',#1745,#3747);
#3747 = DEFINITIONAL_REPRESENTATION('',(#3748),#3752);
#3748 = LINE('',#3749,#3750);
#3749 = CARTESIAN_POINT('',(0.,0.));
#3750 = VECTOR('',#3751,1.);
#3751 = DIRECTION('',(1.,0.));
#3752 = ( GEOMETRIC_REPRESENTATION_CONTEXT(2) 
PARAMETRIC_REPRESENTATION_CONTEXT() REPRESENTATION_CONTEXT('2D SPACE',''
  ) );
#3753 = ORIENTED_EDGE('',*,*,#3754,.F.);
#3754 = EDGE_CURVE('',#3755,#3730,#3757,.T.);
#3755 = VERTEX_POINT('',#3756);
#3756 = CARTESIAN_POINT('',(-0.375,-14.865,0.));
#3757 = SURFACE_CURVE('',#3758,(#3762,#3769),.PCURVE_S1.);
#3758 = LINE('',#3759,#3760);
#3759 = CARTESIAN_POINT('',(-0.375,-14.865,0.));
#3760 = VECTOR('',#3761,1.);
#3761 = DIRECTION('',(0.,-1.,0.));
#3762 = PCURVE('',#166,#3763);
#3763 = DEFINITIONAL_REPRESENTATION('',(#3764),#3768);
#3764 = LINE('',#3765,#3766);
#3765 = CARTESIAN_POINT('',(0.83,32.38));
#3766 = VECTOR('',#3767,1.);
#3767 = DIRECTION('',(0.,-1.));
#3768 = ( GEOMETRIC_REPRESENTATION_CONTEXT(2) 
PARAMETRIC_REPRESENTATION_CONTEXT() REPRESENTATION_CONTEXT('2D SPACE',''
  ) );
#3769 = PCURVE('',#1773,#3770);
#3770 = DEFINITIONAL_REPRESENTATION('',(#3771),#3775);
#3771 = LINE('',#3772,#3773);
#3772 = CARTESIAN_POINT('',(0.,0.));
#3773 = VECTOR('',#3774,1.);
#3774 = DIRECTION('',(1.,0.));
#3775 = ( GEOMETRIC_REPRESENTATION_CONTEXT(2) 
PARAMETRIC_REPRESENTATION_CONTEXT() REPRESENTATION_CONTEXT('2D SPACE',''
  ) );
#3776 = ORIENTED_EDGE('',*,*,#3777,.F.);
#3777 = EDGE_CURVE('',#3778,#3755,#3780,.T.);
#3778 = VERTEX_POINT('',#3779);
#3779 = CARTESIAN_POINT('',(0.375,-14.865,0.));
#3780 = SURFACE_CURVE('',#3781,(#3785,#3792),.PCURVE_S1.);
#3781 = LINE('',#3782,#3783);
#3782 = CARTESIAN_POINT('',(0.375,-14.865,0.));
#3783 = VECTOR('',#3784,1.);
#3784 = DIRECTION('',(-1.,0.,0.));
#3785 = PCURVE('',#166,#3786);
#3786 = DEFINITIONAL_REPRESENTATION('',(#3787),#3791);
#3787 = LINE('',#3788,#3789);
#3788 = CARTESIAN_POINT('',(1.58,32.38));
#3789 = VECTOR('',#3790,1.);
#3790 = DIRECTION('',(-1.,0.));
#3791 = ( GEOMETRIC_REPRESENTATION_CONTEXT(2) 
PARAMETRIC_REPRESENTATION_CONTEXT() REPRESENTATION_CONTEXT('2D SPACE',''
  ) );
#3792 = PCURVE('',#1801,#3793);
#3793 = DEFINITIONAL_REPRESENTATION('',(#3794),#3798);
#3794 = LINE('',#3795,#3796);
#3795 = CARTESIAN_POINT('',(0.,-0.));
#3796 = VECTOR('',#3797,1.);
#3797 = DIRECTION('',(1.,0.));
#3798 = ( GEOMETRIC_REPRESENTATION_CONTEXT(2) 
PARAMETRIC_REPRESENTATION_CONTEXT() REPRESENTATION_CONTEXT('2D SPACE',''
  ) );
#3799 = ORIENTED_EDGE('',*,*,#3800,.F.);
#3800 = EDGE_CURVE('',#3732,#3778,#3801,.T.);
#3801 = SURFACE_CURVE('',#3802,(#3806,#3813),.PCURVE_S1.);
#3802 = LINE('',#3803,#3804);
#3803 = CARTESIAN_POINT('',(0.375,-15.615,0.));
#3804 = VECTOR('',#3805,1.);
#3805 = DIRECTION('',(0.,1.,0.));
#3806 = PCURVE('',#166,#3807);
#3807 = DEFINITIONAL_REPRESENTATION('',(#3808),#3812);
#3808 = LINE('',#3809,#3810);
#3809 = CARTESIAN_POINT('',(1.58,31.63));
#3810 = VECTOR('',#3811,1.);
#3811 = DIRECTION('',(0.,1.));
#3812 = ( GEOMETRIC_REPRESENTATION_CONTEXT(2) 
PARAMETRIC_REPRESENTATION_CONTEXT() REPRESENTATION_CONTEXT('2D SPACE',''
  ) );
#3813 = PCURVE('',#1827,#3814);
#3814 = DEFINITIONAL_REPRESENTATION('',(#3815),#3819);
#3815 = LINE('',#3816,#3817);
#3816 = CARTESIAN_POINT('',(0.,0.));
#3817 = VECTOR('',#3818,1.);
#3818 = DIRECTION('',(1.,0.));
#3819 = ( GEOMETRIC_REPRESENTATION_CONTEXT(2) 
PARAMETRIC_REPRESENTATION_CONTEXT() REPRESENTATION_CONTEXT('2D SPACE',''
  ) );
#3820 = FACE_BOUND('',#3821,.F.);
#3821 = EDGE_LOOP('',(#3822,#3847,#3870,#3893));
#3822 = ORIENTED_EDGE('',*,*,#3823,.F.);
#3823 = EDGE_CURVE('',#3824,#3826,#3828,.T.);
#3824 = VERTEX_POINT('',#3825);
#3825 = CARTESIAN_POINT('',(-0.375,-13.075,0.));
#3826 = VERTEX_POINT('',#3827);
#3827 = CARTESIAN_POINT('',(0.375,-13.075,0.));
#3828 = SURFACE_CURVE('',#3829,(#3833,#3840),.PCURVE_S1.);
#3829 = LINE('',#3830,#3831);
#3830 = CARTESIAN_POINT('',(-0.375,-13.075,0.));
#3831 = VECTOR('',#3832,1.);
#3832 = DIRECTION('',(1.,0.,0.));
#3833 = PCURVE('',#166,#3834);
#3834 = DEFINITIONAL_REPRESENTATION('',(#3835),#3839);
#3835 = LINE('',#3836,#3837);
#3836 = CARTESIAN_POINT('',(0.83,34.17));
#3837 = VECTOR('',#3838,1.);
#3838 = DIRECTION('',(1.,0.));
#3839 = ( GEOMETRIC_REPRESENTATION_CONTEXT(2) 
PARAMETRIC_REPRESENTATION_CONTEXT() REPRESENTATION_CONTEXT('2D SPACE',''
  ) );
#3840 = PCURVE('',#1859,#3841);
#3841 = DEFINITIONAL_REPRESENTATION('',(#3842),#3846);
#3842 = LINE('',#3843,#3844);
#3843 = CARTESIAN_POINT('',(0.,0.));
#3844 = VECTOR('',#3845,1.);
#3845 = DIRECTION('',(1.,0.));
#3846 = ( GEOMETRIC_REPRESENTATION_CONTEXT(2) 
PARAMETRIC_REPRESENTATION_CONTEXT() REPRESENTATION_CONTEXT('2D SPACE',''
  ) );
#3847 = ORIENTED_EDGE('',*,*,#3848,.F.);
#3848 = EDGE_CURVE('',#3849,#3824,#3851,.T.);
#3849 = VERTEX_POINT('',#3850);
#3850 = CARTESIAN_POINT('',(-0.375,-12.325,0.));
#3851 = SURFACE_CURVE('',#3852,(#3856,#3863),.PCURVE_S1.);
#3852 = LINE('',#3853,#3854);
#3853 = CARTESIAN_POINT('',(-0.375,-12.325,0.));
#3854 = VECTOR('',#3855,1.);
#3855 = DIRECTION('',(0.,-1.,0.));
#3856 = PCURVE('',#166,#3857);
#3857 = DEFINITIONAL_REPRESENTATION('',(#3858),#3862);
#3858 = LINE('',#3859,#3860);
#3859 = CARTESIAN_POINT('',(0.83,34.92));
#3860 = VECTOR('',#3861,1.);
#3861 = DIRECTION('',(0.,-1.));
#3862 = ( GEOMETRIC_REPRESENTATION_CONTEXT(2) 
PARAMETRIC_REPRESENTATION_CONTEXT() REPRESENTATION_CONTEXT('2D SPACE',''
  ) );
#3863 = PCURVE('',#1887,#3864);
#3864 = DEFINITIONAL_REPRESENTATION('',(#3865),#3869);
#3865 = LINE('',#3866,#3867);
#3866 = CARTESIAN_POINT('',(0.,0.));
#3867 = VECTOR('',#3868,1.);
#3868 = DIRECTION('',(1.,0.));
#3869 = ( GEOMETRIC_REPRESENTATION_CONTEXT(2) 
PARAMETRIC_REPRESENTATION_CONTEXT() REPRESENTATION_CONTEXT('2D SPACE',''
  ) );
#3870 = ORIENTED_EDGE('',*,*,#3871,.F.);
#3871 = EDGE_CURVE('',#3872,#3849,#3874,.T.);
#3872 = VERTEX_POINT('',#3873);
#3873 = CARTESIAN_POINT('',(0.375,-12.325,0.));
#3874 = SURFACE_CURVE('',#3875,(#3879,#3886),.PCURVE_S1.);
#3875 = LINE('',#3876,#3877);
#3876 = CARTESIAN_POINT('',(0.375,-12.325,0.));
#3877 = VECTOR('',#3878,1.);
#3878 = DIRECTION('',(-1.,0.,0.));
#3879 = PCURVE('',#166,#3880);
#3880 = DEFINITIONAL_REPRESENTATION('',(#3881),#3885);
#3881 = LINE('',#3882,#3883);
#3882 = CARTESIAN_POINT('',(1.58,34.92));
#3883 = VECTOR('',#3884,1.);
#3884 = DIRECTION('',(-1.,0.));
#3885 = ( GEOMETRIC_REPRESENTATION_CONTEXT(2) 
PARAMETRIC_REPRESENTATION_CONTEXT() REPRESENTATION_CONTEXT('2D SPACE',''
  ) );
#3886 = PCURVE('',#1915,#3887);
#3887 = DEFINITIONAL_REPRESENTATION('',(#3888),#3892);
#3888 = LINE('',#3889,#3890);
#3889 = CARTESIAN_POINT('',(0.,-0.));
#3890 = VECTOR('',#3891,1.);
#3891 = DIRECTION('',(1.,0.));
#3892 = ( GEOMETRIC_REPRESENTATION_CONTEXT(2) 
PARAMETRIC_REPRESENTATION_CONTEXT() REPRESENTATION_CONTEXT('2D SPACE',''
  ) );
#3893 = ORIENTED_EDGE('',*,*,#3894,.F.);
#3894 = EDGE_CURVE('',#3826,#3872,#3895,.T.);
#3895 = SURFACE_CURVE('',#3896,(#3900,#3907),.PCURVE_S1.);
#3896 = LINE('',#3897,#3898);
#3897 = CARTESIAN_POINT('',(0.375,-13.075,0.));
#3898 = VECTOR('',#3899,1.);
#3899 = DIRECTION('',(0.,1.,0.));
#3900 = PCURVE('',#166,#3901);
#3901 = DEFINITIONAL_REPRESENTATION('',(#3902),#3906);
#3902 = LINE('',#3903,#3904);
#3903 = CARTESIAN_POINT('',(1.58,34.17));
#3904 = VECTOR('',#3905,1.);
#3905 = DIRECTION('',(0.,1.));
#3906 = ( GEOMETRIC_REPRESENTATION_CONTEXT(2) 
PARAMETRIC_REPRESENTATION_CONTEXT() REPRESENTATION_CONTEXT('2D SPACE',''
  ) );
#3907 = PCURVE('',#1941,#3908);
#3908 = DEFINITIONAL_REPRESENTATION('',(#3909),#3913);
#3909 = LINE('',#3910,#3911);
#3910 = CARTESIAN_POINT('',(0.,0.));
#3911 = VECTOR('',#3912,1.);
#3912 = DIRECTION('',(1.,0.));
#3913 = ( GEOMETRIC_REPRESENTATION_CONTEXT(2) 
PARAMETRIC_REPRESENTATION_CONTEXT() REPRESENTATION_CONTEXT('2D SPACE',''
  ) );
#3914 = FACE_BOUND('',#3915,.F.);
#3915 = EDGE_LOOP('',(#3916,#3941,#3964,#3987));
#3916 = ORIENTED_EDGE('',*,*,#3917,.F.);
#3917 = EDGE_CURVE('',#3918,#3920,#3922,.T.);
#3918 = VERTEX_POINT('',#3919);
#3919 = CARTESIAN_POINT('',(-0.375,-10.535,0.));
#3920 = VERTEX_POINT('',#3921);
#3921 = CARTESIAN_POINT('',(0.375,-10.535,0.));
#3922 = SURFACE_CURVE('',#3923,(#3927,#3934),.PCURVE_S1.);
#3923 = LINE('',#3924,#3925);
#3924 = CARTESIAN_POINT('',(-0.375,-10.535,0.));
#3925 = VECTOR('',#3926,1.);
#3926 = DIRECTION('',(1.,0.,0.));
#3927 = PCURVE('',#166,#3928);
#3928 = DEFINITIONAL_REPRESENTATION('',(#3929),#3933);
#3929 = LINE('',#3930,#3931);
#3930 = CARTESIAN_POINT('',(0.83,36.71));
#3931 = VECTOR('',#3932,1.);
#3932 = DIRECTION('',(1.,0.));
#3933 = ( GEOMETRIC_REPRESENTATION_CONTEXT(2) 
PARAMETRIC_REPRESENTATION_CONTEXT() REPRESENTATION_CONTEXT('2D SPACE',''
  ) );
#3934 = PCURVE('',#1973,#3935);
#3935 = DEFINITIONAL_REPRESENTATION('',(#3936),#3940);
#3936 = LINE('',#3937,#3938);
#3937 = CARTESIAN_POINT('',(0.,0.));
#3938 = VECTOR('',#3939,1.);
#3939 = DIRECTION('',(1.,0.));
#3940 = ( GEOMETRIC_REPRESENTATION_CONTEXT(2) 
PARAMETRIC_REPRESENTATION_CONTEXT() REPRESENTATION_CONTEXT('2D SPACE',''
  ) );
#3941 = ORIENTED_EDGE('',*,*,#3942,.F.);
#3942 = EDGE_CURVE('',#3943,#3918,#3945,.T.);
#3943 = VERTEX_POINT('',#3944);
#3944 = CARTESIAN_POINT('',(-0.375,-9.785,0.));
#3945 = SURFACE_CURVE('',#3946,(#3950,#3957),.PCURVE_S1.);
#3946 = LINE('',#3947,#3948);
#3947 = CARTESIAN_POINT('',(-0.375,-9.785,0.));
#3948 = VECTOR('',#3949,1.);
#3949 = DIRECTION('',(0.,-1.,0.));
#3950 = PCURVE('',#166,#3951);
#3951 = DEFINITIONAL_REPRESENTATION('',(#3952),#3956);
#3952 = LINE('',#3953,#3954);
#3953 = CARTESIAN_POINT('',(0.83,37.46));
#3954 = VECTOR('',#3955,1.);
#3955 = DIRECTION('',(0.,-1.));
#3956 = ( GEOMETRIC_REPRESENTATION_CONTEXT(2) 
PARAMETRIC_REPRESENTATION_CONTEXT() REPRESENTATION_CONTEXT('2D SPACE',''
  ) );
#3957 = PCURVE('',#2001,#3958);
#3958 = DEFINITIONAL_REPRESENTATION('',(#3959),#3963);
#3959 = LINE('',#3960,#3961);
#3960 = CARTESIAN_POINT('',(0.,0.));
#3961 = VECTOR('',#3962,1.);
#3962 = DIRECTION('',(1.,0.));
#3963 = ( GEOMETRIC_REPRESENTATION_CONTEXT(2) 
PARAMETRIC_REPRESENTATION_CONTEXT() REPRESENTATION_CONTEXT('2D SPACE',''
  ) );
#3964 = ORIENTED_EDGE('',*,*,#3965,.F.);
#3965 = EDGE_CURVE('',#3966,#3943,#3968,.T.);
#3966 = VERTEX_POINT('',#3967);
#3967 = CARTESIAN_POINT('',(0.375,-9.785,0.));
#3968 = SURFACE_CURVE('',#3969,(#3973,#3980),.PCURVE_S1.);
#3969 = LINE('',#3970,#3971);
#3970 = CARTESIAN_POINT('',(0.375,-9.785,0.));
#3971 = VECTOR('',#3972,1.);
#3972 = DIRECTION('',(-1.,0.,0.));
#3973 = PCURVE('',#166,#3974);
#3974 = DEFINITIONAL_REPRESENTATION('',(#3975),#3979);
#3975 = LINE('',#3976,#3977);
#3976 = CARTESIAN_POINT('',(1.58,37.46));
#3977 = VECTOR('',#3978,1.);
#3978 = DIRECTION('',(-1.,0.));
#3979 = ( GEOMETRIC_REPRESENTATION_CONTEXT(2) 
PARAMETRIC_REPRESENTATION_CONTEXT() REPRESENTATION_CONTEXT('2D SPACE',''
  ) );
#3980 = PCURVE('',#2029,#3981);
#3981 = DEFINITIONAL_REPRESENTATION('',(#3982),#3986);
#3982 = LINE('',#3983,#3984);
#3983 = CARTESIAN_POINT('',(0.,-0.));
#3984 = VECTOR('',#3985,1.);
#3985 = DIRECTION('',(1.,0.));
#3986 = ( GEOMETRIC_REPRESENTATION_CONTEXT(2) 
PARAMETRIC_REPRESENTATION_CONTEXT() REPRESENTATION_CONTEXT('2D SPACE',''
  ) );
#3987 = ORIENTED_EDGE('',*,*,#3988,.F.);
#3988 = EDGE_CURVE('',#3920,#3966,#3989,.T.);
#3989 = SURFACE_CURVE('',#3990,(#3994,#4001),.PCURVE_S1.);
#3990 = LINE('',#3991,#3992);
#3991 = CARTESIAN_POINT('',(0.375,-10.535,0.));
#3992 = VECTOR('',#3993,1.);
#3993 = DIRECTION('',(0.,1.,0.));
#3994 = PCURVE('',#166,#3995);
#3995 = DEFINITIONAL_REPRESENTATION('',(#3996),#4000);
#3996 = LINE('',#3997,#3998);
#3997 = CARTESIAN_POINT('',(1.58,36.71));
#3998 = VECTOR('',#3999,1.);
#3999 = DIRECTION('',(0.,1.));
#4000 = ( GEOMETRIC_REPRESENTATION_CONTEXT(2) 
PARAMETRIC_REPRESENTATION_CONTEXT() REPRESENTATION_CONTEXT('2D SPACE',''
  ) );
#4001 = PCURVE('',#2055,#4002);
#4002 = DEFINITIONAL_REPRESENTATION('',(#4003),#4007);
#4003 = LINE('',#4004,#4005);
#4004 = CARTESIAN_POINT('',(0.,0.));
#4005 = VECTOR('',#4006,1.);
#4006 = DIRECTION('',(1.,0.));
#4007 = ( GEOMETRIC_REPRESENTATION_CONTEXT(2) 
PARAMETRIC_REPRESENTATION_CONTEXT() REPRESENTATION_CONTEXT('2D SPACE',''
  ) );
#4008 = FACE_BOUND('',#4009,.F.);
#4009 = EDGE_LOOP('',(#4010,#4035,#4058,#4081));
#4010 = ORIENTED_EDGE('',*,*,#4011,.F.);
#4011 = EDGE_CURVE('',#4012,#4014,#4016,.T.);
#4012 = VERTEX_POINT('',#4013);
#4013 = CARTESIAN_POINT('',(-0.375,-7.995,0.));
#4014 = VERTEX_POINT('',#4015);
#4015 = CARTESIAN_POINT('',(0.375,-7.995,0.));
#4016 = SURFACE_CURVE('',#4017,(#4021,#4028),.PCURVE_S1.);
#4017 = LINE('',#4018,#4019);
#4018 = CARTESIAN_POINT('',(-0.375,-7.995,0.));
#4019 = VECTOR('',#4020,1.);
#4020 = DIRECTION('',(1.,0.,0.));
#4021 = PCURVE('',#166,#4022);
#4022 = DEFINITIONAL_REPRESENTATION('',(#4023),#4027);
#4023 = LINE('',#4024,#4025);
#4024 = CARTESIAN_POINT('',(0.83,39.25));
#4025 = VECTOR('',#4026,1.);
#4026 = DIRECTION('',(1.,0.));
#4027 = ( GEOMETRIC_REPRESENTATION_CONTEXT(2) 
PARAMETRIC_REPRESENTATION_CONTEXT() REPRESENTATION_CONTEXT('2D SPACE',''
  ) );
#4028 = PCURVE('',#2087,#4029);
#4029 = DEFINITIONAL_REPRESENTATION('',(#4030),#4034);
#4030 = LINE('',#4031,#4032);
#4031 = CARTESIAN_POINT('',(0.,0.));
#4032 = VECTOR('',#4033,1.);
#4033 = DIRECTION('',(1.,0.));
#4034 = ( GEOMETRIC_REPRESENTATION_CONTEXT(2) 
PARAMETRIC_REPRESENTATION_CONTEXT() REPRESENTATION_CONTEXT('2D SPACE',''
  ) );
#4035 = ORIENTED_EDGE('',*,*,#4036,.F.);
#4036 = EDGE_CURVE('',#4037,#4012,#4039,.T.);
#4037 = VERTEX_POINT('',#4038);
#4038 = CARTESIAN_POINT('',(-0.375,-7.245,0.));
#4039 = SURFACE_CURVE('',#4040,(#4044,#4051),.PCURVE_S1.);
#4040 = LINE('',#4041,#4042);
#4041 = CARTESIAN_POINT('',(-0.375,-7.245,0.));
#4042 = VECTOR('',#4043,1.);
#4043 = DIRECTION('',(0.,-1.,0.));
#4044 = PCURVE('',#166,#4045);
#4045 = DEFINITIONAL_REPRESENTATION('',(#4046),#4050);
#4046 = LINE('',#4047,#4048);
#4047 = CARTESIAN_POINT('',(0.83,40.));
#4048 = VECTOR('',#4049,1.);
#4049 = DIRECTION('',(0.,-1.));
#4050 = ( GEOMETRIC_REPRESENTATION_CONTEXT(2) 
PARAMETRIC_REPRESENTATION_CONTEXT() REPRESENTATION_CONTEXT('2D SPACE',''
  ) );
#4051 = PCURVE('',#2115,#4052);
#4052 = DEFINITIONAL_REPRESENTATION('',(#4053),#4057);
#4053 = LINE('',#4054,#4055);
#4054 = CARTESIAN_POINT('',(0.,0.));
#4055 = VECTOR('',#4056,1.);
#4056 = DIRECTION('',(1.,0.));
#4057 = ( GEOMETRIC_REPRESENTATION_CONTEXT(2) 
PARAMETRIC_REPRESENTATION_CONTEXT() REPRESENTATION_CONTEXT('2D SPACE',''
  ) );
#4058 = ORIENTED_EDGE('',*,*,#4059,.F.);
#4059 = EDGE_CURVE('',#4060,#4037,#4062,.T.);
#4060 = VERTEX_POINT('',#4061);
#4061 = CARTESIAN_POINT('',(0.375,-7.245,0.));
#4062 = SURFACE_CURVE('',#4063,(#4067,#4074),.PCURVE_S1.);
#4063 = LINE('',#4064,#4065);
#4064 = CARTESIAN_POINT('',(0.375,-7.245,0.));
#4065 = VECTOR('',#4066,1.);
#4066 = DIRECTION('',(-1.,0.,0.));
#4067 = PCURVE('',#166,#4068);
#4068 = DEFINITIONAL_REPRESENTATION('',(#4069),#4073);
#4069 = LINE('',#4070,#4071);
#4070 = CARTESIAN_POINT('',(1.58,40.));
#4071 = VECTOR('',#4072,1.);
#4072 = DIRECTION('',(-1.,0.));
#4073 = ( GEOMETRIC_REPRESENTATION_CONTEXT(2) 
PARAMETRIC_REPRESENTATION_CONTEXT() REPRESENTATION_CONTEXT('2D SPACE',''
  ) );
#4074 = PCURVE('',#2143,#4075);
#4075 = DEFINITIONAL_REPRESENTATION('',(#4076),#4080);
#4076 = LINE('',#4077,#4078);
#4077 = CARTESIAN_POINT('',(0.,-0.));
#4078 = VECTOR('',#4079,1.);
#4079 = DIRECTION('',(1.,0.));
#4080 = ( GEOMETRIC_REPRESENTATION_CONTEXT(2) 
PARAMETRIC_REPRESENTATION_CONTEXT() REPRESENTATION_CONTEXT('2D SPACE',''
  ) );
#4081 = ORIENTED_EDGE('',*,*,#4082,.F.);
#4082 = EDGE_CURVE('',#4014,#4060,#4083,.T.);
#4083 = SURFACE_CURVE('',#4084,(#4088,#4095),.PCURVE_S1.);
#4084 = LINE('',#4085,#4086);
#4085 = CARTESIAN_POINT('',(0.375,-7.995,0.));
#4086 = VECTOR('',#4087,1.);
#4087 = DIRECTION('',(0.,1.,0.));
#4088 = PCURVE('',#166,#4089);
#4089 = DEFINITIONAL_REPRESENTATION('',(#4090),#4094);
#4090 = LINE('',#4091,#4092);
#4091 = CARTESIAN_POINT('',(1.58,39.25));
#4092 = VECTOR('',#4093,1.);
#4093 = DIRECTION('',(0.,1.));
#4094 = ( GEOMETRIC_REPRESENTATION_CONTEXT(2) 
PARAMETRIC_REPRESENTATION_CONTEXT() REPRESENTATION_CONTEXT('2D SPACE',''
  ) );
#4095 = PCURVE('',#2169,#4096);
#4096 = DEFINITIONAL_REPRESENTATION('',(#4097),#4101);
#4097 = LINE('',#4098,#4099);
#4098 = CARTESIAN_POINT('',(0.,0.));
#4099 = VECTOR('',#4100,1.);
#4100 = DIRECTION('',(1.,0.));
#4101 = ( GEOMETRIC_REPRESENTATION_CONTEXT(2) 
PARAMETRIC_REPRESENTATION_CONTEXT() REPRESENTATION_CONTEXT('2D SPACE',''
  ) );
#4102 = FACE_BOUND('',#4103,.F.);
#4103 = EDGE_LOOP('',(#4104,#4129,#4152,#4175));
#4104 = ORIENTED_EDGE('',*,*,#4105,.F.);
#4105 = EDGE_CURVE('',#4106,#4108,#4110,.T.);
#4106 = VERTEX_POINT('',#4107);
#4107 = CARTESIAN_POINT('',(-0.375,-5.455,0.));
#4108 = VERTEX_POINT('',#4109);
#4109 = CARTESIAN_POINT('',(0.375,-5.455,0.));
#4110 = SURFACE_CURVE('',#4111,(#4115,#4122),.PCURVE_S1.);
#4111 = LINE('',#4112,#4113);
#4112 = CARTESIAN_POINT('',(-0.375,-5.455,0.));
#4113 = VECTOR('',#4114,1.);
#4114 = DIRECTION('',(1.,0.,0.));
#4115 = PCURVE('',#166,#4116);
#4116 = DEFINITIONAL_REPRESENTATION('',(#4117),#4121);
#4117 = LINE('',#4118,#4119);
#4118 = CARTESIAN_POINT('',(0.83,41.79));
#4119 = VECTOR('',#4120,1.);
#4120 = DIRECTION('',(1.,0.));
#4121 = ( GEOMETRIC_REPRESENTATION_CONTEXT(2) 
PARAMETRIC_REPRESENTATION_CONTEXT() REPRESENTATION_CONTEXT('2D SPACE',''
  ) );
#4122 = PCURVE('',#2201,#4123);
#4123 = DEFINITIONAL_REPRESENTATION('',(#4124),#4128);
#4124 = LINE('',#4125,#4126);
#4125 = CARTESIAN_POINT('',(0.,0.));
#4126 = VECTOR('',#4127,1.);
#4127 = DIRECTION('',(1.,0.));
#4128 = ( GEOMETRIC_REPRESENTATION_CONTEXT(2) 
PARAMETRIC_REPRESENTATION_CONTEXT() REPRESENTATION_CONTEXT('2D SPACE',''
  ) );
#4129 = ORIENTED_EDGE('',*,*,#4130,.F.);
#4130 = EDGE_CURVE('',#4131,#4106,#4133,.T.);
#4131 = VERTEX_POINT('',#4132);
#4132 = CARTESIAN_POINT('',(-0.375,-4.705,0.));
#4133 = SURFACE_CURVE('',#4134,(#4138,#4145),.PCURVE_S1.);
#4134 = LINE('',#4135,#4136);
#4135 = CARTESIAN_POINT('',(-0.375,-4.705,0.));
#4136 = VECTOR('',#4137,1.);
#4137 = DIRECTION('',(0.,-1.,0.));
#4138 = PCURVE('',#166,#4139);
#4139 = DEFINITIONAL_REPRESENTATION('',(#4140),#4144);
#4140 = LINE('',#4141,#4142);
#4141 = CARTESIAN_POINT('',(0.83,42.54));
#4142 = VECTOR('',#4143,1.);
#4143 = DIRECTION('',(0.,-1.));
#4144 = ( GEOMETRIC_REPRESENTATION_CONTEXT(2) 
PARAMETRIC_REPRESENTATION_CONTEXT() REPRESENTATION_CONTEXT('2D SPACE',''
  ) );
#4145 = PCURVE('',#2229,#4146);
#4146 = DEFINITIONAL_REPRESENTATION('',(#4147),#4151);
#4147 = LINE('',#4148,#4149);
#4148 = CARTESIAN_POINT('',(0.,0.));
#4149 = VECTOR('',#4150,1.);
#4150 = DIRECTION('',(1.,0.));
#4151 = ( GEOMETRIC_REPRESENTATION_CONTEXT(2) 
PARAMETRIC_REPRESENTATION_CONTEXT() REPRESENTATION_CONTEXT('2D SPACE',''
  ) );
#4152 = ORIENTED_EDGE('',*,*,#4153,.F.);
#4153 = EDGE_CURVE('',#4154,#4131,#4156,.T.);
#4154 = VERTEX_POINT('',#4155);
#4155 = CARTESIAN_POINT('',(0.375,-4.705,0.));
#4156 = SURFACE_CURVE('',#4157,(#4161,#4168),.PCURVE_S1.);
#4157 = LINE('',#4158,#4159);
#4158 = CARTESIAN_POINT('',(0.375,-4.705,0.));
#4159 = VECTOR('',#4160,1.);
#4160 = DIRECTION('',(-1.,0.,0.));
#4161 = PCURVE('',#166,#4162);
#4162 = DEFINITIONAL_REPRESENTATION('',(#4163),#4167);
#4163 = LINE('',#4164,#4165);
#4164 = CARTESIAN_POINT('',(1.58,42.54));
#4165 = VECTOR('',#4166,1.);
#4166 = DIRECTION('',(-1.,0.));
#4167 = ( GEOMETRIC_REPRESENTATION_CONTEXT(2) 
PARAMETRIC_REPRESENTATION_CONTEXT() REPRESENTATION_CONTEXT('2D SPACE',''
  ) );
#4168 = PCURVE('',#2257,#4169);
#4169 = DEFINITIONAL_REPRESENTATION('',(#4170),#4174);
#4170 = LINE('',#4171,#4172);
#4171 = CARTESIAN_POINT('',(0.,-0.));
#4172 = VECTOR('',#4173,1.);
#4173 = DIRECTION('',(1.,0.));
#4174 = ( GEOMETRIC_REPRESENTATION_CONTEXT(2) 
PARAMETRIC_REPRESENTATION_CONTEXT() REPRESENTATION_CONTEXT('2D SPACE',''
  ) );
#4175 = ORIENTED_EDGE('',*,*,#4176,.F.);
#4176 = EDGE_CURVE('',#4108,#4154,#4177,.T.);
#4177 = SURFACE_CURVE('',#4178,(#4182,#4189),.PCURVE_S1.);
#4178 = LINE('',#4179,#4180);
#4179 = CARTESIAN_POINT('',(0.375,-5.455,0.));
#4180 = VECTOR('',#4181,1.);
#4181 = DIRECTION('',(0.,1.,0.));
#4182 = PCURVE('',#166,#4183);
#4183 = DEFINITIONAL_REPRESENTATION('',(#4184),#4188);
#4184 = LINE('',#4185,#4186);
#4185 = CARTESIAN_POINT('',(1.58,41.79));
#4186 = VECTOR('',#4187,1.);
#4187 = DIRECTION('',(0.,1.));
#4188 = ( GEOMETRIC_REPRESENTATION_CONTEXT(2) 
PARAMETRIC_REPRESENTATION_CONTEXT() REPRESENTATION_CONTEXT('2D SPACE',''
  ) );
#4189 = PCURVE('',#2283,#4190);
#4190 = DEFINITIONAL_REPRESENTATION('',(#4191),#4195);
#4191 = LINE('',#4192,#4193);
#4192 = CARTESIAN_POINT('',(0.,0.));
#4193 = VECTOR('',#4194,1.);
#4194 = DIRECTION('',(1.,0.));
#4195 = ( GEOMETRIC_REPRESENTATION_CONTEXT(2) 
PARAMETRIC_REPRESENTATION_CONTEXT() REPRESENTATION_CONTEXT('2D SPACE',''
  ) );
#4196 = FACE_BOUND('',#4197,.F.);
#4197 = EDGE_LOOP('',(#4198,#4223,#4246,#4269));
#4198 = ORIENTED_EDGE('',*,*,#4199,.F.);
#4199 = EDGE_CURVE('',#4200,#4202,#4204,.T.);
#4200 = VERTEX_POINT('',#4201);
#4201 = CARTESIAN_POINT('',(-0.375,-2.915,0.));
#4202 = VERTEX_POINT('',#4203);
#4203 = CARTESIAN_POINT('',(0.375,-2.915,0.));
#4204 = SURFACE_CURVE('',#4205,(#4209,#4216),.PCURVE_S1.);
#4205 = LINE('',#4206,#4207);
#4206 = CARTESIAN_POINT('',(-0.375,-2.915,0.));
#4207 = VECTOR('',#4208,1.);
#4208 = DIRECTION('',(1.,0.,0.));
#4209 = PCURVE('',#166,#4210);
#4210 = DEFINITIONAL_REPRESENTATION('',(#4211),#4215);
#4211 = LINE('',#4212,#4213);
#4212 = CARTESIAN_POINT('',(0.83,44.33));
#4213 = VECTOR('',#4214,1.);
#4214 = DIRECTION('',(1.,0.));
#4215 = ( GEOMETRIC_REPRESENTATION_CONTEXT(2) 
PARAMETRIC_REPRESENTATION_CONTEXT() REPRESENTATION_CONTEXT('2D SPACE',''
  ) );
#4216 = PCURVE('',#2315,#4217);
#4217 = DEFINITIONAL_REPRESENTATION('',(#4218),#4222);
#4218 = LINE('',#4219,#4220);
#4219 = CARTESIAN_POINT('',(0.,0.));
#4220 = VECTOR('',#4221,1.);
#4221 = DIRECTION('',(1.,0.));
#4222 = ( GEOMETRIC_REPRESENTATION_CONTEXT(2) 
PARAMETRIC_REPRESENTATION_CONTEXT() REPRESENTATION_CONTEXT('2D SPACE',''
  ) );
#4223 = ORIENTED_EDGE('',*,*,#4224,.F.);
#4224 = EDGE_CURVE('',#4225,#4200,#4227,.T.);
#4225 = VERTEX_POINT('',#4226);
#4226 = CARTESIAN_POINT('',(-0.375,-2.165,0.));
#4227 = SURFACE_CURVE('',#4228,(#4232,#4239),.PCURVE_S1.);
#4228 = LINE('',#4229,#4230);
#4229 = CARTESIAN_POINT('',(-0.375,-2.165,0.));
#4230 = VECTOR('',#4231,1.);
#4231 = DIRECTION('',(0.,-1.,0.));
#4232 = PCURVE('',#166,#4233);
#4233 = DEFINITIONAL_REPRESENTATION('',(#4234),#4238);
#4234 = LINE('',#4235,#4236);
#4235 = CARTESIAN_POINT('',(0.83,45.08));
#4236 = VECTOR('',#4237,1.);
#4237 = DIRECTION('',(0.,-1.));
#4238 = ( GEOMETRIC_REPRESENTATION_CONTEXT(2) 
PARAMETRIC_REPRESENTATION_CONTEXT() REPRESENTATION_CONTEXT('2D SPACE',''
  ) );
#4239 = PCURVE('',#2343,#4240);
#4240 = DEFINITIONAL_REPRESENTATION('',(#4241),#4245);
#4241 = LINE('',#4242,#4243);
#4242 = CARTESIAN_POINT('',(0.,0.));
#4243 = VECTOR('',#4244,1.);
#4244 = DIRECTION('',(1.,0.));
#4245 = ( GEOMETRIC_REPRESENTATION_CONTEXT(2) 
PARAMETRIC_REPRESENTATION_CONTEXT() REPRESENTATION_CONTEXT('2D SPACE',''
  ) );
#4246 = ORIENTED_EDGE('',*,*,#4247,.F.);
#4247 = EDGE_CURVE('',#4248,#4225,#4250,.T.);
#4248 = VERTEX_POINT('',#4249);
#4249 = CARTESIAN_POINT('',(0.375,-2.165,0.));
#4250 = SURFACE_CURVE('',#4251,(#4255,#4262),.PCURVE_S1.);
#4251 = LINE('',#4252,#4253);
#4252 = CARTESIAN_POINT('',(0.375,-2.165,0.));
#4253 = VECTOR('',#4254,1.);
#4254 = DIRECTION('',(-1.,0.,0.));
#4255 = PCURVE('',#166,#4256);
#4256 = DEFINITIONAL_REPRESENTATION('',(#4257),#4261);
#4257 = LINE('',#4258,#4259);
#4258 = CARTESIAN_POINT('',(1.58,45.08));
#4259 = VECTOR('',#4260,1.);
#4260 = DIRECTION('',(-1.,0.));
#4261 = ( GEOMETRIC_REPRESENTATION_CONTEXT(2) 
PARAMETRIC_REPRESENTATION_CONTEXT() REPRESENTATION_CONTEXT('2D SPACE',''
  ) );
#4262 = PCURVE('',#2371,#4263);
#4263 = DEFINITIONAL_REPRESENTATION('',(#4264),#4268);
#4264 = LINE('',#4265,#4266);
#4265 = CARTESIAN_POINT('',(0.,-0.));
#4266 = VECTOR('',#4267,1.);
#4267 = DIRECTION('',(1.,0.));
#4268 = ( GEOMETRIC_REPRESENTATION_CONTEXT(2) 
PARAMETRIC_REPRESENTATION_CONTEXT() REPRESENTATION_CONTEXT('2D SPACE',''
  ) );
#4269 = ORIENTED_EDGE('',*,*,#4270,.F.);
#4270 = EDGE_CURVE('',#4202,#4248,#4271,.T.);
#4271 = SURFACE_CURVE('',#4272,(#4276,#4283),.PCURVE_S1.);
#4272 = LINE('',#4273,#4274);
#4273 = CARTESIAN_POINT('',(0.375,-2.915,0.));
#4274 = VECTOR('',#4275,1.);
#4275 = DIRECTION('',(0.,1.,0.));
#4276 = PCURVE('',#166,#4277);
#4277 = DEFINITIONAL_REPRESENTATION('',(#4278),#4282);
#4278 = LINE('',#4279,#4280);
#4279 = CARTESIAN_POINT('',(1.58,44.33));
#4280 = VECTOR('',#4281,1.);
#4281 = DIRECTION('',(0.,1.));
#4282 = ( GEOMETRIC_REPRESENTATION_CONTEXT(2) 
PARAMETRIC_REPRESENTATION_CONTEXT() REPRESENTATION_CONTEXT('2D SPACE',''
  ) );
#4283 = PCURVE('',#2397,#4284);
#4284 = DEFINITIONAL_REPRESENTATION('',(#4285),#4289);
#4285 = LINE('',#4286,#4287);
#4286 = CARTESIAN_POINT('',(0.,0.));
#4287 = VECTOR('',#4288,1.);
#4288 = DIRECTION('',(1.,0.));
#4289 = ( GEOMETRIC_REPRESENTATION_CONTEXT(2) 
PARAMETRIC_REPRESENTATION_CONTEXT() REPRESENTATION_CONTEXT('2D SPACE',''
  ) );
#4290 = FACE_BOUND('',#4291,.F.);
#4291 = EDGE_LOOP('',(#4292,#4317,#4340,#4363));
#4292 = ORIENTED_EDGE('',*,*,#4293,.F.);
#4293 = EDGE_CURVE('',#4294,#4296,#4298,.T.);
#4294 = VERTEX_POINT('',#4295);
#4295 = CARTESIAN_POINT('',(-0.375,-0.375,0.));
#4296 = VERTEX_POINT('',#4297);
#4297 = CARTESIAN_POINT('',(0.375,-0.375,0.));
#4298 = SURFACE_CURVE('',#4299,(#4303,#4310),.PCURVE_S1.);
#4299 = LINE('',#4300,#4301);
#4300 = CARTESIAN_POINT('',(-0.375,-0.375,0.));
#4301 = VECTOR('',#4302,1.);
#4302 = DIRECTION('',(1.,0.,0.));
#4303 = PCURVE('',#166,#4304);
#4304 = DEFINITIONAL_REPRESENTATION('',(#4305),#4309);
#4305 = LINE('',#4306,#4307);
#4306 = CARTESIAN_POINT('',(0.83,46.87));
#4307 = VECTOR('',#4308,1.);
#4308 = DIRECTION('',(1.,0.));
#4309 = ( GEOMETRIC_REPRESENTATION_CONTEXT(2) 
PARAMETRIC_REPRESENTATION_CONTEXT() REPRESENTATION_CONTEXT('2D SPACE',''
  ) );
#4310 = PCURVE('',#2429,#4311);
#4311 = DEFINITIONAL_REPRESENTATION('',(#4312),#4316);
#4312 = LINE('',#4313,#4314);
#4313 = CARTESIAN_POINT('',(0.,0.));
#4314 = VECTOR('',#4315,1.);
#4315 = DIRECTION('',(1.,0.));
#4316 = ( GEOMETRIC_REPRESENTATION_CONTEXT(2) 
PARAMETRIC_REPRESENTATION_CONTEXT() REPRESENTATION_CONTEXT('2D SPACE',''
  ) );
#4317 = ORIENTED_EDGE('',*,*,#4318,.F.);
#4318 = EDGE_CURVE('',#4319,#4294,#4321,.T.);
#4319 = VERTEX_POINT('',#4320);
#4320 = CARTESIAN_POINT('',(-0.375,0.375,0.));
#4321 = SURFACE_CURVE('',#4322,(#4326,#4333),.PCURVE_S1.);
#4322 = LINE('',#4323,#4324);
#4323 = CARTESIAN_POINT('',(-0.375,0.375,0.));
#4324 = VECTOR('',#4325,1.);
#4325 = DIRECTION('',(0.,-1.,0.));
#4326 = PCURVE('',#166,#4327);
#4327 = DEFINITIONAL_REPRESENTATION('',(#4328),#4332);
#4328 = LINE('',#4329,#4330);
#4329 = CARTESIAN_POINT('',(0.83,47.62));
#4330 = VECTOR('',#4331,1.);
#4331 = DIRECTION('',(0.,-1.));
#4332 = ( GEOMETRIC_REPRESENTATION_CONTEXT(2) 
PARAMETRIC_REPRESENTATION_CONTEXT() REPRESENTATION_CONTEXT('2D SPACE',''
  ) );
#4333 = PCURVE('',#2457,#4334);
#4334 = DEFINITIONAL_REPRESENTATION('',(#4335),#4339);
#4335 = LINE('',#4336,#4337);
#4336 = CARTESIAN_POINT('',(0.,0.));
#4337 = VECTOR('',#4338,1.);
#4338 = DIRECTION('',(1.,0.));
#4339 = ( GEOMETRIC_REPRESENTATION_CONTEXT(2) 
PARAMETRIC_REPRESENTATION_CONTEXT() REPRESENTATION_CONTEXT('2D SPACE',''
  ) );
#4340 = ORIENTED_EDGE('',*,*,#4341,.F.);
#4341 = EDGE_CURVE('',#4342,#4319,#4344,.T.);
#4342 = VERTEX_POINT('',#4343);
#4343 = CARTESIAN_POINT('',(0.375,0.375,0.));
#4344 = SURFACE_CURVE('',#4345,(#4349,#4356),.PCURVE_S1.);
#4345 = LINE('',#4346,#4347);
#4346 = CARTESIAN_POINT('',(0.375,0.375,0.));
#4347 = VECTOR('',#4348,1.);
#4348 = DIRECTION('',(-1.,0.,0.));
#4349 = PCURVE('',#166,#4350);
#4350 = DEFINITIONAL_REPRESENTATION('',(#4351),#4355);
#4351 = LINE('',#4352,#4353);
#4352 = CARTESIAN_POINT('',(1.58,47.62));
#4353 = VECTOR('',#4354,1.);
#4354 = DIRECTION('',(-1.,0.));
#4355 = ( GEOMETRIC_REPRESENTATION_CONTEXT(2) 
PARAMETRIC_REPRESENTATION_CONTEXT() REPRESENTATION_CONTEXT('2D SPACE',''
  ) );
#4356 = PCURVE('',#2485,#4357);
#4357 = DEFINITIONAL_REPRESENTATION('',(#4358),#4362);
#4358 = LINE('',#4359,#4360);
#4359 = CARTESIAN_POINT('',(0.,-0.));
#4360 = VECTOR('',#4361,1.);
#4361 = DIRECTION('',(1.,0.));
#4362 = ( GEOMETRIC_REPRESENTATION_CONTEXT(2) 
PARAMETRIC_REPRESENTATION_CONTEXT() REPRESENTATION_CONTEXT('2D SPACE',''
  ) );
#4363 = ORIENTED_EDGE('',*,*,#4364,.F.);
#4364 = EDGE_CURVE('',#4296,#4342,#4365,.T.);
#4365 = SURFACE_CURVE('',#4366,(#4370,#4377),.PCURVE_S1.);
#4366 = LINE('',#4367,#4368);
#4367 = CARTESIAN_POINT('',(0.375,-0.375,0.));
#4368 = VECTOR('',#4369,1.);
#4369 = DIRECTION('',(0.,1.,0.));
#4370 = PCURVE('',#166,#4371);
#4371 = DEFINITIONAL_REPRESENTATION('',(#4372),#4376);
#4372 = LINE('',#4373,#4374);
#4373 = CARTESIAN_POINT('',(1.58,46.87));
#4374 = VECTOR('',#4375,1.);
#4375 = DIRECTION('',(0.,1.));
#4376 = ( GEOMETRIC_REPRESENTATION_CONTEXT(2) 
PARAMETRIC_REPRESENTATION_CONTEXT() REPRESENTATION_CONTEXT('2D SPACE',''
  ) );
#4377 = PCURVE('',#2511,#4378);
#4378 = DEFINITIONAL_REPRESENTATION('',(#4379),#4383);
#4379 = LINE('',#4380,#4381);
#4380 = CARTESIAN_POINT('',(0.,0.));
#4381 = VECTOR('',#4382,1.);
#4382 = DIRECTION('',(1.,0.));
#4383 = ( GEOMETRIC_REPRESENTATION_CONTEXT(2) 
PARAMETRIC_REPRESENTATION_CONTEXT() REPRESENTATION_CONTEXT('2D SPACE',''
  ) );
#4384 = ADVANCED_FACE('',(#4385),#296,.T.);
#4385 = FACE_BOUND('',#4386,.T.);
#4386 = EDGE_LOOP('',(#4387,#4388,#4389,#4390));
#4387 = ORIENTED_EDGE('',*,*,#282,.F.);
#4388 = ORIENTED_EDGE('',*,*,#2577,.T.);
#4389 = ORIENTED_EDGE('',*,*,#2551,.T.);
#4390 = ORIENTED_EDGE('',*,*,#313,.F.);
#4391 = ADVANCED_FACE('',(#4392),#377,.T.);
#4392 = FACE_BOUND('',#4393,.T.);
#4393 = EDGE_LOOP('',(#4394,#4415,#4416,#4437));
#4394 = ORIENTED_EDGE('',*,*,#4395,.T.);
#4395 = EDGE_CURVE('',#2602,#360,#4396,.T.);
#4396 = SURFACE_CURVE('',#4397,(#4401,#4408),.PCURVE_S1.);
#4397 = LINE('',#4398,#4399);
#4398 = CARTESIAN_POINT('',(-0.375,-46.095,0.));
#4399 = VECTOR('',#4400,1.);
#4400 = DIRECTION('',(0.,0.,1.));
#4401 = PCURVE('',#377,#4402);
#4402 = DEFINITIONAL_REPRESENTATION('',(#4403),#4407);
#4403 = LINE('',#4404,#4405);
#4404 = CARTESIAN_POINT('',(0.,0.));
#4405 = VECTOR('',#4406,1.);
#4406 = DIRECTION('',(0.,-1.));
#4407 = ( GEOMETRIC_REPRESENTATION_CONTEXT(2) 
PARAMETRIC_REPRESENTATION_CONTEXT() REPRESENTATION_CONTEXT('2D SPACE',''
  ) );
#4408 = PCURVE('',#405,#4409);
#4409 = DEFINITIONAL_REPRESENTATION('',(#4410),#4414);
#4410 = LINE('',#4411,#4412);
#4411 = CARTESIAN_POINT('',(0.75,0.));
#4412 = VECTOR('',#4413,1.);
#4413 = DIRECTION('',(0.,-1.));
#4414 = ( GEOMETRIC_REPRESENTATION_CONTEXT(2) 
PARAMETRIC_REPRESENTATION_CONTEXT() REPRESENTATION_CONTEXT('2D SPACE',''
  ) );
#4415 = ORIENTED_EDGE('',*,*,#359,.T.);
#4416 = ORIENTED_EDGE('',*,*,#4417,.F.);
#4417 = EDGE_CURVE('',#2604,#362,#4418,.T.);
#4418 = SURFACE_CURVE('',#4419,(#4423,#4430),.PCURVE_S1.);
#4419 = LINE('',#4420,#4421);
#4420 = CARTESIAN_POINT('',(0.375,-46.095,0.));
#4421 = VECTOR('',#4422,1.);
#4422 = DIRECTION('',(0.,0.,1.));
#4423 = PCURVE('',#377,#4424);
#4424 = DEFINITIONAL_REPRESENTATION('',(#4425),#4429);
#4425 = LINE('',#4426,#4427);
#4426 = CARTESIAN_POINT('',(0.75,0.));
#4427 = VECTOR('',#4428,1.);
#4428 = DIRECTION('',(0.,-1.));
#4429 = ( GEOMETRIC_REPRESENTATION_CONTEXT(2) 
PARAMETRIC_REPRESENTATION_CONTEXT() REPRESENTATION_CONTEXT('2D SPACE',''
  ) );
#4430 = PCURVE('',#459,#4431);
#4431 = DEFINITIONAL_REPRESENTATION('',(#4432),#4436);
#4432 = LINE('',#4433,#4434);
#4433 = CARTESIAN_POINT('',(0.,0.));
#4434 = VECTOR('',#4435,1.);
#4435 = DIRECTION('',(0.,-1.));
#4436 = ( GEOMETRIC_REPRESENTATION_CONTEXT(2) 
PARAMETRIC_REPRESENTATION_CONTEXT() REPRESENTATION_CONTEXT('2D SPACE',''
  ) );
#4437 = ORIENTED_EDGE('',*,*,#2601,.F.);
#4438 = ADVANCED_FACE('',(#4439),#459,.T.);
#4439 = FACE_BOUND('',#4440,.T.);
#4440 = EDGE_LOOP('',(#4441,#4442,#4443,#4464));
#4441 = ORIENTED_EDGE('',*,*,#4417,.T.);
#4442 = ORIENTED_EDGE('',*,*,#445,.T.);
#4443 = ORIENTED_EDGE('',*,*,#4444,.F.);
#4444 = EDGE_CURVE('',#2650,#418,#4445,.T.);
#4445 = SURFACE_CURVE('',#4446,(#4450,#4457),.PCURVE_S1.);
#4446 = LINE('',#4447,#4448);
#4447 = CARTESIAN_POINT('',(0.375,-45.345,0.));
#4448 = VECTOR('',#4449,1.);
#4449 = DIRECTION('',(0.,0.,1.));
#4450 = PCURVE('',#459,#4451);
#4451 = DEFINITIONAL_REPRESENTATION('',(#4452),#4456);
#4452 = LINE('',#4453,#4454);
#4453 = CARTESIAN_POINT('',(0.75,0.));
#4454 = VECTOR('',#4455,1.);
#4455 = DIRECTION('',(0.,-1.));
#4456 = ( GEOMETRIC_REPRESENTATION_CONTEXT(2) 
PARAMETRIC_REPRESENTATION_CONTEXT() REPRESENTATION_CONTEXT('2D SPACE',''
  ) );
#4457 = PCURVE('',#433,#4458);
#4458 = DEFINITIONAL_REPRESENTATION('',(#4459),#4463);
#4459 = LINE('',#4460,#4461);
#4460 = CARTESIAN_POINT('',(0.,-0.));
#4461 = VECTOR('',#4462,1.);
#4462 = DIRECTION('',(0.,-1.));
#4463 = ( GEOMETRIC_REPRESENTATION_CONTEXT(2) 
PARAMETRIC_REPRESENTATION_CONTEXT() REPRESENTATION_CONTEXT('2D SPACE',''
  ) );
#4464 = ORIENTED_EDGE('',*,*,#2672,.F.);
#4465 = ADVANCED_FACE('',(#4466),#433,.T.);
#4466 = FACE_BOUND('',#4467,.T.);
#4467 = EDGE_LOOP('',(#4468,#4469,#4470,#4491));
#4468 = ORIENTED_EDGE('',*,*,#4444,.T.);
#4469 = ORIENTED_EDGE('',*,*,#417,.T.);
#4470 = ORIENTED_EDGE('',*,*,#4471,.F.);
#4471 = EDGE_CURVE('',#2627,#390,#4472,.T.);
#4472 = SURFACE_CURVE('',#4473,(#4477,#4484),.PCURVE_S1.);
#4473 = LINE('',#4474,#4475);
#4474 = CARTESIAN_POINT('',(-0.375,-45.345,0.));
#4475 = VECTOR('',#4476,1.);
#4476 = DIRECTION('',(0.,0.,1.));
#4477 = PCURVE('',#433,#4478);
#4478 = DEFINITIONAL_REPRESENTATION('',(#4479),#4483);
#4479 = LINE('',#4480,#4481);
#4480 = CARTESIAN_POINT('',(0.75,0.));
#4481 = VECTOR('',#4482,1.);
#4482 = DIRECTION('',(0.,-1.));
#4483 = ( GEOMETRIC_REPRESENTATION_CONTEXT(2) 
PARAMETRIC_REPRESENTATION_CONTEXT() REPRESENTATION_CONTEXT('2D SPACE',''
  ) );
#4484 = PCURVE('',#405,#4485);
#4485 = DEFINITIONAL_REPRESENTATION('',(#4486),#4490);
#4486 = LINE('',#4487,#4488);
#4487 = CARTESIAN_POINT('',(0.,0.));
#4488 = VECTOR('',#4489,1.);
#4489 = DIRECTION('',(0.,-1.));
#4490 = ( GEOMETRIC_REPRESENTATION_CONTEXT(2) 
PARAMETRIC_REPRESENTATION_CONTEXT() REPRESENTATION_CONTEXT('2D SPACE',''
  ) );
#4491 = ORIENTED_EDGE('',*,*,#2649,.F.);
#4492 = ADVANCED_FACE('',(#4493),#405,.T.);
#4493 = FACE_BOUND('',#4494,.T.);
#4494 = EDGE_LOOP('',(#4495,#4496,#4497,#4498));
#4495 = ORIENTED_EDGE('',*,*,#4471,.T.);
#4496 = ORIENTED_EDGE('',*,*,#389,.T.);
#4497 = ORIENTED_EDGE('',*,*,#4395,.F.);
#4498 = ORIENTED_EDGE('',*,*,#2626,.F.);
#4499 = ADVANCED_FACE('',(#4500),#491,.T.);
#4500 = FACE_BOUND('',#4501,.T.);
#4501 = EDGE_LOOP('',(#4502,#4523,#4524,#4545));
#4502 = ORIENTED_EDGE('',*,*,#4503,.T.);
#4503 = EDGE_CURVE('',#2696,#474,#4504,.T.);
#4504 = SURFACE_CURVE('',#4505,(#4509,#4516),.PCURVE_S1.);
#4505 = LINE('',#4506,#4507);
#4506 = CARTESIAN_POINT('',(-0.375,-43.555,0.));
#4507 = VECTOR('',#4508,1.);
#4508 = DIRECTION('',(0.,0.,1.));
#4509 = PCURVE('',#491,#4510);
#4510 = DEFINITIONAL_REPRESENTATION('',(#4511),#4515);
#4511 = LINE('',#4512,#4513);
#4512 = CARTESIAN_POINT('',(0.,0.));
#4513 = VECTOR('',#4514,1.);
#4514 = DIRECTION('',(0.,-1.));
#4515 = ( GEOMETRIC_REPRESENTATION_CONTEXT(2) 
PARAMETRIC_REPRESENTATION_CONTEXT() REPRESENTATION_CONTEXT('2D SPACE',''
  ) );
#4516 = PCURVE('',#519,#4517);
#4517 = DEFINITIONAL_REPRESENTATION('',(#4518),#4522);
#4518 = LINE('',#4519,#4520);
#4519 = CARTESIAN_POINT('',(0.75,0.));
#4520 = VECTOR('',#4521,1.);
#4521 = DIRECTION('',(0.,-1.));
#4522 = ( GEOMETRIC_REPRESENTATION_CONTEXT(2) 
PARAMETRIC_REPRESENTATION_CONTEXT() REPRESENTATION_CONTEXT('2D SPACE',''
  ) );
#4523 = ORIENTED_EDGE('',*,*,#473,.T.);
#4524 = ORIENTED_EDGE('',*,*,#4525,.F.);
#4525 = EDGE_CURVE('',#2698,#476,#4526,.T.);
#4526 = SURFACE_CURVE('',#4527,(#4531,#4538),.PCURVE_S1.);
#4527 = LINE('',#4528,#4529);
#4528 = CARTESIAN_POINT('',(0.375,-43.555,0.));
#4529 = VECTOR('',#4530,1.);
#4530 = DIRECTION('',(0.,0.,1.));
#4531 = PCURVE('',#491,#4532);
#4532 = DEFINITIONAL_REPRESENTATION('',(#4533),#4537);
#4533 = LINE('',#4534,#4535);
#4534 = CARTESIAN_POINT('',(0.75,0.));
#4535 = VECTOR('',#4536,1.);
#4536 = DIRECTION('',(0.,-1.));
#4537 = ( GEOMETRIC_REPRESENTATION_CONTEXT(2) 
PARAMETRIC_REPRESENTATION_CONTEXT() REPRESENTATION_CONTEXT('2D SPACE',''
  ) );
#4538 = PCURVE('',#573,#4539);
#4539 = DEFINITIONAL_REPRESENTATION('',(#4540),#4544);
#4540 = LINE('',#4541,#4542);
#4541 = CARTESIAN_POINT('',(0.,0.));
#4542 = VECTOR('',#4543,1.);
#4543 = DIRECTION('',(0.,-1.));
#4544 = ( GEOMETRIC_REPRESENTATION_CONTEXT(2) 
PARAMETRIC_REPRESENTATION_CONTEXT() REPRESENTATION_CONTEXT('2D SPACE',''
  ) );
#4545 = ORIENTED_EDGE('',*,*,#2695,.F.);
#4546 = ADVANCED_FACE('',(#4547),#519,.T.);
#4547 = FACE_BOUND('',#4548,.T.);
#4548 = EDGE_LOOP('',(#4549,#4570,#4571,#4572));
#4549 = ORIENTED_EDGE('',*,*,#4550,.T.);
#4550 = EDGE_CURVE('',#2721,#504,#4551,.T.);
#4551 = SURFACE_CURVE('',#4552,(#4556,#4563),.PCURVE_S1.);
#4552 = LINE('',#4553,#4554);
#4553 = CARTESIAN_POINT('',(-0.375,-42.805,0.));
#4554 = VECTOR('',#4555,1.);
#4555 = DIRECTION('',(0.,0.,1.));
#4556 = PCURVE('',#519,#4557);
#4557 = DEFINITIONAL_REPRESENTATION('',(#4558),#4562);
#4558 = LINE('',#4559,#4560);
#4559 = CARTESIAN_POINT('',(0.,0.));
#4560 = VECTOR('',#4561,1.);
#4561 = DIRECTION('',(0.,-1.));
#4562 = ( GEOMETRIC_REPRESENTATION_CONTEXT(2) 
PARAMETRIC_REPRESENTATION_CONTEXT() REPRESENTATION_CONTEXT('2D SPACE',''
  ) );
#4563 = PCURVE('',#547,#4564);
#4564 = DEFINITIONAL_REPRESENTATION('',(#4565),#4569);
#4565 = LINE('',#4566,#4567);
#4566 = CARTESIAN_POINT('',(0.75,0.));
#4567 = VECTOR('',#4568,1.);
#4568 = DIRECTION('',(0.,-1.));
#4569 = ( GEOMETRIC_REPRESENTATION_CONTEXT(2) 
PARAMETRIC_REPRESENTATION_CONTEXT() REPRESENTATION_CONTEXT('2D SPACE',''
  ) );
#4570 = ORIENTED_EDGE('',*,*,#503,.T.);
#4571 = ORIENTED_EDGE('',*,*,#4503,.F.);
#4572 = ORIENTED_EDGE('',*,*,#2720,.F.);
#4573 = ADVANCED_FACE('',(#4574),#573,.T.);
#4574 = FACE_BOUND('',#4575,.T.);
#4575 = EDGE_LOOP('',(#4576,#4577,#4578,#4599));
#4576 = ORIENTED_EDGE('',*,*,#4525,.T.);
#4577 = ORIENTED_EDGE('',*,*,#559,.T.);
#4578 = ORIENTED_EDGE('',*,*,#4579,.F.);
#4579 = EDGE_CURVE('',#2744,#532,#4580,.T.);
#4580 = SURFACE_CURVE('',#4581,(#4585,#4592),.PCURVE_S1.);
#4581 = LINE('',#4582,#4583);
#4582 = CARTESIAN_POINT('',(0.375,-42.805,0.));
#4583 = VECTOR('',#4584,1.);
#4584 = DIRECTION('',(0.,0.,1.));
#4585 = PCURVE('',#573,#4586);
#4586 = DEFINITIONAL_REPRESENTATION('',(#4587),#4591);
#4587 = LINE('',#4588,#4589);
#4588 = CARTESIAN_POINT('',(0.75,0.));
#4589 = VECTOR('',#4590,1.);
#4590 = DIRECTION('',(0.,-1.));
#4591 = ( GEOMETRIC_REPRESENTATION_CONTEXT(2) 
PARAMETRIC_REPRESENTATION_CONTEXT() REPRESENTATION_CONTEXT('2D SPACE',''
  ) );
#4592 = PCURVE('',#547,#4593);
#4593 = DEFINITIONAL_REPRESENTATION('',(#4594),#4598);
#4594 = LINE('',#4595,#4596);
#4595 = CARTESIAN_POINT('',(0.,-0.));
#4596 = VECTOR('',#4597,1.);
#4597 = DIRECTION('',(0.,-1.));
#4598 = ( GEOMETRIC_REPRESENTATION_CONTEXT(2) 
PARAMETRIC_REPRESENTATION_CONTEXT() REPRESENTATION_CONTEXT('2D SPACE',''
  ) );
#4599 = ORIENTED_EDGE('',*,*,#2766,.F.);
#4600 = ADVANCED_FACE('',(#4601),#547,.T.);
#4601 = FACE_BOUND('',#4602,.T.);
#4602 = EDGE_LOOP('',(#4603,#4604,#4605,#4606));
#4603 = ORIENTED_EDGE('',*,*,#4579,.T.);
#4604 = ORIENTED_EDGE('',*,*,#531,.T.);
#4605 = ORIENTED_EDGE('',*,*,#4550,.F.);
#4606 = ORIENTED_EDGE('',*,*,#2743,.F.);
#4607 = ADVANCED_FACE('',(#4608),#605,.T.);
#4608 = FACE_BOUND('',#4609,.T.);
#4609 = EDGE_LOOP('',(#4610,#4631,#4632,#4653));
#4610 = ORIENTED_EDGE('',*,*,#4611,.T.);
#4611 = EDGE_CURVE('',#2790,#588,#4612,.T.);
#4612 = SURFACE_CURVE('',#4613,(#4617,#4624),.PCURVE_S1.);
#4613 = LINE('',#4614,#4615);
#4614 = CARTESIAN_POINT('',(-0.375,-41.015,0.));
#4615 = VECTOR('',#4616,1.);
#4616 = DIRECTION('',(0.,0.,1.));
#4617 = PCURVE('',#605,#4618);
#4618 = DEFINITIONAL_REPRESENTATION('',(#4619),#4623);
#4619 = LINE('',#4620,#4621);
#4620 = CARTESIAN_POINT('',(0.,0.));
#4621 = VECTOR('',#4622,1.);
#4622 = DIRECTION('',(0.,-1.));
#4623 = ( GEOMETRIC_REPRESENTATION_CONTEXT(2) 
PARAMETRIC_REPRESENTATION_CONTEXT() REPRESENTATION_CONTEXT('2D SPACE',''
  ) );
#4624 = PCURVE('',#633,#4625);
#4625 = DEFINITIONAL_REPRESENTATION('',(#4626),#4630);
#4626 = LINE('',#4627,#4628);
#4627 = CARTESIAN_POINT('',(0.75,0.));
#4628 = VECTOR('',#4629,1.);
#4629 = DIRECTION('',(0.,-1.));
#4630 = ( GEOMETRIC_REPRESENTATION_CONTEXT(2) 
PARAMETRIC_REPRESENTATION_CONTEXT() REPRESENTATION_CONTEXT('2D SPACE',''
  ) );
#4631 = ORIENTED_EDGE('',*,*,#587,.T.);
#4632 = ORIENTED_EDGE('',*,*,#4633,.F.);
#4633 = EDGE_CURVE('',#2792,#590,#4634,.T.);
#4634 = SURFACE_CURVE('',#4635,(#4639,#4646),.PCURVE_S1.);
#4635 = LINE('',#4636,#4637);
#4636 = CARTESIAN_POINT('',(0.375,-41.015,0.));
#4637 = VECTOR('',#4638,1.);
#4638 = DIRECTION('',(0.,0.,1.));
#4639 = PCURVE('',#605,#4640);
#4640 = DEFINITIONAL_REPRESENTATION('',(#4641),#4645);
#4641 = LINE('',#4642,#4643);
#4642 = CARTESIAN_POINT('',(0.75,0.));
#4643 = VECTOR('',#4644,1.);
#4644 = DIRECTION('',(0.,-1.));
#4645 = ( GEOMETRIC_REPRESENTATION_CONTEXT(2) 
PARAMETRIC_REPRESENTATION_CONTEXT() REPRESENTATION_CONTEXT('2D SPACE',''
  ) );
#4646 = PCURVE('',#687,#4647);
#4647 = DEFINITIONAL_REPRESENTATION('',(#4648),#4652);
#4648 = LINE('',#4649,#4650);
#4649 = CARTESIAN_POINT('',(0.,0.));
#4650 = VECTOR('',#4651,1.);
#4651 = DIRECTION('',(0.,-1.));
#4652 = ( GEOMETRIC_REPRESENTATION_CONTEXT(2) 
PARAMETRIC_REPRESENTATION_CONTEXT() REPRESENTATION_CONTEXT('2D SPACE',''
  ) );
#4653 = ORIENTED_EDGE('',*,*,#2789,.F.);
#4654 = ADVANCED_FACE('',(#4655),#633,.T.);
#4655 = FACE_BOUND('',#4656,.T.);
#4656 = EDGE_LOOP('',(#4657,#4678,#4679,#4680));
#4657 = ORIENTED_EDGE('',*,*,#4658,.T.);
#4658 = EDGE_CURVE('',#2815,#618,#4659,.T.);
#4659 = SURFACE_CURVE('',#4660,(#4664,#4671),.PCURVE_S1.);
#4660 = LINE('',#4661,#4662);
#4661 = CARTESIAN_POINT('',(-0.375,-40.265,0.));
#4662 = VECTOR('',#4663,1.);
#4663 = DIRECTION('',(0.,0.,1.));
#4664 = PCURVE('',#633,#4665);
#4665 = DEFINITIONAL_REPRESENTATION('',(#4666),#4670);
#4666 = LINE('',#4667,#4668);
#4667 = CARTESIAN_POINT('',(0.,0.));
#4668 = VECTOR('',#4669,1.);
#4669 = DIRECTION('',(0.,-1.));
#4670 = ( GEOMETRIC_REPRESENTATION_CONTEXT(2) 
PARAMETRIC_REPRESENTATION_CONTEXT() REPRESENTATION_CONTEXT('2D SPACE',''
  ) );
#4671 = PCURVE('',#661,#4672);
#4672 = DEFINITIONAL_REPRESENTATION('',(#4673),#4677);
#4673 = LINE('',#4674,#4675);
#4674 = CARTESIAN_POINT('',(0.75,0.));
#4675 = VECTOR('',#4676,1.);
#4676 = DIRECTION('',(0.,-1.));
#4677 = ( GEOMETRIC_REPRESENTATION_CONTEXT(2) 
PARAMETRIC_REPRESENTATION_CONTEXT() REPRESENTATION_CONTEXT('2D SPACE',''
  ) );
#4678 = ORIENTED_EDGE('',*,*,#617,.T.);
#4679 = ORIENTED_EDGE('',*,*,#4611,.F.);
#4680 = ORIENTED_EDGE('',*,*,#2814,.F.);
#4681 = ADVANCED_FACE('',(#4682),#687,.T.);
#4682 = FACE_BOUND('',#4683,.T.);
#4683 = EDGE_LOOP('',(#4684,#4685,#4686,#4707));
#4684 = ORIENTED_EDGE('',*,*,#4633,.T.);
#4685 = ORIENTED_EDGE('',*,*,#673,.T.);
#4686 = ORIENTED_EDGE('',*,*,#4687,.F.);
#4687 = EDGE_CURVE('',#2838,#646,#4688,.T.);
#4688 = SURFACE_CURVE('',#4689,(#4693,#4700),.PCURVE_S1.);
#4689 = LINE('',#4690,#4691);
#4690 = CARTESIAN_POINT('',(0.375,-40.265,0.));
#4691 = VECTOR('',#4692,1.);
#4692 = DIRECTION('',(0.,0.,1.));
#4693 = PCURVE('',#687,#4694);
#4694 = DEFINITIONAL_REPRESENTATION('',(#4695),#4699);
#4695 = LINE('',#4696,#4697);
#4696 = CARTESIAN_POINT('',(0.75,0.));
#4697 = VECTOR('',#4698,1.);
#4698 = DIRECTION('',(0.,-1.));
#4699 = ( GEOMETRIC_REPRESENTATION_CONTEXT(2) 
PARAMETRIC_REPRESENTATION_CONTEXT() REPRESENTATION_CONTEXT('2D SPACE',''
  ) );
#4700 = PCURVE('',#661,#4701);
#4701 = DEFINITIONAL_REPRESENTATION('',(#4702),#4706);
#4702 = LINE('',#4703,#4704);
#4703 = CARTESIAN_POINT('',(0.,-0.));
#4704 = VECTOR('',#4705,1.);
#4705 = DIRECTION('',(0.,-1.));
#4706 = ( GEOMETRIC_REPRESENTATION_CONTEXT(2) 
PARAMETRIC_REPRESENTATION_CONTEXT() REPRESENTATION_CONTEXT('2D SPACE',''
  ) );
#4707 = ORIENTED_EDGE('',*,*,#2860,.F.);
#4708 = ADVANCED_FACE('',(#4709),#661,.T.);
#4709 = FACE_BOUND('',#4710,.T.);
#4710 = EDGE_LOOP('',(#4711,#4712,#4713,#4714));
#4711 = ORIENTED_EDGE('',*,*,#4687,.T.);
#4712 = ORIENTED_EDGE('',*,*,#645,.T.);
#4713 = ORIENTED_EDGE('',*,*,#4658,.F.);
#4714 = ORIENTED_EDGE('',*,*,#2837,.F.);
#4715 = ADVANCED_FACE('',(#4716),#719,.T.);
#4716 = FACE_BOUND('',#4717,.T.);
#4717 = EDGE_LOOP('',(#4718,#4739,#4740,#4761));
#4718 = ORIENTED_EDGE('',*,*,#4719,.T.);
#4719 = EDGE_CURVE('',#2884,#702,#4720,.T.);
#4720 = SURFACE_CURVE('',#4721,(#4725,#4732),.PCURVE_S1.);
#4721 = LINE('',#4722,#4723);
#4722 = CARTESIAN_POINT('',(-0.375,-38.475,0.));
#4723 = VECTOR('',#4724,1.);
#4724 = DIRECTION('',(0.,0.,1.));
#4725 = PCURVE('',#719,#4726);
#4726 = DEFINITIONAL_REPRESENTATION('',(#4727),#4731);
#4727 = LINE('',#4728,#4729);
#4728 = CARTESIAN_POINT('',(0.,0.));
#4729 = VECTOR('',#4730,1.);
#4730 = DIRECTION('',(0.,-1.));
#4731 = ( GEOMETRIC_REPRESENTATION_CONTEXT(2) 
PARAMETRIC_REPRESENTATION_CONTEXT() REPRESENTATION_CONTEXT('2D SPACE',''
  ) );
#4732 = PCURVE('',#747,#4733);
#4733 = DEFINITIONAL_REPRESENTATION('',(#4734),#4738);
#4734 = LINE('',#4735,#4736);
#4735 = CARTESIAN_POINT('',(0.75,0.));
#4736 = VECTOR('',#4737,1.);
#4737 = DIRECTION('',(0.,-1.));
#4738 = ( GEOMETRIC_REPRESENTATION_CONTEXT(2) 
PARAMETRIC_REPRESENTATION_CONTEXT() REPRESENTATION_CONTEXT('2D SPACE',''
  ) );
#4739 = ORIENTED_EDGE('',*,*,#701,.T.);
#4740 = ORIENTED_EDGE('',*,*,#4741,.F.);
#4741 = EDGE_CURVE('',#2886,#704,#4742,.T.);
#4742 = SURFACE_CURVE('',#4743,(#4747,#4754),.PCURVE_S1.);
#4743 = LINE('',#4744,#4745);
#4744 = CARTESIAN_POINT('',(0.375,-38.475,0.));
#4745 = VECTOR('',#4746,1.);
#4746 = DIRECTION('',(0.,0.,1.));
#4747 = PCURVE('',#719,#4748);
#4748 = DEFINITIONAL_REPRESENTATION('',(#4749),#4753);
#4749 = LINE('',#4750,#4751);
#4750 = CARTESIAN_POINT('',(0.75,0.));
#4751 = VECTOR('',#4752,1.);
#4752 = DIRECTION('',(0.,-1.));
#4753 = ( GEOMETRIC_REPRESENTATION_CONTEXT(2) 
PARAMETRIC_REPRESENTATION_CONTEXT() REPRESENTATION_CONTEXT('2D SPACE',''
  ) );
#4754 = PCURVE('',#801,#4755);
#4755 = DEFINITIONAL_REPRESENTATION('',(#4756),#4760);
#4756 = LINE('',#4757,#4758);
#4757 = CARTESIAN_POINT('',(0.,0.));
#4758 = VECTOR('',#4759,1.);
#4759 = DIRECTION('',(0.,-1.));
#4760 = ( GEOMETRIC_REPRESENTATION_CONTEXT(2) 
PARAMETRIC_REPRESENTATION_CONTEXT() REPRESENTATION_CONTEXT('2D SPACE',''
  ) );
#4761 = ORIENTED_EDGE('',*,*,#2883,.F.);
#4762 = ADVANCED_FACE('',(#4763),#747,.T.);
#4763 = FACE_BOUND('',#4764,.T.);
#4764 = EDGE_LOOP('',(#4765,#4786,#4787,#4788));
#4765 = ORIENTED_EDGE('',*,*,#4766,.T.);
#4766 = EDGE_CURVE('',#2909,#732,#4767,.T.);
#4767 = SURFACE_CURVE('',#4768,(#4772,#4779),.PCURVE_S1.);
#4768 = LINE('',#4769,#4770);
#4769 = CARTESIAN_POINT('',(-0.375,-37.725,0.));
#4770 = VECTOR('',#4771,1.);
#4771 = DIRECTION('',(0.,0.,1.));
#4772 = PCURVE('',#747,#4773);
#4773 = DEFINITIONAL_REPRESENTATION('',(#4774),#4778);
#4774 = LINE('',#4775,#4776);
#4775 = CARTESIAN_POINT('',(0.,0.));
#4776 = VECTOR('',#4777,1.);
#4777 = DIRECTION('',(0.,-1.));
#4778 = ( GEOMETRIC_REPRESENTATION_CONTEXT(2) 
PARAMETRIC_REPRESENTATION_CONTEXT() REPRESENTATION_CONTEXT('2D SPACE',''
  ) );
#4779 = PCURVE('',#775,#4780);
#4780 = DEFINITIONAL_REPRESENTATION('',(#4781),#4785);
#4781 = LINE('',#4782,#4783);
#4782 = CARTESIAN_POINT('',(0.75,0.));
#4783 = VECTOR('',#4784,1.);
#4784 = DIRECTION('',(0.,-1.));
#4785 = ( GEOMETRIC_REPRESENTATION_CONTEXT(2) 
PARAMETRIC_REPRESENTATION_CONTEXT() REPRESENTATION_CONTEXT('2D SPACE',''
  ) );
#4786 = ORIENTED_EDGE('',*,*,#731,.T.);
#4787 = ORIENTED_EDGE('',*,*,#4719,.F.);
#4788 = ORIENTED_EDGE('',*,*,#2908,.F.);
#4789 = ADVANCED_FACE('',(#4790),#801,.T.);
#4790 = FACE_BOUND('',#4791,.T.);
#4791 = EDGE_LOOP('',(#4792,#4793,#4794,#4815));
#4792 = ORIENTED_EDGE('',*,*,#4741,.T.);
#4793 = ORIENTED_EDGE('',*,*,#787,.T.);
#4794 = ORIENTED_EDGE('',*,*,#4795,.F.);
#4795 = EDGE_CURVE('',#2932,#760,#4796,.T.);
#4796 = SURFACE_CURVE('',#4797,(#4801,#4808),.PCURVE_S1.);
#4797 = LINE('',#4798,#4799);
#4798 = CARTESIAN_POINT('',(0.375,-37.725,0.));
#4799 = VECTOR('',#4800,1.);
#4800 = DIRECTION('',(0.,0.,1.));
#4801 = PCURVE('',#801,#4802);
#4802 = DEFINITIONAL_REPRESENTATION('',(#4803),#4807);
#4803 = LINE('',#4804,#4805);
#4804 = CARTESIAN_POINT('',(0.75,0.));
#4805 = VECTOR('',#4806,1.);
#4806 = DIRECTION('',(0.,-1.));
#4807 = ( GEOMETRIC_REPRESENTATION_CONTEXT(2) 
PARAMETRIC_REPRESENTATION_CONTEXT() REPRESENTATION_CONTEXT('2D SPACE',''
  ) );
#4808 = PCURVE('',#775,#4809);
#4809 = DEFINITIONAL_REPRESENTATION('',(#4810),#4814);
#4810 = LINE('',#4811,#4812);
#4811 = CARTESIAN_POINT('',(0.,-0.));
#4812 = VECTOR('',#4813,1.);
#4813 = DIRECTION('',(0.,-1.));
#4814 = ( GEOMETRIC_REPRESENTATION_CONTEXT(2) 
PARAMETRIC_REPRESENTATION_CONTEXT() REPRESENTATION_CONTEXT('2D SPACE',''
  ) );
#4815 = ORIENTED_EDGE('',*,*,#2954,.F.);
#4816 = ADVANCED_FACE('',(#4817),#775,.T.);
#4817 = FACE_BOUND('',#4818,.T.);
#4818 = EDGE_LOOP('',(#4819,#4820,#4821,#4822));
#4819 = ORIENTED_EDGE('',*,*,#4795,.T.);
#4820 = ORIENTED_EDGE('',*,*,#759,.T.);
#4821 = ORIENTED_EDGE('',*,*,#4766,.F.);
#4822 = ORIENTED_EDGE('',*,*,#2931,.F.);
#4823 = ADVANCED_FACE('',(#4824),#833,.T.);
#4824 = FACE_BOUND('',#4825,.T.);
#4825 = EDGE_LOOP('',(#4826,#4847,#4848,#4869));
#4826 = ORIENTED_EDGE('',*,*,#4827,.T.);
#4827 = EDGE_CURVE('',#2978,#816,#4828,.T.);
#4828 = SURFACE_CURVE('',#4829,(#4833,#4840),.PCURVE_S1.);
#4829 = LINE('',#4830,#4831);
#4830 = CARTESIAN_POINT('',(-0.375,-35.935,0.));
#4831 = VECTOR('',#4832,1.);
#4832 = DIRECTION('',(0.,0.,1.));
#4833 = PCURVE('',#833,#4834);
#4834 = DEFINITIONAL_REPRESENTATION('',(#4835),#4839);
#4835 = LINE('',#4836,#4837);
#4836 = CARTESIAN_POINT('',(0.,0.));
#4837 = VECTOR('',#4838,1.);
#4838 = DIRECTION('',(0.,-1.));
#4839 = ( GEOMETRIC_REPRESENTATION_CONTEXT(2) 
PARAMETRIC_REPRESENTATION_CONTEXT() REPRESENTATION_CONTEXT('2D SPACE',''
  ) );
#4840 = PCURVE('',#861,#4841);
#4841 = DEFINITIONAL_REPRESENTATION('',(#4842),#4846);
#4842 = LINE('',#4843,#4844);
#4843 = CARTESIAN_POINT('',(0.75,0.));
#4844 = VECTOR('',#4845,1.);
#4845 = DIRECTION('',(0.,-1.));
#4846 = ( GEOMETRIC_REPRESENTATION_CONTEXT(2) 
PARAMETRIC_REPRESENTATION_CONTEXT() REPRESENTATION_CONTEXT('2D SPACE',''
  ) );
#4847 = ORIENTED_EDGE('',*,*,#815,.T.);
#4848 = ORIENTED_EDGE('',*,*,#4849,.F.);
#4849 = EDGE_CURVE('',#2980,#818,#4850,.T.);
#4850 = SURFACE_CURVE('',#4851,(#4855,#4862),.PCURVE_S1.);
#4851 = LINE('',#4852,#4853);
#4852 = CARTESIAN_POINT('',(0.375,-35.935,0.));
#4853 = VECTOR('',#4854,1.);
#4854 = DIRECTION('',(0.,0.,1.));
#4855 = PCURVE('',#833,#4856);
#4856 = DEFINITIONAL_REPRESENTATION('',(#4857),#4861);
#4857 = LINE('',#4858,#4859);
#4858 = CARTESIAN_POINT('',(0.75,0.));
#4859 = VECTOR('',#4860,1.);
#4860 = DIRECTION('',(0.,-1.));
#4861 = ( GEOMETRIC_REPRESENTATION_CONTEXT(2) 
PARAMETRIC_REPRESENTATION_CONTEXT() REPRESENTATION_CONTEXT('2D SPACE',''
  ) );
#4862 = PCURVE('',#915,#4863);
#4863 = DEFINITIONAL_REPRESENTATION('',(#4864),#4868);
#4864 = LINE('',#4865,#4866);
#4865 = CARTESIAN_POINT('',(0.,0.));
#4866 = VECTOR('',#4867,1.);
#4867 = DIRECTION('',(0.,-1.));
#4868 = ( GEOMETRIC_REPRESENTATION_CONTEXT(2) 
PARAMETRIC_REPRESENTATION_CONTEXT() REPRESENTATION_CONTEXT('2D SPACE',''
  ) );
#4869 = ORIENTED_EDGE('',*,*,#2977,.F.);
#4870 = ADVANCED_FACE('',(#4871),#861,.T.);
#4871 = FACE_BOUND('',#4872,.T.);
#4872 = EDGE_LOOP('',(#4873,#4894,#4895,#4896));
#4873 = ORIENTED_EDGE('',*,*,#4874,.T.);
#4874 = EDGE_CURVE('',#3003,#846,#4875,.T.);
#4875 = SURFACE_CURVE('',#4876,(#4880,#4887),.PCURVE_S1.);
#4876 = LINE('',#4877,#4878);
#4877 = CARTESIAN_POINT('',(-0.375,-35.185,0.));
#4878 = VECTOR('',#4879,1.);
#4879 = DIRECTION('',(0.,0.,1.));
#4880 = PCURVE('',#861,#4881);
#4881 = DEFINITIONAL_REPRESENTATION('',(#4882),#4886);
#4882 = LINE('',#4883,#4884);
#4883 = CARTESIAN_POINT('',(0.,0.));
#4884 = VECTOR('',#4885,1.);
#4885 = DIRECTION('',(0.,-1.));
#4886 = ( GEOMETRIC_REPRESENTATION_CONTEXT(2) 
PARAMETRIC_REPRESENTATION_CONTEXT() REPRESENTATION_CONTEXT('2D SPACE',''
  ) );
#4887 = PCURVE('',#889,#4888);
#4888 = DEFINITIONAL_REPRESENTATION('',(#4889),#4893);
#4889 = LINE('',#4890,#4891);
#4890 = CARTESIAN_POINT('',(0.75,0.));
#4891 = VECTOR('',#4892,1.);
#4892 = DIRECTION('',(0.,-1.));
#4893 = ( GEOMETRIC_REPRESENTATION_CONTEXT(2) 
PARAMETRIC_REPRESENTATION_CONTEXT() REPRESENTATION_CONTEXT('2D SPACE',''
  ) );
#4894 = ORIENTED_EDGE('',*,*,#845,.T.);
#4895 = ORIENTED_EDGE('',*,*,#4827,.F.);
#4896 = ORIENTED_EDGE('',*,*,#3002,.F.);
#4897 = ADVANCED_FACE('',(#4898),#915,.T.);
#4898 = FACE_BOUND('',#4899,.T.);
#4899 = EDGE_LOOP('',(#4900,#4901,#4902,#4923));
#4900 = ORIENTED_EDGE('',*,*,#4849,.T.);
#4901 = ORIENTED_EDGE('',*,*,#901,.T.);
#4902 = ORIENTED_EDGE('',*,*,#4903,.F.);
#4903 = EDGE_CURVE('',#3026,#874,#4904,.T.);
#4904 = SURFACE_CURVE('',#4905,(#4909,#4916),.PCURVE_S1.);
#4905 = LINE('',#4906,#4907);
#4906 = CARTESIAN_POINT('',(0.375,-35.185,0.));
#4907 = VECTOR('',#4908,1.);
#4908 = DIRECTION('',(0.,0.,1.));
#4909 = PCURVE('',#915,#4910);
#4910 = DEFINITIONAL_REPRESENTATION('',(#4911),#4915);
#4911 = LINE('',#4912,#4913);
#4912 = CARTESIAN_POINT('',(0.75,0.));
#4913 = VECTOR('',#4914,1.);
#4914 = DIRECTION('',(0.,-1.));
#4915 = ( GEOMETRIC_REPRESENTATION_CONTEXT(2) 
PARAMETRIC_REPRESENTATION_CONTEXT() REPRESENTATION_CONTEXT('2D SPACE',''
  ) );
#4916 = PCURVE('',#889,#4917);
#4917 = DEFINITIONAL_REPRESENTATION('',(#4918),#4922);
#4918 = LINE('',#4919,#4920);
#4919 = CARTESIAN_POINT('',(0.,-0.));
#4920 = VECTOR('',#4921,1.);
#4921 = DIRECTION('',(0.,-1.));
#4922 = ( GEOMETRIC_REPRESENTATION_CONTEXT(2) 
PARAMETRIC_REPRESENTATION_CONTEXT() REPRESENTATION_CONTEXT('2D SPACE',''
  ) );
#4923 = ORIENTED_EDGE('',*,*,#3048,.F.);
#4924 = ADVANCED_FACE('',(#4925),#889,.T.);
#4925 = FACE_BOUND('',#4926,.T.);
#4926 = EDGE_LOOP('',(#4927,#4928,#4929,#4930));
#4927 = ORIENTED_EDGE('',*,*,#4903,.T.);
#4928 = ORIENTED_EDGE('',*,*,#873,.T.);
#4929 = ORIENTED_EDGE('',*,*,#4874,.F.);
#4930 = ORIENTED_EDGE('',*,*,#3025,.F.);
#4931 = ADVANCED_FACE('',(#4932),#947,.T.);
#4932 = FACE_BOUND('',#4933,.T.);
#4933 = EDGE_LOOP('',(#4934,#4955,#4956,#4977));
#4934 = ORIENTED_EDGE('',*,*,#4935,.T.);
#4935 = EDGE_CURVE('',#3072,#930,#4936,.T.);
#4936 = SURFACE_CURVE('',#4937,(#4941,#4948),.PCURVE_S1.);
#4937 = LINE('',#4938,#4939);
#4938 = CARTESIAN_POINT('',(-0.375,-33.395,0.));
#4939 = VECTOR('',#4940,1.);
#4940 = DIRECTION('',(0.,0.,1.));
#4941 = PCURVE('',#947,#4942);
#4942 = DEFINITIONAL_REPRESENTATION('',(#4943),#4947);
#4943 = LINE('',#4944,#4945);
#4944 = CARTESIAN_POINT('',(0.,0.));
#4945 = VECTOR('',#4946,1.);
#4946 = DIRECTION('',(0.,-1.));
#4947 = ( GEOMETRIC_REPRESENTATION_CONTEXT(2) 
PARAMETRIC_REPRESENTATION_CONTEXT() REPRESENTATION_CONTEXT('2D SPACE',''
  ) );
#4948 = PCURVE('',#975,#4949);
#4949 = DEFINITIONAL_REPRESENTATION('',(#4950),#4954);
#4950 = LINE('',#4951,#4952);
#4951 = CARTESIAN_POINT('',(0.75,0.));
#4952 = VECTOR('',#4953,1.);
#4953 = DIRECTION('',(0.,-1.));
#4954 = ( GEOMETRIC_REPRESENTATION_CONTEXT(2) 
PARAMETRIC_REPRESENTATION_CONTEXT() REPRESENTATION_CONTEXT('2D SPACE',''
  ) );
#4955 = ORIENTED_EDGE('',*,*,#929,.T.);
#4956 = ORIENTED_EDGE('',*,*,#4957,.F.);
#4957 = EDGE_CURVE('',#3074,#932,#4958,.T.);
#4958 = SURFACE_CURVE('',#4959,(#4963,#4970),.PCURVE_S1.);
#4959 = LINE('',#4960,#4961);
#4960 = CARTESIAN_POINT('',(0.375,-33.395,0.));
#4961 = VECTOR('',#4962,1.);
#4962 = DIRECTION('',(0.,0.,1.));
#4963 = PCURVE('',#947,#4964);
#4964 = DEFINITIONAL_REPRESENTATION('',(#4965),#4969);
#4965 = LINE('',#4966,#4967);
#4966 = CARTESIAN_POINT('',(0.75,0.));
#4967 = VECTOR('',#4968,1.);
#4968 = DIRECTION('',(0.,-1.));
#4969 = ( GEOMETRIC_REPRESENTATION_CONTEXT(2) 
PARAMETRIC_REPRESENTATION_CONTEXT() REPRESENTATION_CONTEXT('2D SPACE',''
  ) );
#4970 = PCURVE('',#1029,#4971);
#4971 = DEFINITIONAL_REPRESENTATION('',(#4972),#4976);
#4972 = LINE('',#4973,#4974);
#4973 = CARTESIAN_POINT('',(0.,0.));
#4974 = VECTOR('',#4975,1.);
#4975 = DIRECTION('',(0.,-1.));
#4976 = ( GEOMETRIC_REPRESENTATION_CONTEXT(2) 
PARAMETRIC_REPRESENTATION_CONTEXT() REPRESENTATION_CONTEXT('2D SPACE',''
  ) );
#4977 = ORIENTED_EDGE('',*,*,#3071,.F.);
#4978 = ADVANCED_FACE('',(#4979),#975,.T.);
#4979 = FACE_BOUND('',#4980,.T.);
#4980 = EDGE_LOOP('',(#4981,#5002,#5003,#5004));
#4981 = ORIENTED_EDGE('',*,*,#4982,.T.);
#4982 = EDGE_CURVE('',#3097,#960,#4983,.T.);
#4983 = SURFACE_CURVE('',#4984,(#4988,#4995),.PCURVE_S1.);
#4984 = LINE('',#4985,#4986);
#4985 = CARTESIAN_POINT('',(-0.375,-32.645,0.));
#4986 = VECTOR('',#4987,1.);
#4987 = DIRECTION('',(0.,0.,1.));
#4988 = PCURVE('',#975,#4989);
#4989 = DEFINITIONAL_REPRESENTATION('',(#4990),#4994);
#4990 = LINE('',#4991,#4992);
#4991 = CARTESIAN_POINT('',(0.,0.));
#4992 = VECTOR('',#4993,1.);
#4993 = DIRECTION('',(0.,-1.));
#4994 = ( GEOMETRIC_REPRESENTATION_CONTEXT(2) 
PARAMETRIC_REPRESENTATION_CONTEXT() REPRESENTATION_CONTEXT('2D SPACE',''
  ) );
#4995 = PCURVE('',#1003,#4996);
#4996 = DEFINITIONAL_REPRESENTATION('',(#4997),#5001);
#4997 = LINE('',#4998,#4999);
#4998 = CARTESIAN_POINT('',(0.75,0.));
#4999 = VECTOR('',#5000,1.);
#5000 = DIRECTION('',(0.,-1.));
#5001 = ( GEOMETRIC_REPRESENTATION_CONTEXT(2) 
PARAMETRIC_REPRESENTATION_CONTEXT() REPRESENTATION_CONTEXT('2D SPACE',''
  ) );
#5002 = ORIENTED_EDGE('',*,*,#959,.T.);
#5003 = ORIENTED_EDGE('',*,*,#4935,.F.);
#5004 = ORIENTED_EDGE('',*,*,#3096,.F.);
#5005 = ADVANCED_FACE('',(#5006),#1029,.T.);
#5006 = FACE_BOUND('',#5007,.T.);
#5007 = EDGE_LOOP('',(#5008,#5009,#5010,#5031));
#5008 = ORIENTED_EDGE('',*,*,#4957,.T.);
#5009 = ORIENTED_EDGE('',*,*,#1015,.T.);
#5010 = ORIENTED_EDGE('',*,*,#5011,.F.);
#5011 = EDGE_CURVE('',#3120,#988,#5012,.T.);
#5012 = SURFACE_CURVE('',#5013,(#5017,#5024),.PCURVE_S1.);
#5013 = LINE('',#5014,#5015);
#5014 = CARTESIAN_POINT('',(0.375,-32.645,0.));
#5015 = VECTOR('',#5016,1.);
#5016 = DIRECTION('',(0.,0.,1.));
#5017 = PCURVE('',#1029,#5018);
#5018 = DEFINITIONAL_REPRESENTATION('',(#5019),#5023);
#5019 = LINE('',#5020,#5021);
#5020 = CARTESIAN_POINT('',(0.75,0.));
#5021 = VECTOR('',#5022,1.);
#5022 = DIRECTION('',(0.,-1.));
#5023 = ( GEOMETRIC_REPRESENTATION_CONTEXT(2) 
PARAMETRIC_REPRESENTATION_CONTEXT() REPRESENTATION_CONTEXT('2D SPACE',''
  ) );
#5024 = PCURVE('',#1003,#5025);
#5025 = DEFINITIONAL_REPRESENTATION('',(#5026),#5030);
#5026 = LINE('',#5027,#5028);
#5027 = CARTESIAN_POINT('',(0.,-0.));
#5028 = VECTOR('',#5029,1.);
#5029 = DIRECTION('',(0.,-1.));
#5030 = ( GEOMETRIC_REPRESENTATION_CONTEXT(2) 
PARAMETRIC_REPRESENTATION_CONTEXT() REPRESENTATION_CONTEXT('2D SPACE',''
  ) );
#5031 = ORIENTED_EDGE('',*,*,#3142,.F.);
#5032 = ADVANCED_FACE('',(#5033),#1003,.T.);
#5033 = FACE_BOUND('',#5034,.T.);
#5034 = EDGE_LOOP('',(#5035,#5036,#5037,#5038));
#5035 = ORIENTED_EDGE('',*,*,#5011,.T.);
#5036 = ORIENTED_EDGE('',*,*,#987,.T.);
#5037 = ORIENTED_EDGE('',*,*,#4982,.F.);
#5038 = ORIENTED_EDGE('',*,*,#3119,.F.);
#5039 = ADVANCED_FACE('',(#5040),#1061,.T.);
#5040 = FACE_BOUND('',#5041,.T.);
#5041 = EDGE_LOOP('',(#5042,#5063,#5064,#5085));
#5042 = ORIENTED_EDGE('',*,*,#5043,.T.);
#5043 = EDGE_CURVE('',#3166,#1044,#5044,.T.);
#5044 = SURFACE_CURVE('',#5045,(#5049,#5056),.PCURVE_S1.);
#5045 = LINE('',#5046,#5047);
#5046 = CARTESIAN_POINT('',(-0.375,-30.855,0.));
#5047 = VECTOR('',#5048,1.);
#5048 = DIRECTION('',(0.,0.,1.));
#5049 = PCURVE('',#1061,#5050);
#5050 = DEFINITIONAL_REPRESENTATION('',(#5051),#5055);
#5051 = LINE('',#5052,#5053);
#5052 = CARTESIAN_POINT('',(0.,0.));
#5053 = VECTOR('',#5054,1.);
#5054 = DIRECTION('',(0.,-1.));
#5055 = ( GEOMETRIC_REPRESENTATION_CONTEXT(2) 
PARAMETRIC_REPRESENTATION_CONTEXT() REPRESENTATION_CONTEXT('2D SPACE',''
  ) );
#5056 = PCURVE('',#1089,#5057);
#5057 = DEFINITIONAL_REPRESENTATION('',(#5058),#5062);
#5058 = LINE('',#5059,#5060);
#5059 = CARTESIAN_POINT('',(0.75,0.));
#5060 = VECTOR('',#5061,1.);
#5061 = DIRECTION('',(0.,-1.));
#5062 = ( GEOMETRIC_REPRESENTATION_CONTEXT(2) 
PARAMETRIC_REPRESENTATION_CONTEXT() REPRESENTATION_CONTEXT('2D SPACE',''
  ) );
#5063 = ORIENTED_EDGE('',*,*,#1043,.T.);
#5064 = ORIENTED_EDGE('',*,*,#5065,.F.);
#5065 = EDGE_CURVE('',#3168,#1046,#5066,.T.);
#5066 = SURFACE_CURVE('',#5067,(#5071,#5078),.PCURVE_S1.);
#5067 = LINE('',#5068,#5069);
#5068 = CARTESIAN_POINT('',(0.375,-30.855,0.));
#5069 = VECTOR('',#5070,1.);
#5070 = DIRECTION('',(0.,0.,1.));
#5071 = PCURVE('',#1061,#5072);
#5072 = DEFINITIONAL_REPRESENTATION('',(#5073),#5077);
#5073 = LINE('',#5074,#5075);
#5074 = CARTESIAN_POINT('',(0.75,0.));
#5075 = VECTOR('',#5076,1.);
#5076 = DIRECTION('',(0.,-1.));
#5077 = ( GEOMETRIC_REPRESENTATION_CONTEXT(2) 
PARAMETRIC_REPRESENTATION_CONTEXT() REPRESENTATION_CONTEXT('2D SPACE',''
  ) );
#5078 = PCURVE('',#1143,#5079);
#5079 = DEFINITIONAL_REPRESENTATION('',(#5080),#5084);
#5080 = LINE('',#5081,#5082);
#5081 = CARTESIAN_POINT('',(0.,0.));
#5082 = VECTOR('',#5083,1.);
#5083 = DIRECTION('',(0.,-1.));
#5084 = ( GEOMETRIC_REPRESENTATION_CONTEXT(2) 
PARAMETRIC_REPRESENTATION_CONTEXT() REPRESENTATION_CONTEXT('2D SPACE',''
  ) );
#5085 = ORIENTED_EDGE('',*,*,#3165,.F.);
#5086 = ADVANCED_FACE('',(#5087),#1089,.T.);
#5087 = FACE_BOUND('',#5088,.T.);
#5088 = EDGE_LOOP('',(#5089,#5110,#5111,#5112));
#5089 = ORIENTED_EDGE('',*,*,#5090,.T.);
#5090 = EDGE_CURVE('',#3191,#1074,#5091,.T.);
#5091 = SURFACE_CURVE('',#5092,(#5096,#5103),.PCURVE_S1.);
#5092 = LINE('',#5093,#5094);
#5093 = CARTESIAN_POINT('',(-0.375,-30.105,0.));
#5094 = VECTOR('',#5095,1.);
#5095 = DIRECTION('',(0.,0.,1.));
#5096 = PCURVE('',#1089,#5097);
#5097 = DEFINITIONAL_REPRESENTATION('',(#5098),#5102);
#5098 = LINE('',#5099,#5100);
#5099 = CARTESIAN_POINT('',(0.,0.));
#5100 = VECTOR('',#5101,1.);
#5101 = DIRECTION('',(0.,-1.));
#5102 = ( GEOMETRIC_REPRESENTATION_CONTEXT(2) 
PARAMETRIC_REPRESENTATION_CONTEXT() REPRESENTATION_CONTEXT('2D SPACE',''
  ) );
#5103 = PCURVE('',#1117,#5104);
#5104 = DEFINITIONAL_REPRESENTATION('',(#5105),#5109);
#5105 = LINE('',#5106,#5107);
#5106 = CARTESIAN_POINT('',(0.75,0.));
#5107 = VECTOR('',#5108,1.);
#5108 = DIRECTION('',(0.,-1.));
#5109 = ( GEOMETRIC_REPRESENTATION_CONTEXT(2) 
PARAMETRIC_REPRESENTATION_CONTEXT() REPRESENTATION_CONTEXT('2D SPACE',''
  ) );
#5110 = ORIENTED_EDGE('',*,*,#1073,.T.);
#5111 = ORIENTED_EDGE('',*,*,#5043,.F.);
#5112 = ORIENTED_EDGE('',*,*,#3190,.F.);
#5113 = ADVANCED_FACE('',(#5114),#1143,.T.);
#5114 = FACE_BOUND('',#5115,.T.);
#5115 = EDGE_LOOP('',(#5116,#5117,#5118,#5139));
#5116 = ORIENTED_EDGE('',*,*,#5065,.T.);
#5117 = ORIENTED_EDGE('',*,*,#1129,.T.);
#5118 = ORIENTED_EDGE('',*,*,#5119,.F.);
#5119 = EDGE_CURVE('',#3214,#1102,#5120,.T.);
#5120 = SURFACE_CURVE('',#5121,(#5125,#5132),.PCURVE_S1.);
#5121 = LINE('',#5122,#5123);
#5122 = CARTESIAN_POINT('',(0.375,-30.105,0.));
#5123 = VECTOR('',#5124,1.);
#5124 = DIRECTION('',(0.,0.,1.));
#5125 = PCURVE('',#1143,#5126);
#5126 = DEFINITIONAL_REPRESENTATION('',(#5127),#5131);
#5127 = LINE('',#5128,#5129);
#5128 = CARTESIAN_POINT('',(0.75,0.));
#5129 = VECTOR('',#5130,1.);
#5130 = DIRECTION('',(0.,-1.));
#5131 = ( GEOMETRIC_REPRESENTATION_CONTEXT(2) 
PARAMETRIC_REPRESENTATION_CONTEXT() REPRESENTATION_CONTEXT('2D SPACE',''
  ) );
#5132 = PCURVE('',#1117,#5133);
#5133 = DEFINITIONAL_REPRESENTATION('',(#5134),#5138);
#5134 = LINE('',#5135,#5136);
#5135 = CARTESIAN_POINT('',(0.,-0.));
#5136 = VECTOR('',#5137,1.);
#5137 = DIRECTION('',(0.,-1.));
#5138 = ( GEOMETRIC_REPRESENTATION_CONTEXT(2) 
PARAMETRIC_REPRESENTATION_CONTEXT() REPRESENTATION_CONTEXT('2D SPACE',''
  ) );
#5139 = ORIENTED_EDGE('',*,*,#3236,.F.);
#5140 = ADVANCED_FACE('',(#5141),#1117,.T.);
#5141 = FACE_BOUND('',#5142,.T.);
#5142 = EDGE_LOOP('',(#5143,#5144,#5145,#5146));
#5143 = ORIENTED_EDGE('',*,*,#5119,.T.);
#5144 = ORIENTED_EDGE('',*,*,#1101,.T.);
#5145 = ORIENTED_EDGE('',*,*,#5090,.F.);
#5146 = ORIENTED_EDGE('',*,*,#3213,.F.);
#5147 = ADVANCED_FACE('',(#5148),#1175,.T.);
#5148 = FACE_BOUND('',#5149,.T.);
#5149 = EDGE_LOOP('',(#5150,#5171,#5172,#5193));
#5150 = ORIENTED_EDGE('',*,*,#5151,.T.);
#5151 = EDGE_CURVE('',#3260,#1158,#5152,.T.);
#5152 = SURFACE_CURVE('',#5153,(#5157,#5164),.PCURVE_S1.);
#5153 = LINE('',#5154,#5155);
#5154 = CARTESIAN_POINT('',(-0.375,-28.315,0.));
#5155 = VECTOR('',#5156,1.);
#5156 = DIRECTION('',(0.,0.,1.));
#5157 = PCURVE('',#1175,#5158);
#5158 = DEFINITIONAL_REPRESENTATION('',(#5159),#5163);
#5159 = LINE('',#5160,#5161);
#5160 = CARTESIAN_POINT('',(0.,0.));
#5161 = VECTOR('',#5162,1.);
#5162 = DIRECTION('',(0.,-1.));
#5163 = ( GEOMETRIC_REPRESENTATION_CONTEXT(2) 
PARAMETRIC_REPRESENTATION_CONTEXT() REPRESENTATION_CONTEXT('2D SPACE',''
  ) );
#5164 = PCURVE('',#1203,#5165);
#5165 = DEFINITIONAL_REPRESENTATION('',(#5166),#5170);
#5166 = LINE('',#5167,#5168);
#5167 = CARTESIAN_POINT('',(0.75,0.));
#5168 = VECTOR('',#5169,1.);
#5169 = DIRECTION('',(0.,-1.));
#5170 = ( GEOMETRIC_REPRESENTATION_CONTEXT(2) 
PARAMETRIC_REPRESENTATION_CONTEXT() REPRESENTATION_CONTEXT('2D SPACE',''
  ) );
#5171 = ORIENTED_EDGE('',*,*,#1157,.T.);
#5172 = ORIENTED_EDGE('',*,*,#5173,.F.);
#5173 = EDGE_CURVE('',#3262,#1160,#5174,.T.);
#5174 = SURFACE_CURVE('',#5175,(#5179,#5186),.PCURVE_S1.);
#5175 = LINE('',#5176,#5177);
#5176 = CARTESIAN_POINT('',(0.375,-28.315,0.));
#5177 = VECTOR('',#5178,1.);
#5178 = DIRECTION('',(0.,0.,1.));
#5179 = PCURVE('',#1175,#5180);
#5180 = DEFINITIONAL_REPRESENTATION('',(#5181),#5185);
#5181 = LINE('',#5182,#5183);
#5182 = CARTESIAN_POINT('',(0.75,0.));
#5183 = VECTOR('',#5184,1.);
#5184 = DIRECTION('',(0.,-1.));
#5185 = ( GEOMETRIC_REPRESENTATION_CONTEXT(2) 
PARAMETRIC_REPRESENTATION_CONTEXT() REPRESENTATION_CONTEXT('2D SPACE',''
  ) );
#5186 = PCURVE('',#1257,#5187);
#5187 = DEFINITIONAL_REPRESENTATION('',(#5188),#5192);
#5188 = LINE('',#5189,#5190);
#5189 = CARTESIAN_POINT('',(0.,0.));
#5190 = VECTOR('',#5191,1.);
#5191 = DIRECTION('',(0.,-1.));
#5192 = ( GEOMETRIC_REPRESENTATION_CONTEXT(2) 
PARAMETRIC_REPRESENTATION_CONTEXT() REPRESENTATION_CONTEXT('2D SPACE',''
  ) );
#5193 = ORIENTED_EDGE('',*,*,#3259,.F.);
#5194 = ADVANCED_FACE('',(#5195),#1203,.T.);
#5195 = FACE_BOUND('',#5196,.T.);
#5196 = EDGE_LOOP('',(#5197,#5218,#5219,#5220));
#5197 = ORIENTED_EDGE('',*,*,#5198,.T.);
#5198 = EDGE_CURVE('',#3285,#1188,#5199,.T.);
#5199 = SURFACE_CURVE('',#5200,(#5204,#5211),.PCURVE_S1.);
#5200 = LINE('',#5201,#5202);
#5201 = CARTESIAN_POINT('',(-0.375,-27.565,0.));
#5202 = VECTOR('',#5203,1.);
#5203 = DIRECTION('',(0.,0.,1.));
#5204 = PCURVE('',#1203,#5205);
#5205 = DEFINITIONAL_REPRESENTATION('',(#5206),#5210);
#5206 = LINE('',#5207,#5208);
#5207 = CARTESIAN_POINT('',(0.,0.));
#5208 = VECTOR('',#5209,1.);
#5209 = DIRECTION('',(0.,-1.));
#5210 = ( GEOMETRIC_REPRESENTATION_CONTEXT(2) 
PARAMETRIC_REPRESENTATION_CONTEXT() REPRESENTATION_CONTEXT('2D SPACE',''
  ) );
#5211 = PCURVE('',#1231,#5212);
#5212 = DEFINITIONAL_REPRESENTATION('',(#5213),#5217);
#5213 = LINE('',#5214,#5215);
#5214 = CARTESIAN_POINT('',(0.75,0.));
#5215 = VECTOR('',#5216,1.);
#5216 = DIRECTION('',(0.,-1.));
#5217 = ( GEOMETRIC_REPRESENTATION_CONTEXT(2) 
PARAMETRIC_REPRESENTATION_CONTEXT() REPRESENTATION_CONTEXT('2D SPACE',''
  ) );
#5218 = ORIENTED_EDGE('',*,*,#1187,.T.);
#5219 = ORIENTED_EDGE('',*,*,#5151,.F.);
#5220 = ORIENTED_EDGE('',*,*,#3284,.F.);
#5221 = ADVANCED_FACE('',(#5222),#1257,.T.);
#5222 = FACE_BOUND('',#5223,.T.);
#5223 = EDGE_LOOP('',(#5224,#5225,#5226,#5247));
#5224 = ORIENTED_EDGE('',*,*,#5173,.T.);
#5225 = ORIENTED_EDGE('',*,*,#1243,.T.);
#5226 = ORIENTED_EDGE('',*,*,#5227,.F.);
#5227 = EDGE_CURVE('',#3308,#1216,#5228,.T.);
#5228 = SURFACE_CURVE('',#5229,(#5233,#5240),.PCURVE_S1.);
#5229 = LINE('',#5230,#5231);
#5230 = CARTESIAN_POINT('',(0.375,-27.565,0.));
#5231 = VECTOR('',#5232,1.);
#5232 = DIRECTION('',(0.,0.,1.));
#5233 = PCURVE('',#1257,#5234);
#5234 = DEFINITIONAL_REPRESENTATION('',(#5235),#5239);
#5235 = LINE('',#5236,#5237);
#5236 = CARTESIAN_POINT('',(0.75,0.));
#5237 = VECTOR('',#5238,1.);
#5238 = DIRECTION('',(0.,-1.));
#5239 = ( GEOMETRIC_REPRESENTATION_CONTEXT(2) 
PARAMETRIC_REPRESENTATION_CONTEXT() REPRESENTATION_CONTEXT('2D SPACE',''
  ) );
#5240 = PCURVE('',#1231,#5241);
#5241 = DEFINITIONAL_REPRESENTATION('',(#5242),#5246);
#5242 = LINE('',#5243,#5244);
#5243 = CARTESIAN_POINT('',(0.,-0.));
#5244 = VECTOR('',#5245,1.);
#5245 = DIRECTION('',(0.,-1.));
#5246 = ( GEOMETRIC_REPRESENTATION_CONTEXT(2) 
PARAMETRIC_REPRESENTATION_CONTEXT() REPRESENTATION_CONTEXT('2D SPACE',''
  ) );
#5247 = ORIENTED_EDGE('',*,*,#3330,.F.);
#5248 = ADVANCED_FACE('',(#5249),#1231,.T.);
#5249 = FACE_BOUND('',#5250,.T.);
#5250 = EDGE_LOOP('',(#5251,#5252,#5253,#5254));
#5251 = ORIENTED_EDGE('',*,*,#5227,.T.);
#5252 = ORIENTED_EDGE('',*,*,#1215,.T.);
#5253 = ORIENTED_EDGE('',*,*,#5198,.F.);
#5254 = ORIENTED_EDGE('',*,*,#3307,.F.);
#5255 = ADVANCED_FACE('',(#5256),#1289,.T.);
#5256 = FACE_BOUND('',#5257,.T.);
#5257 = EDGE_LOOP('',(#5258,#5279,#5280,#5301));
#5258 = ORIENTED_EDGE('',*,*,#5259,.T.);
#5259 = EDGE_CURVE('',#3354,#1272,#5260,.T.);
#5260 = SURFACE_CURVE('',#5261,(#5265,#5272),.PCURVE_S1.);
#5261 = LINE('',#5262,#5263);
#5262 = CARTESIAN_POINT('',(-0.375,-25.775,0.));
#5263 = VECTOR('',#5264,1.);
#5264 = DIRECTION('',(0.,0.,1.));
#5265 = PCURVE('',#1289,#5266);
#5266 = DEFINITIONAL_REPRESENTATION('',(#5267),#5271);
#5267 = LINE('',#5268,#5269);
#5268 = CARTESIAN_POINT('',(0.,0.));
#5269 = VECTOR('',#5270,1.);
#5270 = DIRECTION('',(0.,-1.));
#5271 = ( GEOMETRIC_REPRESENTATION_CONTEXT(2) 
PARAMETRIC_REPRESENTATION_CONTEXT() REPRESENTATION_CONTEXT('2D SPACE',''
  ) );
#5272 = PCURVE('',#1317,#5273);
#5273 = DEFINITIONAL_REPRESENTATION('',(#5274),#5278);
#5274 = LINE('',#5275,#5276);
#5275 = CARTESIAN_POINT('',(0.75,0.));
#5276 = VECTOR('',#5277,1.);
#5277 = DIRECTION('',(0.,-1.));
#5278 = ( GEOMETRIC_REPRESENTATION_CONTEXT(2) 
PARAMETRIC_REPRESENTATION_CONTEXT() REPRESENTATION_CONTEXT('2D SPACE',''
  ) );
#5279 = ORIENTED_EDGE('',*,*,#1271,.T.);
#5280 = ORIENTED_EDGE('',*,*,#5281,.F.);
#5281 = EDGE_CURVE('',#3356,#1274,#5282,.T.);
#5282 = SURFACE_CURVE('',#5283,(#5287,#5294),.PCURVE_S1.);
#5283 = LINE('',#5284,#5285);
#5284 = CARTESIAN_POINT('',(0.375,-25.775,0.));
#5285 = VECTOR('',#5286,1.);
#5286 = DIRECTION('',(0.,0.,1.));
#5287 = PCURVE('',#1289,#5288);
#5288 = DEFINITIONAL_REPRESENTATION('',(#5289),#5293);
#5289 = LINE('',#5290,#5291);
#5290 = CARTESIAN_POINT('',(0.75,0.));
#5291 = VECTOR('',#5292,1.);
#5292 = DIRECTION('',(0.,-1.));
#5293 = ( GEOMETRIC_REPRESENTATION_CONTEXT(2) 
PARAMETRIC_REPRESENTATION_CONTEXT() REPRESENTATION_CONTEXT('2D SPACE',''
  ) );
#5294 = PCURVE('',#1371,#5295);
#5295 = DEFINITIONAL_REPRESENTATION('',(#5296),#5300);
#5296 = LINE('',#5297,#5298);
#5297 = CARTESIAN_POINT('',(0.,0.));
#5298 = VECTOR('',#5299,1.);
#5299 = DIRECTION('',(0.,-1.));
#5300 = ( GEOMETRIC_REPRESENTATION_CONTEXT(2) 
PARAMETRIC_REPRESENTATION_CONTEXT() REPRESENTATION_CONTEXT('2D SPACE',''
  ) );
#5301 = ORIENTED_EDGE('',*,*,#3353,.F.);
#5302 = ADVANCED_FACE('',(#5303),#1317,.T.);
#5303 = FACE_BOUND('',#5304,.T.);
#5304 = EDGE_LOOP('',(#5305,#5326,#5327,#5328));
#5305 = ORIENTED_EDGE('',*,*,#5306,.T.);
#5306 = EDGE_CURVE('',#3379,#1302,#5307,.T.);
#5307 = SURFACE_CURVE('',#5308,(#5312,#5319),.PCURVE_S1.);
#5308 = LINE('',#5309,#5310);
#5309 = CARTESIAN_POINT('',(-0.375,-25.025,0.));
#5310 = VECTOR('',#5311,1.);
#5311 = DIRECTION('',(0.,0.,1.));
#5312 = PCURVE('',#1317,#5313);
#5313 = DEFINITIONAL_REPRESENTATION('',(#5314),#5318);
#5314 = LINE('',#5315,#5316);
#5315 = CARTESIAN_POINT('',(0.,0.));
#5316 = VECTOR('',#5317,1.);
#5317 = DIRECTION('',(0.,-1.));
#5318 = ( GEOMETRIC_REPRESENTATION_CONTEXT(2) 
PARAMETRIC_REPRESENTATION_CONTEXT() REPRESENTATION_CONTEXT('2D SPACE',''
  ) );
#5319 = PCURVE('',#1345,#5320);
#5320 = DEFINITIONAL_REPRESENTATION('',(#5321),#5325);
#5321 = LINE('',#5322,#5323);
#5322 = CARTESIAN_POINT('',(0.75,0.));
#5323 = VECTOR('',#5324,1.);
#5324 = DIRECTION('',(0.,-1.));
#5325 = ( GEOMETRIC_REPRESENTATION_CONTEXT(2) 
PARAMETRIC_REPRESENTATION_CONTEXT() REPRESENTATION_CONTEXT('2D SPACE',''
  ) );
#5326 = ORIENTED_EDGE('',*,*,#1301,.T.);
#5327 = ORIENTED_EDGE('',*,*,#5259,.F.);
#5328 = ORIENTED_EDGE('',*,*,#3378,.F.);
#5329 = ADVANCED_FACE('',(#5330),#1371,.T.);
#5330 = FACE_BOUND('',#5331,.T.);
#5331 = EDGE_LOOP('',(#5332,#5333,#5334,#5355));
#5332 = ORIENTED_EDGE('',*,*,#5281,.T.);
#5333 = ORIENTED_EDGE('',*,*,#1357,.T.);
#5334 = ORIENTED_EDGE('',*,*,#5335,.F.);
#5335 = EDGE_CURVE('',#3402,#1330,#5336,.T.);
#5336 = SURFACE_CURVE('',#5337,(#5341,#5348),.PCURVE_S1.);
#5337 = LINE('',#5338,#5339);
#5338 = CARTESIAN_POINT('',(0.375,-25.025,0.));
#5339 = VECTOR('',#5340,1.);
#5340 = DIRECTION('',(0.,0.,1.));
#5341 = PCURVE('',#1371,#5342);
#5342 = DEFINITIONAL_REPRESENTATION('',(#5343),#5347);
#5343 = LINE('',#5344,#5345);
#5344 = CARTESIAN_POINT('',(0.75,0.));
#5345 = VECTOR('',#5346,1.);
#5346 = DIRECTION('',(0.,-1.));
#5347 = ( GEOMETRIC_REPRESENTATION_CONTEXT(2) 
PARAMETRIC_REPRESENTATION_CONTEXT() REPRESENTATION_CONTEXT('2D SPACE',''
  ) );
#5348 = PCURVE('',#1345,#5349);
#5349 = DEFINITIONAL_REPRESENTATION('',(#5350),#5354);
#5350 = LINE('',#5351,#5352);
#5351 = CARTESIAN_POINT('',(0.,-0.));
#5352 = VECTOR('',#5353,1.);
#5353 = DIRECTION('',(0.,-1.));
#5354 = ( GEOMETRIC_REPRESENTATION_CONTEXT(2) 
PARAMETRIC_REPRESENTATION_CONTEXT() REPRESENTATION_CONTEXT('2D SPACE',''
  ) );
#5355 = ORIENTED_EDGE('',*,*,#3424,.F.);
#5356 = ADVANCED_FACE('',(#5357),#1345,.T.);
#5357 = FACE_BOUND('',#5358,.T.);
#5358 = EDGE_LOOP('',(#5359,#5360,#5361,#5362));
#5359 = ORIENTED_EDGE('',*,*,#5335,.T.);
#5360 = ORIENTED_EDGE('',*,*,#1329,.T.);
#5361 = ORIENTED_EDGE('',*,*,#5306,.F.);
#5362 = ORIENTED_EDGE('',*,*,#3401,.F.);
#5363 = ADVANCED_FACE('',(#5364),#1403,.T.);
#5364 = FACE_BOUND('',#5365,.T.);
#5365 = EDGE_LOOP('',(#5366,#5387,#5388,#5409));
#5366 = ORIENTED_EDGE('',*,*,#5367,.T.);
#5367 = EDGE_CURVE('',#3448,#1386,#5368,.T.);
#5368 = SURFACE_CURVE('',#5369,(#5373,#5380),.PCURVE_S1.);
#5369 = LINE('',#5370,#5371);
#5370 = CARTESIAN_POINT('',(-0.375,-23.235,0.));
#5371 = VECTOR('',#5372,1.);
#5372 = DIRECTION('',(0.,0.,1.));
#5373 = PCURVE('',#1403,#5374);
#5374 = DEFINITIONAL_REPRESENTATION('',(#5375),#5379);
#5375 = LINE('',#5376,#5377);
#5376 = CARTESIAN_POINT('',(0.,0.));
#5377 = VECTOR('',#5378,1.);
#5378 = DIRECTION('',(0.,-1.));
#5379 = ( GEOMETRIC_REPRESENTATION_CONTEXT(2) 
PARAMETRIC_REPRESENTATION_CONTEXT() REPRESENTATION_CONTEXT('2D SPACE',''
  ) );
#5380 = PCURVE('',#1431,#5381);
#5381 = DEFINITIONAL_REPRESENTATION('',(#5382),#5386);
#5382 = LINE('',#5383,#5384);
#5383 = CARTESIAN_POINT('',(0.75,0.));
#5384 = VECTOR('',#5385,1.);
#5385 = DIRECTION('',(0.,-1.));
#5386 = ( GEOMETRIC_REPRESENTATION_CONTEXT(2) 
PARAMETRIC_REPRESENTATION_CONTEXT() REPRESENTATION_CONTEXT('2D SPACE',''
  ) );
#5387 = ORIENTED_EDGE('',*,*,#1385,.T.);
#5388 = ORIENTED_EDGE('',*,*,#5389,.F.);
#5389 = EDGE_CURVE('',#3450,#1388,#5390,.T.);
#5390 = SURFACE_CURVE('',#5391,(#5395,#5402),.PCURVE_S1.);
#5391 = LINE('',#5392,#5393);
#5392 = CARTESIAN_POINT('',(0.375,-23.235,0.));
#5393 = VECTOR('',#5394,1.);
#5394 = DIRECTION('',(0.,0.,1.));
#5395 = PCURVE('',#1403,#5396);
#5396 = DEFINITIONAL_REPRESENTATION('',(#5397),#5401);
#5397 = LINE('',#5398,#5399);
#5398 = CARTESIAN_POINT('',(0.75,0.));
#5399 = VECTOR('',#5400,1.);
#5400 = DIRECTION('',(0.,-1.));
#5401 = ( GEOMETRIC_REPRESENTATION_CONTEXT(2) 
PARAMETRIC_REPRESENTATION_CONTEXT() REPRESENTATION_CONTEXT('2D SPACE',''
  ) );
#5402 = PCURVE('',#1485,#5403);
#5403 = DEFINITIONAL_REPRESENTATION('',(#5404),#5408);
#5404 = LINE('',#5405,#5406);
#5405 = CARTESIAN_POINT('',(0.,0.));
#5406 = VECTOR('',#5407,1.);
#5407 = DIRECTION('',(0.,-1.));
#5408 = ( GEOMETRIC_REPRESENTATION_CONTEXT(2) 
PARAMETRIC_REPRESENTATION_CONTEXT() REPRESENTATION_CONTEXT('2D SPACE',''
  ) );
#5409 = ORIENTED_EDGE('',*,*,#3447,.F.);
#5410 = ADVANCED_FACE('',(#5411),#1431,.T.);
#5411 = FACE_BOUND('',#5412,.T.);
#5412 = EDGE_LOOP('',(#5413,#5434,#5435,#5436));
#5413 = ORIENTED_EDGE('',*,*,#5414,.T.);
#5414 = EDGE_CURVE('',#3473,#1416,#5415,.T.);
#5415 = SURFACE_CURVE('',#5416,(#5420,#5427),.PCURVE_S1.);
#5416 = LINE('',#5417,#5418);
#5417 = CARTESIAN_POINT('',(-0.375,-22.485,0.));
#5418 = VECTOR('',#5419,1.);
#5419 = DIRECTION('',(0.,0.,1.));
#5420 = PCURVE('',#1431,#5421);
#5421 = DEFINITIONAL_REPRESENTATION('',(#5422),#5426);
#5422 = LINE('',#5423,#5424);
#5423 = CARTESIAN_POINT('',(0.,0.));
#5424 = VECTOR('',#5425,1.);
#5425 = DIRECTION('',(0.,-1.));
#5426 = ( GEOMETRIC_REPRESENTATION_CONTEXT(2) 
PARAMETRIC_REPRESENTATION_CONTEXT() REPRESENTATION_CONTEXT('2D SPACE',''
  ) );
#5427 = PCURVE('',#1459,#5428);
#5428 = DEFINITIONAL_REPRESENTATION('',(#5429),#5433);
#5429 = LINE('',#5430,#5431);
#5430 = CARTESIAN_POINT('',(0.75,0.));
#5431 = VECTOR('',#5432,1.);
#5432 = DIRECTION('',(0.,-1.));
#5433 = ( GEOMETRIC_REPRESENTATION_CONTEXT(2) 
PARAMETRIC_REPRESENTATION_CONTEXT() REPRESENTATION_CONTEXT('2D SPACE',''
  ) );
#5434 = ORIENTED_EDGE('',*,*,#1415,.T.);
#5435 = ORIENTED_EDGE('',*,*,#5367,.F.);
#5436 = ORIENTED_EDGE('',*,*,#3472,.F.);
#5437 = ADVANCED_FACE('',(#5438),#1485,.T.);
#5438 = FACE_BOUND('',#5439,.T.);
#5439 = EDGE_LOOP('',(#5440,#5441,#5442,#5463));
#5440 = ORIENTED_EDGE('',*,*,#5389,.T.);
#5441 = ORIENTED_EDGE('',*,*,#1471,.T.);
#5442 = ORIENTED_EDGE('',*,*,#5443,.F.);
#5443 = EDGE_CURVE('',#3496,#1444,#5444,.T.);
#5444 = SURFACE_CURVE('',#5445,(#5449,#5456),.PCURVE_S1.);
#5445 = LINE('',#5446,#5447);
#5446 = CARTESIAN_POINT('',(0.375,-22.485,0.));
#5447 = VECTOR('',#5448,1.);
#5448 = DIRECTION('',(0.,0.,1.));
#5449 = PCURVE('',#1485,#5450);
#5450 = DEFINITIONAL_REPRESENTATION('',(#5451),#5455);
#5451 = LINE('',#5452,#5453);
#5452 = CARTESIAN_POINT('',(0.75,0.));
#5453 = VECTOR('',#5454,1.);
#5454 = DIRECTION('',(0.,-1.));
#5455 = ( GEOMETRIC_REPRESENTATION_CONTEXT(2) 
PARAMETRIC_REPRESENTATION_CONTEXT() REPRESENTATION_CONTEXT('2D SPACE',''
  ) );
#5456 = PCURVE('',#1459,#5457);
#5457 = DEFINITIONAL_REPRESENTATION('',(#5458),#5462);
#5458 = LINE('',#5459,#5460);
#5459 = CARTESIAN_POINT('',(0.,-0.));
#5460 = VECTOR('',#5461,1.);
#5461 = DIRECTION('',(0.,-1.));
#5462 = ( GEOMETRIC_REPRESENTATION_CONTEXT(2) 
PARAMETRIC_REPRESENTATION_CONTEXT() REPRESENTATION_CONTEXT('2D SPACE',''
  ) );
#5463 = ORIENTED_EDGE('',*,*,#3518,.F.);
#5464 = ADVANCED_FACE('',(#5465),#1459,.T.);
#5465 = FACE_BOUND('',#5466,.T.);
#5466 = EDGE_LOOP('',(#5467,#5468,#5469,#5470));
#5467 = ORIENTED_EDGE('',*,*,#5443,.T.);
#5468 = ORIENTED_EDGE('',*,*,#1443,.T.);
#5469 = ORIENTED_EDGE('',*,*,#5414,.F.);
#5470 = ORIENTED_EDGE('',*,*,#3495,.F.);
#5471 = ADVANCED_FACE('',(#5472),#1517,.T.);
#5472 = FACE_BOUND('',#5473,.T.);
#5473 = EDGE_LOOP('',(#5474,#5495,#5496,#5517));
#5474 = ORIENTED_EDGE('',*,*,#5475,.T.);
#5475 = EDGE_CURVE('',#3542,#1500,#5476,.T.);
#5476 = SURFACE_CURVE('',#5477,(#5481,#5488),.PCURVE_S1.);
#5477 = LINE('',#5478,#5479);
#5478 = CARTESIAN_POINT('',(-0.375,-20.695,0.));
#5479 = VECTOR('',#5480,1.);
#5480 = DIRECTION('',(0.,0.,1.));
#5481 = PCURVE('',#1517,#5482);
#5482 = DEFINITIONAL_REPRESENTATION('',(#5483),#5487);
#5483 = LINE('',#5484,#5485);
#5484 = CARTESIAN_POINT('',(0.,0.));
#5485 = VECTOR('',#5486,1.);
#5486 = DIRECTION('',(0.,-1.));
#5487 = ( GEOMETRIC_REPRESENTATION_CONTEXT(2) 
PARAMETRIC_REPRESENTATION_CONTEXT() REPRESENTATION_CONTEXT('2D SPACE',''
  ) );
#5488 = PCURVE('',#1545,#5489);
#5489 = DEFINITIONAL_REPRESENTATION('',(#5490),#5494);
#5490 = LINE('',#5491,#5492);
#5491 = CARTESIAN_POINT('',(0.75,0.));
#5492 = VECTOR('',#5493,1.);
#5493 = DIRECTION('',(0.,-1.));
#5494 = ( GEOMETRIC_REPRESENTATION_CONTEXT(2) 
PARAMETRIC_REPRESENTATION_CONTEXT() REPRESENTATION_CONTEXT('2D SPACE',''
  ) );
#5495 = ORIENTED_EDGE('',*,*,#1499,.T.);
#5496 = ORIENTED_EDGE('',*,*,#5497,.F.);
#5497 = EDGE_CURVE('',#3544,#1502,#5498,.T.);
#5498 = SURFACE_CURVE('',#5499,(#5503,#5510),.PCURVE_S1.);
#5499 = LINE('',#5500,#5501);
#5500 = CARTESIAN_POINT('',(0.375,-20.695,0.));
#5501 = VECTOR('',#5502,1.);
#5502 = DIRECTION('',(0.,0.,1.));
#5503 = PCURVE('',#1517,#5504);
#5504 = DEFINITIONAL_REPRESENTATION('',(#5505),#5509);
#5505 = LINE('',#5506,#5507);
#5506 = CARTESIAN_POINT('',(0.75,0.));
#5507 = VECTOR('',#5508,1.);
#5508 = DIRECTION('',(0.,-1.));
#5509 = ( GEOMETRIC_REPRESENTATION_CONTEXT(2) 
PARAMETRIC_REPRESENTATION_CONTEXT() REPRESENTATION_CONTEXT('2D SPACE',''
  ) );
#5510 = PCURVE('',#1599,#5511);
#5511 = DEFINITIONAL_REPRESENTATION('',(#5512),#5516);
#5512 = LINE('',#5513,#5514);
#5513 = CARTESIAN_POINT('',(0.,0.));
#5514 = VECTOR('',#5515,1.);
#5515 = DIRECTION('',(0.,-1.));
#5516 = ( GEOMETRIC_REPRESENTATION_CONTEXT(2) 
PARAMETRIC_REPRESENTATION_CONTEXT() REPRESENTATION_CONTEXT('2D SPACE',''
  ) );
#5517 = ORIENTED_EDGE('',*,*,#3541,.F.);
#5518 = ADVANCED_FACE('',(#5519),#1545,.T.);
#5519 = FACE_BOUND('',#5520,.T.);
#5520 = EDGE_LOOP('',(#5521,#5542,#5543,#5544));
#5521 = ORIENTED_EDGE('',*,*,#5522,.T.);
#5522 = EDGE_CURVE('',#3567,#1530,#5523,.T.);
#5523 = SURFACE_CURVE('',#5524,(#5528,#5535),.PCURVE_S1.);
#5524 = LINE('',#5525,#5526);
#5525 = CARTESIAN_POINT('',(-0.375,-19.945,0.));
#5526 = VECTOR('',#5527,1.);
#5527 = DIRECTION('',(0.,0.,1.));
#5528 = PCURVE('',#1545,#5529);
#5529 = DEFINITIONAL_REPRESENTATION('',(#5530),#5534);
#5530 = LINE('',#5531,#5532);
#5531 = CARTESIAN_POINT('',(0.,0.));
#5532 = VECTOR('',#5533,1.);
#5533 = DIRECTION('',(0.,-1.));
#5534 = ( GEOMETRIC_REPRESENTATION_CONTEXT(2) 
PARAMETRIC_REPRESENTATION_CONTEXT() REPRESENTATION_CONTEXT('2D SPACE',''
  ) );
#5535 = PCURVE('',#1573,#5536);
#5536 = DEFINITIONAL_REPRESENTATION('',(#5537),#5541);
#5537 = LINE('',#5538,#5539);
#5538 = CARTESIAN_POINT('',(0.75,0.));
#5539 = VECTOR('',#5540,1.);
#5540 = DIRECTION('',(0.,-1.));
#5541 = ( GEOMETRIC_REPRESENTATION_CONTEXT(2) 
PARAMETRIC_REPRESENTATION_CONTEXT() REPRESENTATION_CONTEXT('2D SPACE',''
  ) );
#5542 = ORIENTED_EDGE('',*,*,#1529,.T.);
#5543 = ORIENTED_EDGE('',*,*,#5475,.F.);
#5544 = ORIENTED_EDGE('',*,*,#3566,.F.);
#5545 = ADVANCED_FACE('',(#5546),#1599,.T.);
#5546 = FACE_BOUND('',#5547,.T.);
#5547 = EDGE_LOOP('',(#5548,#5549,#5550,#5571));
#5548 = ORIENTED_EDGE('',*,*,#5497,.T.);
#5549 = ORIENTED_EDGE('',*,*,#1585,.T.);
#5550 = ORIENTED_EDGE('',*,*,#5551,.F.);
#5551 = EDGE_CURVE('',#3590,#1558,#5552,.T.);
#5552 = SURFACE_CURVE('',#5553,(#5557,#5564),.PCURVE_S1.);
#5553 = LINE('',#5554,#5555);
#5554 = CARTESIAN_POINT('',(0.375,-19.945,0.));
#5555 = VECTOR('',#5556,1.);
#5556 = DIRECTION('',(0.,0.,1.));
#5557 = PCURVE('',#1599,#5558);
#5558 = DEFINITIONAL_REPRESENTATION('',(#5559),#5563);
#5559 = LINE('',#5560,#5561);
#5560 = CARTESIAN_POINT('',(0.75,0.));
#5561 = VECTOR('',#5562,1.);
#5562 = DIRECTION('',(0.,-1.));
#5563 = ( GEOMETRIC_REPRESENTATION_CONTEXT(2) 
PARAMETRIC_REPRESENTATION_CONTEXT() REPRESENTATION_CONTEXT('2D SPACE',''
  ) );
#5564 = PCURVE('',#1573,#5565);
#5565 = DEFINITIONAL_REPRESENTATION('',(#5566),#5570);
#5566 = LINE('',#5567,#5568);
#5567 = CARTESIAN_POINT('',(0.,-0.));
#5568 = VECTOR('',#5569,1.);
#5569 = DIRECTION('',(0.,-1.));
#5570 = ( GEOMETRIC_REPRESENTATION_CONTEXT(2) 
PARAMETRIC_REPRESENTATION_CONTEXT() REPRESENTATION_CONTEXT('2D SPACE',''
  ) );
#5571 = ORIENTED_EDGE('',*,*,#3612,.F.);
#5572 = ADVANCED_FACE('',(#5573),#1573,.T.);
#5573 = FACE_BOUND('',#5574,.T.);
#5574 = EDGE_LOOP('',(#5575,#5576,#5577,#5578));
#5575 = ORIENTED_EDGE('',*,*,#5551,.T.);
#5576 = ORIENTED_EDGE('',*,*,#1557,.T.);
#5577 = ORIENTED_EDGE('',*,*,#5522,.F.);
#5578 = ORIENTED_EDGE('',*,*,#3589,.F.);
#5579 = ADVANCED_FACE('',(#5580),#1631,.T.);
#5580 = FACE_BOUND('',#5581,.T.);
#5581 = EDGE_LOOP('',(#5582,#5603,#5604,#5625));
#5582 = ORIENTED_EDGE('',*,*,#5583,.T.);
#5583 = EDGE_CURVE('',#3636,#1614,#5584,.T.);
#5584 = SURFACE_CURVE('',#5585,(#5589,#5596),.PCURVE_S1.);
#5585 = LINE('',#5586,#5587);
#5586 = CARTESIAN_POINT('',(-0.375,-18.155,0.));
#5587 = VECTOR('',#5588,1.);
#5588 = DIRECTION('',(0.,0.,1.));
#5589 = PCURVE('',#1631,#5590);
#5590 = DEFINITIONAL_REPRESENTATION('',(#5591),#5595);
#5591 = LINE('',#5592,#5593);
#5592 = CARTESIAN_POINT('',(0.,0.));
#5593 = VECTOR('',#5594,1.);
#5594 = DIRECTION('',(0.,-1.));
#5595 = ( GEOMETRIC_REPRESENTATION_CONTEXT(2) 
PARAMETRIC_REPRESENTATION_CONTEXT() REPRESENTATION_CONTEXT('2D SPACE',''
  ) );
#5596 = PCURVE('',#1659,#5597);
#5597 = DEFINITIONAL_REPRESENTATION('',(#5598),#5602);
#5598 = LINE('',#5599,#5600);
#5599 = CARTESIAN_POINT('',(0.75,0.));
#5600 = VECTOR('',#5601,1.);
#5601 = DIRECTION('',(0.,-1.));
#5602 = ( GEOMETRIC_REPRESENTATION_CONTEXT(2) 
PARAMETRIC_REPRESENTATION_CONTEXT() REPRESENTATION_CONTEXT('2D SPACE',''
  ) );
#5603 = ORIENTED_EDGE('',*,*,#1613,.T.);
#5604 = ORIENTED_EDGE('',*,*,#5605,.F.);
#5605 = EDGE_CURVE('',#3638,#1616,#5606,.T.);
#5606 = SURFACE_CURVE('',#5607,(#5611,#5618),.PCURVE_S1.);
#5607 = LINE('',#5608,#5609);
#5608 = CARTESIAN_POINT('',(0.375,-18.155,0.));
#5609 = VECTOR('',#5610,1.);
#5610 = DIRECTION('',(0.,0.,1.));
#5611 = PCURVE('',#1631,#5612);
#5612 = DEFINITIONAL_REPRESENTATION('',(#5613),#5617);
#5613 = LINE('',#5614,#5615);
#5614 = CARTESIAN_POINT('',(0.75,0.));
#5615 = VECTOR('',#5616,1.);
#5616 = DIRECTION('',(0.,-1.));
#5617 = ( GEOMETRIC_REPRESENTATION_CONTEXT(2) 
PARAMETRIC_REPRESENTATION_CONTEXT() REPRESENTATION_CONTEXT('2D SPACE',''
  ) );
#5618 = PCURVE('',#1713,#5619);
#5619 = DEFINITIONAL_REPRESENTATION('',(#5620),#5624);
#5620 = LINE('',#5621,#5622);
#5621 = CARTESIAN_POINT('',(0.,0.));
#5622 = VECTOR('',#5623,1.);
#5623 = DIRECTION('',(0.,-1.));
#5624 = ( GEOMETRIC_REPRESENTATION_CONTEXT(2) 
PARAMETRIC_REPRESENTATION_CONTEXT() REPRESENTATION_CONTEXT('2D SPACE',''
  ) );
#5625 = ORIENTED_EDGE('',*,*,#3635,.F.);
#5626 = ADVANCED_FACE('',(#5627),#1659,.T.);
#5627 = FACE_BOUND('',#5628,.T.);
#5628 = EDGE_LOOP('',(#5629,#5650,#5651,#5652));
#5629 = ORIENTED_EDGE('',*,*,#5630,.T.);
#5630 = EDGE_CURVE('',#3661,#1644,#5631,.T.);
#5631 = SURFACE_CURVE('',#5632,(#5636,#5643),.PCURVE_S1.);
#5632 = LINE('',#5633,#5634);
#5633 = CARTESIAN_POINT('',(-0.375,-17.405,0.));
#5634 = VECTOR('',#5635,1.);
#5635 = DIRECTION('',(0.,0.,1.));
#5636 = PCURVE('',#1659,#5637);
#5637 = DEFINITIONAL_REPRESENTATION('',(#5638),#5642);
#5638 = LINE('',#5639,#5640);
#5639 = CARTESIAN_POINT('',(0.,0.));
#5640 = VECTOR('',#5641,1.);
#5641 = DIRECTION('',(0.,-1.));
#5642 = ( GEOMETRIC_REPRESENTATION_CONTEXT(2) 
PARAMETRIC_REPRESENTATION_CONTEXT() REPRESENTATION_CONTEXT('2D SPACE',''
  ) );
#5643 = PCURVE('',#1687,#5644);
#5644 = DEFINITIONAL_REPRESENTATION('',(#5645),#5649);
#5645 = LINE('',#5646,#5647);
#5646 = CARTESIAN_POINT('',(0.75,0.));
#5647 = VECTOR('',#5648,1.);
#5648 = DIRECTION('',(0.,-1.));
#5649 = ( GEOMETRIC_REPRESENTATION_CONTEXT(2) 
PARAMETRIC_REPRESENTATION_CONTEXT() REPRESENTATION_CONTEXT('2D SPACE',''
  ) );
#5650 = ORIENTED_EDGE('',*,*,#1643,.T.);
#5651 = ORIENTED_EDGE('',*,*,#5583,.F.);
#5652 = ORIENTED_EDGE('',*,*,#3660,.F.);
#5653 = ADVANCED_FACE('',(#5654),#1713,.T.);
#5654 = FACE_BOUND('',#5655,.T.);
#5655 = EDGE_LOOP('',(#5656,#5657,#5658,#5679));
#5656 = ORIENTED_EDGE('',*,*,#5605,.T.);
#5657 = ORIENTED_EDGE('',*,*,#1699,.T.);
#5658 = ORIENTED_EDGE('',*,*,#5659,.F.);
#5659 = EDGE_CURVE('',#3684,#1672,#5660,.T.);
#5660 = SURFACE_CURVE('',#5661,(#5665,#5672),.PCURVE_S1.);
#5661 = LINE('',#5662,#5663);
#5662 = CARTESIAN_POINT('',(0.375,-17.405,0.));
#5663 = VECTOR('',#5664,1.);
#5664 = DIRECTION('',(0.,0.,1.));
#5665 = PCURVE('',#1713,#5666);
#5666 = DEFINITIONAL_REPRESENTATION('',(#5667),#5671);
#5667 = LINE('',#5668,#5669);
#5668 = CARTESIAN_POINT('',(0.75,0.));
#5669 = VECTOR('',#5670,1.);
#5670 = DIRECTION('',(0.,-1.));
#5671 = ( GEOMETRIC_REPRESENTATION_CONTEXT(2) 
PARAMETRIC_REPRESENTATION_CONTEXT() REPRESENTATION_CONTEXT('2D SPACE',''
  ) );
#5672 = PCURVE('',#1687,#5673);
#5673 = DEFINITIONAL_REPRESENTATION('',(#5674),#5678);
#5674 = LINE('',#5675,#5676);
#5675 = CARTESIAN_POINT('',(0.,-0.));
#5676 = VECTOR('',#5677,1.);
#5677 = DIRECTION('',(0.,-1.));
#5678 = ( GEOMETRIC_REPRESENTATION_CONTEXT(2) 
PARAMETRIC_REPRESENTATION_CONTEXT() REPRESENTATION_CONTEXT('2D SPACE',''
  ) );
#5679 = ORIENTED_EDGE('',*,*,#3706,.F.);
#5680 = ADVANCED_FACE('',(#5681),#1687,.T.);
#5681 = FACE_BOUND('',#5682,.T.);
#5682 = EDGE_LOOP('',(#5683,#5684,#5685,#5686));
#5683 = ORIENTED_EDGE('',*,*,#5659,.T.);
#5684 = ORIENTED_EDGE('',*,*,#1671,.T.);
#5685 = ORIENTED_EDGE('',*,*,#5630,.F.);
#5686 = ORIENTED_EDGE('',*,*,#3683,.F.);
#5687 = ADVANCED_FACE('',(#5688),#1745,.T.);
#5688 = FACE_BOUND('',#5689,.T.);
#5689 = EDGE_LOOP('',(#5690,#5711,#5712,#5733));
#5690 = ORIENTED_EDGE('',*,*,#5691,.T.);
#5691 = EDGE_CURVE('',#3730,#1728,#5692,.T.);
#5692 = SURFACE_CURVE('',#5693,(#5697,#5704),.PCURVE_S1.);
#5693 = LINE('',#5694,#5695);
#5694 = CARTESIAN_POINT('',(-0.375,-15.615,0.));
#5695 = VECTOR('',#5696,1.);
#5696 = DIRECTION('',(0.,0.,1.));
#5697 = PCURVE('',#1745,#5698);
#5698 = DEFINITIONAL_REPRESENTATION('',(#5699),#5703);
#5699 = LINE('',#5700,#5701);
#5700 = CARTESIAN_POINT('',(0.,0.));
#5701 = VECTOR('',#5702,1.);
#5702 = DIRECTION('',(0.,-1.));
#5703 = ( GEOMETRIC_REPRESENTATION_CONTEXT(2) 
PARAMETRIC_REPRESENTATION_CONTEXT() REPRESENTATION_CONTEXT('2D SPACE',''
  ) );
#5704 = PCURVE('',#1773,#5705);
#5705 = DEFINITIONAL_REPRESENTATION('',(#5706),#5710);
#5706 = LINE('',#5707,#5708);
#5707 = CARTESIAN_POINT('',(0.75,0.));
#5708 = VECTOR('',#5709,1.);
#5709 = DIRECTION('',(0.,-1.));
#5710 = ( GEOMETRIC_REPRESENTATION_CONTEXT(2) 
PARAMETRIC_REPRESENTATION_CONTEXT() REPRESENTATION_CONTEXT('2D SPACE',''
  ) );
#5711 = ORIENTED_EDGE('',*,*,#1727,.T.);
#5712 = ORIENTED_EDGE('',*,*,#5713,.F.);
#5713 = EDGE_CURVE('',#3732,#1730,#5714,.T.);
#5714 = SURFACE_CURVE('',#5715,(#5719,#5726),.PCURVE_S1.);
#5715 = LINE('',#5716,#5717);
#5716 = CARTESIAN_POINT('',(0.375,-15.615,0.));
#5717 = VECTOR('',#5718,1.);
#5718 = DIRECTION('',(0.,0.,1.));
#5719 = PCURVE('',#1745,#5720);
#5720 = DEFINITIONAL_REPRESENTATION('',(#5721),#5725);
#5721 = LINE('',#5722,#5723);
#5722 = CARTESIAN_POINT('',(0.75,0.));
#5723 = VECTOR('',#5724,1.);
#5724 = DIRECTION('',(0.,-1.));
#5725 = ( GEOMETRIC_REPRESENTATION_CONTEXT(2) 
PARAMETRIC_REPRESENTATION_CONTEXT() REPRESENTATION_CONTEXT('2D SPACE',''
  ) );
#5726 = PCURVE('',#1827,#5727);
#5727 = DEFINITIONAL_REPRESENTATION('',(#5728),#5732);
#5728 = LINE('',#5729,#5730);
#5729 = CARTESIAN_POINT('',(0.,0.));
#5730 = VECTOR('',#5731,1.);
#5731 = DIRECTION('',(0.,-1.));
#5732 = ( GEOMETRIC_REPRESENTATION_CONTEXT(2) 
PARAMETRIC_REPRESENTATION_CONTEXT() REPRESENTATION_CONTEXT('2D SPACE',''
  ) );
#5733 = ORIENTED_EDGE('',*,*,#3729,.F.);
#5734 = ADVANCED_FACE('',(#5735),#1773,.T.);
#5735 = FACE_BOUND('',#5736,.T.);
#5736 = EDGE_LOOP('',(#5737,#5758,#5759,#5760));
#5737 = ORIENTED_EDGE('',*,*,#5738,.T.);
#5738 = EDGE_CURVE('',#3755,#1758,#5739,.T.);
#5739 = SURFACE_CURVE('',#5740,(#5744,#5751),.PCURVE_S1.);
#5740 = LINE('',#5741,#5742);
#5741 = CARTESIAN_POINT('',(-0.375,-14.865,0.));
#5742 = VECTOR('',#5743,1.);
#5743 = DIRECTION('',(0.,0.,1.));
#5744 = PCURVE('',#1773,#5745);
#5745 = DEFINITIONAL_REPRESENTATION('',(#5746),#5750);
#5746 = LINE('',#5747,#5748);
#5747 = CARTESIAN_POINT('',(0.,0.));
#5748 = VECTOR('',#5749,1.);
#5749 = DIRECTION('',(0.,-1.));
#5750 = ( GEOMETRIC_REPRESENTATION_CONTEXT(2) 
PARAMETRIC_REPRESENTATION_CONTEXT() REPRESENTATION_CONTEXT('2D SPACE',''
  ) );
#5751 = PCURVE('',#1801,#5752);
#5752 = DEFINITIONAL_REPRESENTATION('',(#5753),#5757);
#5753 = LINE('',#5754,#5755);
#5754 = CARTESIAN_POINT('',(0.75,0.));
#5755 = VECTOR('',#5756,1.);
#5756 = DIRECTION('',(0.,-1.));
#5757 = ( GEOMETRIC_REPRESENTATION_CONTEXT(2) 
PARAMETRIC_REPRESENTATION_CONTEXT() REPRESENTATION_CONTEXT('2D SPACE',''
  ) );
#5758 = ORIENTED_EDGE('',*,*,#1757,.T.);
#5759 = ORIENTED_EDGE('',*,*,#5691,.F.);
#5760 = ORIENTED_EDGE('',*,*,#3754,.F.);
#5761 = ADVANCED_FACE('',(#5762),#1827,.T.);
#5762 = FACE_BOUND('',#5763,.T.);
#5763 = EDGE_LOOP('',(#5764,#5765,#5766,#5787));
#5764 = ORIENTED_EDGE('',*,*,#5713,.T.);
#5765 = ORIENTED_EDGE('',*,*,#1813,.T.);
#5766 = ORIENTED_EDGE('',*,*,#5767,.F.);
#5767 = EDGE_CURVE('',#3778,#1786,#5768,.T.);
#5768 = SURFACE_CURVE('',#5769,(#5773,#5780),.PCURVE_S1.);
#5769 = LINE('',#5770,#5771);
#5770 = CARTESIAN_POINT('',(0.375,-14.865,0.));
#5771 = VECTOR('',#5772,1.);
#5772 = DIRECTION('',(0.,0.,1.));
#5773 = PCURVE('',#1827,#5774);
#5774 = DEFINITIONAL_REPRESENTATION('',(#5775),#5779);
#5775 = LINE('',#5776,#5777);
#5776 = CARTESIAN_POINT('',(0.75,0.));
#5777 = VECTOR('',#5778,1.);
#5778 = DIRECTION('',(0.,-1.));
#5779 = ( GEOMETRIC_REPRESENTATION_CONTEXT(2) 
PARAMETRIC_REPRESENTATION_CONTEXT() REPRESENTATION_CONTEXT('2D SPACE',''
  ) );
#5780 = PCURVE('',#1801,#5781);
#5781 = DEFINITIONAL_REPRESENTATION('',(#5782),#5786);
#5782 = LINE('',#5783,#5784);
#5783 = CARTESIAN_POINT('',(0.,-0.));
#5784 = VECTOR('',#5785,1.);
#5785 = DIRECTION('',(0.,-1.));
#5786 = ( GEOMETRIC_REPRESENTATION_CONTEXT(2) 
PARAMETRIC_REPRESENTATION_CONTEXT() REPRESENTATION_CONTEXT('2D SPACE',''
  ) );
#5787 = ORIENTED_EDGE('',*,*,#3800,.F.);
#5788 = ADVANCED_FACE('',(#5789),#1801,.T.);
#5789 = FACE_BOUND('',#5790,.T.);
#5790 = EDGE_LOOP('',(#5791,#5792,#5793,#5794));
#5791 = ORIENTED_EDGE('',*,*,#5767,.T.);
#5792 = ORIENTED_EDGE('',*,*,#1785,.T.);
#5793 = ORIENTED_EDGE('',*,*,#5738,.F.);
#5794 = ORIENTED_EDGE('',*,*,#3777,.F.);
#5795 = ADVANCED_FACE('',(#5796),#1859,.T.);
#5796 = FACE_BOUND('',#5797,.T.);
#5797 = EDGE_LOOP('',(#5798,#5819,#5820,#5841));
#5798 = ORIENTED_EDGE('',*,*,#5799,.T.);
#5799 = EDGE_CURVE('',#3824,#1842,#5800,.T.);
#5800 = SURFACE_CURVE('',#5801,(#5805,#5812),.PCURVE_S1.);
#5801 = LINE('',#5802,#5803);
#5802 = CARTESIAN_POINT('',(-0.375,-13.075,0.));
#5803 = VECTOR('',#5804,1.);
#5804 = DIRECTION('',(0.,0.,1.));
#5805 = PCURVE('',#1859,#5806);
#5806 = DEFINITIONAL_REPRESENTATION('',(#5807),#5811);
#5807 = LINE('',#5808,#5809);
#5808 = CARTESIAN_POINT('',(0.,0.));
#5809 = VECTOR('',#5810,1.);
#5810 = DIRECTION('',(0.,-1.));
#5811 = ( GEOMETRIC_REPRESENTATION_CONTEXT(2) 
PARAMETRIC_REPRESENTATION_CONTEXT() REPRESENTATION_CONTEXT('2D SPACE',''
  ) );
#5812 = PCURVE('',#1887,#5813);
#5813 = DEFINITIONAL_REPRESENTATION('',(#5814),#5818);
#5814 = LINE('',#5815,#5816);
#5815 = CARTESIAN_POINT('',(0.75,0.));
#5816 = VECTOR('',#5817,1.);
#5817 = DIRECTION('',(0.,-1.));
#5818 = ( GEOMETRIC_REPRESENTATION_CONTEXT(2) 
PARAMETRIC_REPRESENTATION_CONTEXT() REPRESENTATION_CONTEXT('2D SPACE',''
  ) );
#5819 = ORIENTED_EDGE('',*,*,#1841,.T.);
#5820 = ORIENTED_EDGE('',*,*,#5821,.F.);
#5821 = EDGE_CURVE('',#3826,#1844,#5822,.T.);
#5822 = SURFACE_CURVE('',#5823,(#5827,#5834),.PCURVE_S1.);
#5823 = LINE('',#5824,#5825);
#5824 = CARTESIAN_POINT('',(0.375,-13.075,0.));
#5825 = VECTOR('',#5826,1.);
#5826 = DIRECTION('',(0.,0.,1.));
#5827 = PCURVE('',#1859,#5828);
#5828 = DEFINITIONAL_REPRESENTATION('',(#5829),#5833);
#5829 = LINE('',#5830,#5831);
#5830 = CARTESIAN_POINT('',(0.75,0.));
#5831 = VECTOR('',#5832,1.);
#5832 = DIRECTION('',(0.,-1.));
#5833 = ( GEOMETRIC_REPRESENTATION_CONTEXT(2) 
PARAMETRIC_REPRESENTATION_CONTEXT() REPRESENTATION_CONTEXT('2D SPACE',''
  ) );
#5834 = PCURVE('',#1941,#5835);
#5835 = DEFINITIONAL_REPRESENTATION('',(#5836),#5840);
#5836 = LINE('',#5837,#5838);
#5837 = CARTESIAN_POINT('',(0.,0.));
#5838 = VECTOR('',#5839,1.);
#5839 = DIRECTION('',(0.,-1.));
#5840 = ( GEOMETRIC_REPRESENTATION_CONTEXT(2) 
PARAMETRIC_REPRESENTATION_CONTEXT() REPRESENTATION_CONTEXT('2D SPACE',''
  ) );
#5841 = ORIENTED_EDGE('',*,*,#3823,.F.);
#5842 = ADVANCED_FACE('',(#5843),#1887,.T.);
#5843 = FACE_BOUND('',#5844,.T.);
#5844 = EDGE_LOOP('',(#5845,#5866,#5867,#5868));
#5845 = ORIENTED_EDGE('',*,*,#5846,.T.);
#5846 = EDGE_CURVE('',#3849,#1872,#5847,.T.);
#5847 = SURFACE_CURVE('',#5848,(#5852,#5859),.PCURVE_S1.);
#5848 = LINE('',#5849,#5850);
#5849 = CARTESIAN_POINT('',(-0.375,-12.325,0.));
#5850 = VECTOR('',#5851,1.);
#5851 = DIRECTION('',(0.,0.,1.));
#5852 = PCURVE('',#1887,#5853);
#5853 = DEFINITIONAL_REPRESENTATION('',(#5854),#5858);
#5854 = LINE('',#5855,#5856);
#5855 = CARTESIAN_POINT('',(0.,0.));
#5856 = VECTOR('',#5857,1.);
#5857 = DIRECTION('',(0.,-1.));
#5858 = ( GEOMETRIC_REPRESENTATION_CONTEXT(2) 
PARAMETRIC_REPRESENTATION_CONTEXT() REPRESENTATION_CONTEXT('2D SPACE',''
  ) );
#5859 = PCURVE('',#1915,#5860);
#5860 = DEFINITIONAL_REPRESENTATION('',(#5861),#5865);
#5861 = LINE('',#5862,#5863);
#5862 = CARTESIAN_POINT('',(0.75,0.));
#5863 = VECTOR('',#5864,1.);
#5864 = DIRECTION('',(0.,-1.));
#5865 = ( GEOMETRIC_REPRESENTATION_CONTEXT(2) 
PARAMETRIC_REPRESENTATION_CONTEXT() REPRESENTATION_CONTEXT('2D SPACE',''
  ) );
#5866 = ORIENTED_EDGE('',*,*,#1871,.T.);
#5867 = ORIENTED_EDGE('',*,*,#5799,.F.);
#5868 = ORIENTED_EDGE('',*,*,#3848,.F.);
#5869 = ADVANCED_FACE('',(#5870),#1941,.T.);
#5870 = FACE_BOUND('',#5871,.T.);
#5871 = EDGE_LOOP('',(#5872,#5873,#5874,#5895));
#5872 = ORIENTED_EDGE('',*,*,#5821,.T.);
#5873 = ORIENTED_EDGE('',*,*,#1927,.T.);
#5874 = ORIENTED_EDGE('',*,*,#5875,.F.);
#5875 = EDGE_CURVE('',#3872,#1900,#5876,.T.);
#5876 = SURFACE_CURVE('',#5877,(#5881,#5888),.PCURVE_S1.);
#5877 = LINE('',#5878,#5879);
#5878 = CARTESIAN_POINT('',(0.375,-12.325,0.));
#5879 = VECTOR('',#5880,1.);
#5880 = DIRECTION('',(0.,0.,1.));
#5881 = PCURVE('',#1941,#5882);
#5882 = DEFINITIONAL_REPRESENTATION('',(#5883),#5887);
#5883 = LINE('',#5884,#5885);
#5884 = CARTESIAN_POINT('',(0.75,0.));
#5885 = VECTOR('',#5886,1.);
#5886 = DIRECTION('',(0.,-1.));
#5887 = ( GEOMETRIC_REPRESENTATION_CONTEXT(2) 
PARAMETRIC_REPRESENTATION_CONTEXT() REPRESENTATION_CONTEXT('2D SPACE',''
  ) );
#5888 = PCURVE('',#1915,#5889);
#5889 = DEFINITIONAL_REPRESENTATION('',(#5890),#5894);
#5890 = LINE('',#5891,#5892);
#5891 = CARTESIAN_POINT('',(0.,-0.));
#5892 = VECTOR('',#5893,1.);
#5893 = DIRECTION('',(0.,-1.));
#5894 = ( GEOMETRIC_REPRESENTATION_CONTEXT(2) 
PARAMETRIC_REPRESENTATION_CONTEXT() REPRESENTATION_CONTEXT('2D SPACE',''
  ) );
#5895 = ORIENTED_EDGE('',*,*,#3894,.F.);
#5896 = ADVANCED_FACE('',(#5897),#1915,.T.);
#5897 = FACE_BOUND('',#5898,.T.);
#5898 = EDGE_LOOP('',(#5899,#5900,#5901,#5902));
#5899 = ORIENTED_EDGE('',*,*,#5875,.T.);
#5900 = ORIENTED_EDGE('',*,*,#1899,.T.);
#5901 = ORIENTED_EDGE('',*,*,#5846,.F.);
#5902 = ORIENTED_EDGE('',*,*,#3871,.F.);
#5903 = ADVANCED_FACE('',(#5904),#1973,.T.);
#5904 = FACE_BOUND('',#5905,.T.);
#5905 = EDGE_LOOP('',(#5906,#5927,#5928,#5949));
#5906 = ORIENTED_EDGE('',*,*,#5907,.T.);
#5907 = EDGE_CURVE('',#3918,#1956,#5908,.T.);
#5908 = SURFACE_CURVE('',#5909,(#5913,#5920),.PCURVE_S1.);
#5909 = LINE('',#5910,#5911);
#5910 = CARTESIAN_POINT('',(-0.375,-10.535,0.));
#5911 = VECTOR('',#5912,1.);
#5912 = DIRECTION('',(0.,0.,1.));
#5913 = PCURVE('',#1973,#5914);
#5914 = DEFINITIONAL_REPRESENTATION('',(#5915),#5919);
#5915 = LINE('',#5916,#5917);
#5916 = CARTESIAN_POINT('',(0.,0.));
#5917 = VECTOR('',#5918,1.);
#5918 = DIRECTION('',(0.,-1.));
#5919 = ( GEOMETRIC_REPRESENTATION_CONTEXT(2) 
PARAMETRIC_REPRESENTATION_CONTEXT() REPRESENTATION_CONTEXT('2D SPACE',''
  ) );
#5920 = PCURVE('',#2001,#5921);
#5921 = DEFINITIONAL_REPRESENTATION('',(#5922),#5926);
#5922 = LINE('',#5923,#5924);
#5923 = CARTESIAN_POINT('',(0.75,0.));
#5924 = VECTOR('',#5925,1.);
#5925 = DIRECTION('',(0.,-1.));
#5926 = ( GEOMETRIC_REPRESENTATION_CONTEXT(2) 
PARAMETRIC_REPRESENTATION_CONTEXT() REPRESENTATION_CONTEXT('2D SPACE',''
  ) );
#5927 = ORIENTED_EDGE('',*,*,#1955,.T.);
#5928 = ORIENTED_EDGE('',*,*,#5929,.F.);
#5929 = EDGE_CURVE('',#3920,#1958,#5930,.T.);
#5930 = SURFACE_CURVE('',#5931,(#5935,#5942),.PCURVE_S1.);
#5931 = LINE('',#5932,#5933);
#5932 = CARTESIAN_POINT('',(0.375,-10.535,0.));
#5933 = VECTOR('',#5934,1.);
#5934 = DIRECTION('',(0.,0.,1.));
#5935 = PCURVE('',#1973,#5936);
#5936 = DEFINITIONAL_REPRESENTATION('',(#5937),#5941);
#5937 = LINE('',#5938,#5939);
#5938 = CARTESIAN_POINT('',(0.75,0.));
#5939 = VECTOR('',#5940,1.);
#5940 = DIRECTION('',(0.,-1.));
#5941 = ( GEOMETRIC_REPRESENTATION_CONTEXT(2) 
PARAMETRIC_REPRESENTATION_CONTEXT() REPRESENTATION_CONTEXT('2D SPACE',''
  ) );
#5942 = PCURVE('',#2055,#5943);
#5943 = DEFINITIONAL_REPRESENTATION('',(#5944),#5948);
#5944 = LINE('',#5945,#5946);
#5945 = CARTESIAN_POINT('',(0.,0.));
#5946 = VECTOR('',#5947,1.);
#5947 = DIRECTION('',(0.,-1.));
#5948 = ( GEOMETRIC_REPRESENTATION_CONTEXT(2) 
PARAMETRIC_REPRESENTATION_CONTEXT() REPRESENTATION_CONTEXT('2D SPACE',''
  ) );
#5949 = ORIENTED_EDGE('',*,*,#3917,.F.);
#5950 = ADVANCED_FACE('',(#5951),#2001,.T.);
#5951 = FACE_BOUND('',#5952,.T.);
#5952 = EDGE_LOOP('',(#5953,#5974,#5975,#5976));
#5953 = ORIENTED_EDGE('',*,*,#5954,.T.);
#5954 = EDGE_CURVE('',#3943,#1986,#5955,.T.);
#5955 = SURFACE_CURVE('',#5956,(#5960,#5967),.PCURVE_S1.);
#5956 = LINE('',#5957,#5958);
#5957 = CARTESIAN_POINT('',(-0.375,-9.785,0.));
#5958 = VECTOR('',#5959,1.);
#5959 = DIRECTION('',(0.,0.,1.));
#5960 = PCURVE('',#2001,#5961);
#5961 = DEFINITIONAL_REPRESENTATION('',(#5962),#5966);
#5962 = LINE('',#5963,#5964);
#5963 = CARTESIAN_POINT('',(0.,0.));
#5964 = VECTOR('',#5965,1.);
#5965 = DIRECTION('',(0.,-1.));
#5966 = ( GEOMETRIC_REPRESENTATION_CONTEXT(2) 
PARAMETRIC_REPRESENTATION_CONTEXT() REPRESENTATION_CONTEXT('2D SPACE',''
  ) );
#5967 = PCURVE('',#2029,#5968);
#5968 = DEFINITIONAL_REPRESENTATION('',(#5969),#5973);
#5969 = LINE('',#5970,#5971);
#5970 = CARTESIAN_POINT('',(0.75,0.));
#5971 = VECTOR('',#5972,1.);
#5972 = DIRECTION('',(0.,-1.));
#5973 = ( GEOMETRIC_REPRESENTATION_CONTEXT(2) 
PARAMETRIC_REPRESENTATION_CONTEXT() REPRESENTATION_CONTEXT('2D SPACE',''
  ) );
#5974 = ORIENTED_EDGE('',*,*,#1985,.T.);
#5975 = ORIENTED_EDGE('',*,*,#5907,.F.);
#5976 = ORIENTED_EDGE('',*,*,#3942,.F.);
#5977 = ADVANCED_FACE('',(#5978),#2055,.T.);
#5978 = FACE_BOUND('',#5979,.T.);
#5979 = EDGE_LOOP('',(#5980,#5981,#5982,#6003));
#5980 = ORIENTED_EDGE('',*,*,#5929,.T.);
#5981 = ORIENTED_EDGE('',*,*,#2041,.T.);
#5982 = ORIENTED_EDGE('',*,*,#5983,.F.);
#5983 = EDGE_CURVE('',#3966,#2014,#5984,.T.);
#5984 = SURFACE_CURVE('',#5985,(#5989,#5996),.PCURVE_S1.);
#5985 = LINE('',#5986,#5987);
#5986 = CARTESIAN_POINT('',(0.375,-9.785,0.));
#5987 = VECTOR('',#5988,1.);
#5988 = DIRECTION('',(0.,0.,1.));
#5989 = PCURVE('',#2055,#5990);
#5990 = DEFINITIONAL_REPRESENTATION('',(#5991),#5995);
#5991 = LINE('',#5992,#5993);
#5992 = CARTESIAN_POINT('',(0.75,0.));
#5993 = VECTOR('',#5994,1.);
#5994 = DIRECTION('',(0.,-1.));
#5995 = ( GEOMETRIC_REPRESENTATION_CONTEXT(2) 
PARAMETRIC_REPRESENTATION_CONTEXT() REPRESENTATION_CONTEXT('2D SPACE',''
  ) );
#5996 = PCURVE('',#2029,#5997);
#5997 = DEFINITIONAL_REPRESENTATION('',(#5998),#6002);
#5998 = LINE('',#5999,#6000);
#5999 = CARTESIAN_POINT('',(0.,-0.));
#6000 = VECTOR('',#6001,1.);
#6001 = DIRECTION('',(0.,-1.));
#6002 = ( GEOMETRIC_REPRESENTATION_CONTEXT(2) 
PARAMETRIC_REPRESENTATION_CONTEXT() REPRESENTATION_CONTEXT('2D SPACE',''
  ) );
#6003 = ORIENTED_EDGE('',*,*,#3988,.F.);
#6004 = ADVANCED_FACE('',(#6005),#2029,.T.);
#6005 = FACE_BOUND('',#6006,.T.);
#6006 = EDGE_LOOP('',(#6007,#6008,#6009,#6010));
#6007 = ORIENTED_EDGE('',*,*,#5983,.T.);
#6008 = ORIENTED_EDGE('',*,*,#2013,.T.);
#6009 = ORIENTED_EDGE('',*,*,#5954,.F.);
#6010 = ORIENTED_EDGE('',*,*,#3965,.F.);
#6011 = ADVANCED_FACE('',(#6012),#2087,.T.);
#6012 = FACE_BOUND('',#6013,.T.);
#6013 = EDGE_LOOP('',(#6014,#6035,#6036,#6057));
#6014 = ORIENTED_EDGE('',*,*,#6015,.T.);
#6015 = EDGE_CURVE('',#4012,#2070,#6016,.T.);
#6016 = SURFACE_CURVE('',#6017,(#6021,#6028),.PCURVE_S1.);
#6017 = LINE('',#6018,#6019);
#6018 = CARTESIAN_POINT('',(-0.375,-7.995,0.));
#6019 = VECTOR('',#6020,1.);
#6020 = DIRECTION('',(0.,0.,1.));
#6021 = PCURVE('',#2087,#6022);
#6022 = DEFINITIONAL_REPRESENTATION('',(#6023),#6027);
#6023 = LINE('',#6024,#6025);
#6024 = CARTESIAN_POINT('',(0.,0.));
#6025 = VECTOR('',#6026,1.);
#6026 = DIRECTION('',(0.,-1.));
#6027 = ( GEOMETRIC_REPRESENTATION_CONTEXT(2) 
PARAMETRIC_REPRESENTATION_CONTEXT() REPRESENTATION_CONTEXT('2D SPACE',''
  ) );
#6028 = PCURVE('',#2115,#6029);
#6029 = DEFINITIONAL_REPRESENTATION('',(#6030),#6034);
#6030 = LINE('',#6031,#6032);
#6031 = CARTESIAN_POINT('',(0.75,0.));
#6032 = VECTOR('',#6033,1.);
#6033 = DIRECTION('',(0.,-1.));
#6034 = ( GEOMETRIC_REPRESENTATION_CONTEXT(2) 
PARAMETRIC_REPRESENTATION_CONTEXT() REPRESENTATION_CONTEXT('2D SPACE',''
  ) );
#6035 = ORIENTED_EDGE('',*,*,#2069,.T.);
#6036 = ORIENTED_EDGE('',*,*,#6037,.F.);
#6037 = EDGE_CURVE('',#4014,#2072,#6038,.T.);
#6038 = SURFACE_CURVE('',#6039,(#6043,#6050),.PCURVE_S1.);
#6039 = LINE('',#6040,#6041);
#6040 = CARTESIAN_POINT('',(0.375,-7.995,0.));
#6041 = VECTOR('',#6042,1.);
#6042 = DIRECTION('',(0.,0.,1.));
#6043 = PCURVE('',#2087,#6044);
#6044 = DEFINITIONAL_REPRESENTATION('',(#6045),#6049);
#6045 = LINE('',#6046,#6047);
#6046 = CARTESIAN_POINT('',(0.75,0.));
#6047 = VECTOR('',#6048,1.);
#6048 = DIRECTION('',(0.,-1.));
#6049 = ( GEOMETRIC_REPRESENTATION_CONTEXT(2) 
PARAMETRIC_REPRESENTATION_CONTEXT() REPRESENTATION_CONTEXT('2D SPACE',''
  ) );
#6050 = PCURVE('',#2169,#6051);
#6051 = DEFINITIONAL_REPRESENTATION('',(#6052),#6056);
#6052 = LINE('',#6053,#6054);
#6053 = CARTESIAN_POINT('',(0.,0.));
#6054 = VECTOR('',#6055,1.);
#6055 = DIRECTION('',(0.,-1.));
#6056 = ( GEOMETRIC_REPRESENTATION_CONTEXT(2) 
PARAMETRIC_REPRESENTATION_CONTEXT() REPRESENTATION_CONTEXT('2D SPACE',''
  ) );
#6057 = ORIENTED_EDGE('',*,*,#4011,.F.);
#6058 = ADVANCED_FACE('',(#6059),#2115,.T.);
#6059 = FACE_BOUND('',#6060,.T.);
#6060 = EDGE_LOOP('',(#6061,#6082,#6083,#6084));
#6061 = ORIENTED_EDGE('',*,*,#6062,.T.);
#6062 = EDGE_CURVE('',#4037,#2100,#6063,.T.);
#6063 = SURFACE_CURVE('',#6064,(#6068,#6075),.PCURVE_S1.);
#6064 = LINE('',#6065,#6066);
#6065 = CARTESIAN_POINT('',(-0.375,-7.245,0.));
#6066 = VECTOR('',#6067,1.);
#6067 = DIRECTION('',(0.,0.,1.));
#6068 = PCURVE('',#2115,#6069);
#6069 = DEFINITIONAL_REPRESENTATION('',(#6070),#6074);
#6070 = LINE('',#6071,#6072);
#6071 = CARTESIAN_POINT('',(0.,0.));
#6072 = VECTOR('',#6073,1.);
#6073 = DIRECTION('',(0.,-1.));
#6074 = ( GEOMETRIC_REPRESENTATION_CONTEXT(2) 
PARAMETRIC_REPRESENTATION_CONTEXT() REPRESENTATION_CONTEXT('2D SPACE',''
  ) );
#6075 = PCURVE('',#2143,#6076);
#6076 = DEFINITIONAL_REPRESENTATION('',(#6077),#6081);
#6077 = LINE('',#6078,#6079);
#6078 = CARTESIAN_POINT('',(0.75,0.));
#6079 = VECTOR('',#6080,1.);
#6080 = DIRECTION('',(0.,-1.));
#6081 = ( GEOMETRIC_REPRESENTATION_CONTEXT(2) 
PARAMETRIC_REPRESENTATION_CONTEXT() REPRESENTATION_CONTEXT('2D SPACE',''
  ) );
#6082 = ORIENTED_EDGE('',*,*,#2099,.T.);
#6083 = ORIENTED_EDGE('',*,*,#6015,.F.);
#6084 = ORIENTED_EDGE('',*,*,#4036,.F.);
#6085 = ADVANCED_FACE('',(#6086),#2169,.T.);
#6086 = FACE_BOUND('',#6087,.T.);
#6087 = EDGE_LOOP('',(#6088,#6089,#6090,#6111));
#6088 = ORIENTED_EDGE('',*,*,#6037,.T.);
#6089 = ORIENTED_EDGE('',*,*,#2155,.T.);
#6090 = ORIENTED_EDGE('',*,*,#6091,.F.);
#6091 = EDGE_CURVE('',#4060,#2128,#6092,.T.);
#6092 = SURFACE_CURVE('',#6093,(#6097,#6104),.PCURVE_S1.);
#6093 = LINE('',#6094,#6095);
#6094 = CARTESIAN_POINT('',(0.375,-7.245,0.));
#6095 = VECTOR('',#6096,1.);
#6096 = DIRECTION('',(0.,0.,1.));
#6097 = PCURVE('',#2169,#6098);
#6098 = DEFINITIONAL_REPRESENTATION('',(#6099),#6103);
#6099 = LINE('',#6100,#6101);
#6100 = CARTESIAN_POINT('',(0.75,0.));
#6101 = VECTOR('',#6102,1.);
#6102 = DIRECTION('',(0.,-1.));
#6103 = ( GEOMETRIC_REPRESENTATION_CONTEXT(2) 
PARAMETRIC_REPRESENTATION_CONTEXT() REPRESENTATION_CONTEXT('2D SPACE',''
  ) );
#6104 = PCURVE('',#2143,#6105);
#6105 = DEFINITIONAL_REPRESENTATION('',(#6106),#6110);
#6106 = LINE('',#6107,#6108);
#6107 = CARTESIAN_POINT('',(0.,-0.));
#6108 = VECTOR('',#6109,1.);
#6109 = DIRECTION('',(0.,-1.));
#6110 = ( GEOMETRIC_REPRESENTATION_CONTEXT(2) 
PARAMETRIC_REPRESENTATION_CONTEXT() REPRESENTATION_CONTEXT('2D SPACE',''
  ) );
#6111 = ORIENTED_EDGE('',*,*,#4082,.F.);
#6112 = ADVANCED_FACE('',(#6113),#2143,.T.);
#6113 = FACE_BOUND('',#6114,.T.);
#6114 = EDGE_LOOP('',(#6115,#6116,#6117,#6118));
#6115 = ORIENTED_EDGE('',*,*,#6091,.T.);
#6116 = ORIENTED_EDGE('',*,*,#2127,.T.);
#6117 = ORIENTED_EDGE('',*,*,#6062,.F.);
#6118 = ORIENTED_EDGE('',*,*,#4059,.F.);
#6119 = ADVANCED_FACE('',(#6120),#2201,.T.);
#6120 = FACE_BOUND('',#6121,.T.);
#6121 = EDGE_LOOP('',(#6122,#6143,#6144,#6165));
#6122 = ORIENTED_EDGE('',*,*,#6123,.T.);
#6123 = EDGE_CURVE('',#4106,#2184,#6124,.T.);
#6124 = SURFACE_CURVE('',#6125,(#6129,#6136),.PCURVE_S1.);
#6125 = LINE('',#6126,#6127);
#6126 = CARTESIAN_POINT('',(-0.375,-5.455,0.));
#6127 = VECTOR('',#6128,1.);
#6128 = DIRECTION('',(0.,0.,1.));
#6129 = PCURVE('',#2201,#6130);
#6130 = DEFINITIONAL_REPRESENTATION('',(#6131),#6135);
#6131 = LINE('',#6132,#6133);
#6132 = CARTESIAN_POINT('',(0.,0.));
#6133 = VECTOR('',#6134,1.);
#6134 = DIRECTION('',(0.,-1.));
#6135 = ( GEOMETRIC_REPRESENTATION_CONTEXT(2) 
PARAMETRIC_REPRESENTATION_CONTEXT() REPRESENTATION_CONTEXT('2D SPACE',''
  ) );
#6136 = PCURVE('',#2229,#6137);
#6137 = DEFINITIONAL_REPRESENTATION('',(#6138),#6142);
#6138 = LINE('',#6139,#6140);
#6139 = CARTESIAN_POINT('',(0.75,0.));
#6140 = VECTOR('',#6141,1.);
#6141 = DIRECTION('',(0.,-1.));
#6142 = ( GEOMETRIC_REPRESENTATION_CONTEXT(2) 
PARAMETRIC_REPRESENTATION_CONTEXT() REPRESENTATION_CONTEXT('2D SPACE',''
  ) );
#6143 = ORIENTED_EDGE('',*,*,#2183,.T.);
#6144 = ORIENTED_EDGE('',*,*,#6145,.F.);
#6145 = EDGE_CURVE('',#4108,#2186,#6146,.T.);
#6146 = SURFACE_CURVE('',#6147,(#6151,#6158),.PCURVE_S1.);
#6147 = LINE('',#6148,#6149);
#6148 = CARTESIAN_POINT('',(0.375,-5.455,0.));
#6149 = VECTOR('',#6150,1.);
#6150 = DIRECTION('',(0.,0.,1.));
#6151 = PCURVE('',#2201,#6152);
#6152 = DEFINITIONAL_REPRESENTATION('',(#6153),#6157);
#6153 = LINE('',#6154,#6155);
#6154 = CARTESIAN_POINT('',(0.75,0.));
#6155 = VECTOR('',#6156,1.);
#6156 = DIRECTION('',(0.,-1.));
#6157 = ( GEOMETRIC_REPRESENTATION_CONTEXT(2) 
PARAMETRIC_REPRESENTATION_CONTEXT() REPRESENTATION_CONTEXT('2D SPACE',''
  ) );
#6158 = PCURVE('',#2283,#6159);
#6159 = DEFINITIONAL_REPRESENTATION('',(#6160),#6164);
#6160 = LINE('',#6161,#6162);
#6161 = CARTESIAN_POINT('',(0.,0.));
#6162 = VECTOR('',#6163,1.);
#6163 = DIRECTION('',(0.,-1.));
#6164 = ( GEOMETRIC_REPRESENTATION_CONTEXT(2) 
PARAMETRIC_REPRESENTATION_CONTEXT() REPRESENTATION_CONTEXT('2D SPACE',''
  ) );
#6165 = ORIENTED_EDGE('',*,*,#4105,.F.);
#6166 = ADVANCED_FACE('',(#6167),#2229,.T.);
#6167 = FACE_BOUND('',#6168,.T.);
#6168 = EDGE_LOOP('',(#6169,#6190,#6191,#6192));
#6169 = ORIENTED_EDGE('',*,*,#6170,.T.);
#6170 = EDGE_CURVE('',#4131,#2214,#6171,.T.);
#6171 = SURFACE_CURVE('',#6172,(#6176,#6183),.PCURVE_S1.);
#6172 = LINE('',#6173,#6174);
#6173 = CARTESIAN_POINT('',(-0.375,-4.705,0.));
#6174 = VECTOR('',#6175,1.);
#6175 = DIRECTION('',(0.,0.,1.));
#6176 = PCURVE('',#2229,#6177);
#6177 = DEFINITIONAL_REPRESENTATION('',(#6178),#6182);
#6178 = LINE('',#6179,#6180);
#6179 = CARTESIAN_POINT('',(0.,0.));
#6180 = VECTOR('',#6181,1.);
#6181 = DIRECTION('',(0.,-1.));
#6182 = ( GEOMETRIC_REPRESENTATION_CONTEXT(2) 
PARAMETRIC_REPRESENTATION_CONTEXT() REPRESENTATION_CONTEXT('2D SPACE',''
  ) );
#6183 = PCURVE('',#2257,#6184);
#6184 = DEFINITIONAL_REPRESENTATION('',(#6185),#6189);
#6185 = LINE('',#6186,#6187);
#6186 = CARTESIAN_POINT('',(0.75,0.));
#6187 = VECTOR('',#6188,1.);
#6188 = DIRECTION('',(0.,-1.));
#6189 = ( GEOMETRIC_REPRESENTATION_CONTEXT(2) 
PARAMETRIC_REPRESENTATION_CONTEXT() REPRESENTATION_CONTEXT('2D SPACE',''
  ) );
#6190 = ORIENTED_EDGE('',*,*,#2213,.T.);
#6191 = ORIENTED_EDGE('',*,*,#6123,.F.);
#6192 = ORIENTED_EDGE('',*,*,#4130,.F.);
#6193 = ADVANCED_FACE('',(#6194),#2283,.T.);
#6194 = FACE_BOUND('',#6195,.T.);
#6195 = EDGE_LOOP('',(#6196,#6197,#6198,#6219));
#6196 = ORIENTED_EDGE('',*,*,#6145,.T.);
#6197 = ORIENTED_EDGE('',*,*,#2269,.T.);
#6198 = ORIENTED_EDGE('',*,*,#6199,.F.);
#6199 = EDGE_CURVE('',#4154,#2242,#6200,.T.);
#6200 = SURFACE_CURVE('',#6201,(#6205,#6212),.PCURVE_S1.);
#6201 = LINE('',#6202,#6203);
#6202 = CARTESIAN_POINT('',(0.375,-4.705,0.));
#6203 = VECTOR('',#6204,1.);
#6204 = DIRECTION('',(0.,0.,1.));
#6205 = PCURVE('',#2283,#6206);
#6206 = DEFINITIONAL_REPRESENTATION('',(#6207),#6211);
#6207 = LINE('',#6208,#6209);
#6208 = CARTESIAN_POINT('',(0.75,0.));
#6209 = VECTOR('',#6210,1.);
#6210 = DIRECTION('',(0.,-1.));
#6211 = ( GEOMETRIC_REPRESENTATION_CONTEXT(2) 
PARAMETRIC_REPRESENTATION_CONTEXT() REPRESENTATION_CONTEXT('2D SPACE',''
  ) );
#6212 = PCURVE('',#2257,#6213);
#6213 = DEFINITIONAL_REPRESENTATION('',(#6214),#6218);
#6214 = LINE('',#6215,#6216);
#6215 = CARTESIAN_POINT('',(0.,-0.));
#6216 = VECTOR('',#6217,1.);
#6217 = DIRECTION('',(0.,-1.));
#6218 = ( GEOMETRIC_REPRESENTATION_CONTEXT(2) 
PARAMETRIC_REPRESENTATION_CONTEXT() REPRESENTATION_CONTEXT('2D SPACE',''
  ) );
#6219 = ORIENTED_EDGE('',*,*,#4176,.F.);
#6220 = ADVANCED_FACE('',(#6221),#2257,.T.);
#6221 = FACE_BOUND('',#6222,.T.);
#6222 = EDGE_LOOP('',(#6223,#6224,#6225,#6226));
#6223 = ORIENTED_EDGE('',*,*,#6199,.T.);
#6224 = ORIENTED_EDGE('',*,*,#2241,.T.);
#6225 = ORIENTED_EDGE('',*,*,#6170,.F.);
#6226 = ORIENTED_EDGE('',*,*,#4153,.F.);
#6227 = ADVANCED_FACE('',(#6228),#2315,.T.);
#6228 = FACE_BOUND('',#6229,.T.);
#6229 = EDGE_LOOP('',(#6230,#6251,#6252,#6273));
#6230 = ORIENTED_EDGE('',*,*,#6231,.T.);
#6231 = EDGE_CURVE('',#4200,#2298,#6232,.T.);
#6232 = SURFACE_CURVE('',#6233,(#6237,#6244),.PCURVE_S1.);
#6233 = LINE('',#6234,#6235);
#6234 = CARTESIAN_POINT('',(-0.375,-2.915,0.));
#6235 = VECTOR('',#6236,1.);
#6236 = DIRECTION('',(0.,0.,1.));
#6237 = PCURVE('',#2315,#6238);
#6238 = DEFINITIONAL_REPRESENTATION('',(#6239),#6243);
#6239 = LINE('',#6240,#6241);
#6240 = CARTESIAN_POINT('',(0.,0.));
#6241 = VECTOR('',#6242,1.);
#6242 = DIRECTION('',(0.,-1.));
#6243 = ( GEOMETRIC_REPRESENTATION_CONTEXT(2) 
PARAMETRIC_REPRESENTATION_CONTEXT() REPRESENTATION_CONTEXT('2D SPACE',''
  ) );
#6244 = PCURVE('',#2343,#6245);
#6245 = DEFINITIONAL_REPRESENTATION('',(#6246),#6250);
#6246 = LINE('',#6247,#6248);
#6247 = CARTESIAN_POINT('',(0.75,0.));
#6248 = VECTOR('',#6249,1.);
#6249 = DIRECTION('',(0.,-1.));
#6250 = ( GEOMETRIC_REPRESENTATION_CONTEXT(2) 
PARAMETRIC_REPRESENTATION_CONTEXT() REPRESENTATION_CONTEXT('2D SPACE',''
  ) );
#6251 = ORIENTED_EDGE('',*,*,#2297,.T.);
#6252 = ORIENTED_EDGE('',*,*,#6253,.F.);
#6253 = EDGE_CURVE('',#4202,#2300,#6254,.T.);
#6254 = SURFACE_CURVE('',#6255,(#6259,#6266),.PCURVE_S1.);
#6255 = LINE('',#6256,#6257);
#6256 = CARTESIAN_POINT('',(0.375,-2.915,0.));
#6257 = VECTOR('',#6258,1.);
#6258 = DIRECTION('',(0.,0.,1.));
#6259 = PCURVE('',#2315,#6260);
#6260 = DEFINITIONAL_REPRESENTATION('',(#6261),#6265);
#6261 = LINE('',#6262,#6263);
#6262 = CARTESIAN_POINT('',(0.75,0.));
#6263 = VECTOR('',#6264,1.);
#6264 = DIRECTION('',(0.,-1.));
#6265 = ( GEOMETRIC_REPRESENTATION_CONTEXT(2) 
PARAMETRIC_REPRESENTATION_CONTEXT() REPRESENTATION_CONTEXT('2D SPACE',''
  ) );
#6266 = PCURVE('',#2397,#6267);
#6267 = DEFINITIONAL_REPRESENTATION('',(#6268),#6272);
#6268 = LINE('',#6269,#6270);
#6269 = CARTESIAN_POINT('',(0.,0.));
#6270 = VECTOR('',#6271,1.);
#6271 = DIRECTION('',(0.,-1.));
#6272 = ( GEOMETRIC_REPRESENTATION_CONTEXT(2) 
PARAMETRIC_REPRESENTATION_CONTEXT() REPRESENTATION_CONTEXT('2D SPACE',''
  ) );
#6273 = ORIENTED_EDGE('',*,*,#4199,.F.);
#6274 = ADVANCED_FACE('',(#6275),#2343,.T.);
#6275 = FACE_BOUND('',#6276,.T.);
#6276 = EDGE_LOOP('',(#6277,#6298,#6299,#6300));
#6277 = ORIENTED_EDGE('',*,*,#6278,.T.);
#6278 = EDGE_CURVE('',#4225,#2328,#6279,.T.);
#6279 = SURFACE_CURVE('',#6280,(#6284,#6291),.PCURVE_S1.);
#6280 = LINE('',#6281,#6282);
#6281 = CARTESIAN_POINT('',(-0.375,-2.165,0.));
#6282 = VECTOR('',#6283,1.);
#6283 = DIRECTION('',(0.,0.,1.));
#6284 = PCURVE('',#2343,#6285);
#6285 = DEFINITIONAL_REPRESENTATION('',(#6286),#6290);
#6286 = LINE('',#6287,#6288);
#6287 = CARTESIAN_POINT('',(0.,0.));
#6288 = VECTOR('',#6289,1.);
#6289 = DIRECTION('',(0.,-1.));
#6290 = ( GEOMETRIC_REPRESENTATION_CONTEXT(2) 
PARAMETRIC_REPRESENTATION_CONTEXT() REPRESENTATION_CONTEXT('2D SPACE',''
  ) );
#6291 = PCURVE('',#2371,#6292);
#6292 = DEFINITIONAL_REPRESENTATION('',(#6293),#6297);
#6293 = LINE('',#6294,#6295);
#6294 = CARTESIAN_POINT('',(0.75,0.));
#6295 = VECTOR('',#6296,1.);
#6296 = DIRECTION('',(0.,-1.));
#6297 = ( GEOMETRIC_REPRESENTATION_CONTEXT(2) 
PARAMETRIC_REPRESENTATION_CONTEXT() REPRESENTATION_CONTEXT('2D SPACE',''
  ) );
#6298 = ORIENTED_EDGE('',*,*,#2327,.T.);
#6299 = ORIENTED_EDGE('',*,*,#6231,.F.);
#6300 = ORIENTED_EDGE('',*,*,#4224,.F.);
#6301 = ADVANCED_FACE('',(#6302),#2397,.T.);
#6302 = FACE_BOUND('',#6303,.T.);
#6303 = EDGE_LOOP('',(#6304,#6305,#6306,#6327));
#6304 = ORIENTED_EDGE('',*,*,#6253,.T.);
#6305 = ORIENTED_EDGE('',*,*,#2383,.T.);
#6306 = ORIENTED_EDGE('',*,*,#6307,.F.);
#6307 = EDGE_CURVE('',#4248,#2356,#6308,.T.);
#6308 = SURFACE_CURVE('',#6309,(#6313,#6320),.PCURVE_S1.);
#6309 = LINE('',#6310,#6311);
#6310 = CARTESIAN_POINT('',(0.375,-2.165,0.));
#6311 = VECTOR('',#6312,1.);
#6312 = DIRECTION('',(0.,0.,1.));
#6313 = PCURVE('',#2397,#6314);
#6314 = DEFINITIONAL_REPRESENTATION('',(#6315),#6319);
#6315 = LINE('',#6316,#6317);
#6316 = CARTESIAN_POINT('',(0.75,0.));
#6317 = VECTOR('',#6318,1.);
#6318 = DIRECTION('',(0.,-1.));
#6319 = ( GEOMETRIC_REPRESENTATION_CONTEXT(2) 
PARAMETRIC_REPRESENTATION_CONTEXT() REPRESENTATION_CONTEXT('2D SPACE',''
  ) );
#6320 = PCURVE('',#2371,#6321);
#6321 = DEFINITIONAL_REPRESENTATION('',(#6322),#6326);
#6322 = LINE('',#6323,#6324);
#6323 = CARTESIAN_POINT('',(0.,-0.));
#6324 = VECTOR('',#6325,1.);
#6325 = DIRECTION('',(0.,-1.));
#6326 = ( GEOMETRIC_REPRESENTATION_CONTEXT(2) 
PARAMETRIC_REPRESENTATION_CONTEXT() REPRESENTATION_CONTEXT('2D SPACE',''
  ) );
#6327 = ORIENTED_EDGE('',*,*,#4270,.F.);
#6328 = ADVANCED_FACE('',(#6329),#2371,.T.);
#6329 = FACE_BOUND('',#6330,.T.);
#6330 = EDGE_LOOP('',(#6331,#6332,#6333,#6334));
#6331 = ORIENTED_EDGE('',*,*,#6307,.T.);
#6332 = ORIENTED_EDGE('',*,*,#2355,.T.);
#6333 = ORIENTED_EDGE('',*,*,#6278,.F.);
#6334 = ORIENTED_EDGE('',*,*,#4247,.F.);
#6335 = ADVANCED_FACE('',(#6336),#2429,.T.);
#6336 = FACE_BOUND('',#6337,.T.);
#6337 = EDGE_LOOP('',(#6338,#6359,#6360,#6381));
#6338 = ORIENTED_EDGE('',*,*,#6339,.T.);
#6339 = EDGE_CURVE('',#4294,#2412,#6340,.T.);
#6340 = SURFACE_CURVE('',#6341,(#6345,#6352),.PCURVE_S1.);
#6341 = LINE('',#6342,#6343);
#6342 = CARTESIAN_POINT('',(-0.375,-0.375,0.));
#6343 = VECTOR('',#6344,1.);
#6344 = DIRECTION('',(0.,0.,1.));
#6345 = PCURVE('',#2429,#6346);
#6346 = DEFINITIONAL_REPRESENTATION('',(#6347),#6351);
#6347 = LINE('',#6348,#6349);
#6348 = CARTESIAN_POINT('',(0.,0.));
#6349 = VECTOR('',#6350,1.);
#6350 = DIRECTION('',(0.,-1.));
#6351 = ( GEOMETRIC_REPRESENTATION_CONTEXT(2) 
PARAMETRIC_REPRESENTATION_CONTEXT() REPRESENTATION_CONTEXT('2D SPACE',''
  ) );
#6352 = PCURVE('',#2457,#6353);
#6353 = DEFINITIONAL_REPRESENTATION('',(#6354),#6358);
#6354 = LINE('',#6355,#6356);
#6355 = CARTESIAN_POINT('',(0.75,0.));
#6356 = VECTOR('',#6357,1.);
#6357 = DIRECTION('',(0.,-1.));
#6358 = ( GEOMETRIC_REPRESENTATION_CONTEXT(2) 
PARAMETRIC_REPRESENTATION_CONTEXT() REPRESENTATION_CONTEXT('2D SPACE',''
  ) );
#6359 = ORIENTED_EDGE('',*,*,#2411,.T.);
#6360 = ORIENTED_EDGE('',*,*,#6361,.F.);
#6361 = EDGE_CURVE('',#4296,#2414,#6362,.T.);
#6362 = SURFACE_CURVE('',#6363,(#6367,#6374),.PCURVE_S1.);
#6363 = LINE('',#6364,#6365);
#6364 = CARTESIAN_POINT('',(0.375,-0.375,0.));
#6365 = VECTOR('',#6366,1.);
#6366 = DIRECTION('',(0.,0.,1.));
#6367 = PCURVE('',#2429,#6368);
#6368 = DEFINITIONAL_REPRESENTATION('',(#6369),#6373);
#6369 = LINE('',#6370,#6371);
#6370 = CARTESIAN_POINT('',(0.75,0.));
#6371 = VECTOR('',#6372,1.);
#6372 = DIRECTION('',(0.,-1.));
#6373 = ( GEOMETRIC_REPRESENTATION_CONTEXT(2) 
PARAMETRIC_REPRESENTATION_CONTEXT() REPRESENTATION_CONTEXT('2D SPACE',''
  ) );
#6374 = PCURVE('',#2511,#6375);
#6375 = DEFINITIONAL_REPRESENTATION('',(#6376),#6380);
#6376 = LINE('',#6377,#6378);
#6377 = CARTESIAN_POINT('',(0.,0.));
#6378 = VECTOR('',#6379,1.);
#6379 = DIRECTION('',(0.,-1.));
#6380 = ( GEOMETRIC_REPRESENTATION_CONTEXT(2) 
PARAMETRIC_REPRESENTATION_CONTEXT() REPRESENTATION_CONTEXT('2D SPACE',''
  ) );
#6381 = ORIENTED_EDGE('',*,*,#4293,.F.);
#6382 = ADVANCED_FACE('',(#6383),#2457,.T.);
#6383 = FACE_BOUND('',#6384,.T.);
#6384 = EDGE_LOOP('',(#6385,#6406,#6407,#6408));
#6385 = ORIENTED_EDGE('',*,*,#6386,.T.);
#6386 = EDGE_CURVE('',#4319,#2442,#6387,.T.);
#6387 = SURFACE_CURVE('',#6388,(#6392,#6399),.PCURVE_S1.);
#6388 = LINE('',#6389,#6390);
#6389 = CARTESIAN_POINT('',(-0.375,0.375,0.));
#6390 = VECTOR('',#6391,1.);
#6391 = DIRECTION('',(0.,0.,1.));
#6392 = PCURVE('',#2457,#6393);
#6393 = DEFINITIONAL_REPRESENTATION('',(#6394),#6398);
#6394 = LINE('',#6395,#6396);
#6395 = CARTESIAN_POINT('',(0.,0.));
#6396 = VECTOR('',#6397,1.);
#6397 = DIRECTION('',(0.,-1.));
#6398 = ( GEOMETRIC_REPRESENTATION_CONTEXT(2) 
PARAMETRIC_REPRESENTATION_CONTEXT() REPRESENTATION_CONTEXT('2D SPACE',''
  ) );
#6399 = PCURVE('',#2485,#6400);
#6400 = DEFINITIONAL_REPRESENTATION('',(#6401),#6405);
#6401 = LINE('',#6402,#6403);
#6402 = CARTESIAN_POINT('',(0.75,0.));
#6403 = VECTOR('',#6404,1.);
#6404 = DIRECTION('',(0.,-1.));
#6405 = ( GEOMETRIC_REPRESENTATION_CONTEXT(2) 
PARAMETRIC_REPRESENTATION_CONTEXT() REPRESENTATION_CONTEXT('2D SPACE',''
  ) );
#6406 = ORIENTED_EDGE('',*,*,#2441,.T.);
#6407 = ORIENTED_EDGE('',*,*,#6339,.F.);
#6408 = ORIENTED_EDGE('',*,*,#4318,.F.);
#6409 = ADVANCED_FACE('',(#6410),#2511,.T.);
#6410 = FACE_BOUND('',#6411,.T.);
#6411 = EDGE_LOOP('',(#6412,#6413,#6414,#6435));
#6412 = ORIENTED_EDGE('',*,*,#6361,.T.);
#6413 = ORIENTED_EDGE('',*,*,#2497,.T.);
#6414 = ORIENTED_EDGE('',*,*,#6415,.F.);
#6415 = EDGE_CURVE('',#4342,#2470,#6416,.T.);
#6416 = SURFACE_CURVE('',#6417,(#6421,#6428),.PCURVE_S1.);
#6417 = LINE('',#6418,#6419);
#6418 = CARTESIAN_POINT('',(0.375,0.375,0.));
#6419 = VECTOR('',#6420,1.);
#6420 = DIRECTION('',(0.,0.,1.));
#6421 = PCURVE('',#2511,#6422);
#6422 = DEFINITIONAL_REPRESENTATION('',(#6423),#6427);
#6423 = LINE('',#6424,#6425);
#6424 = CARTESIAN_POINT('',(0.75,0.));
#6425 = VECTOR('',#6426,1.);
#6426 = DIRECTION('',(0.,-1.));
#6427 = ( GEOMETRIC_REPRESENTATION_CONTEXT(2) 
PARAMETRIC_REPRESENTATION_CONTEXT() REPRESENTATION_CONTEXT('2D SPACE',''
  ) );
#6428 = PCURVE('',#2485,#6429);
#6429 = DEFINITIONAL_REPRESENTATION('',(#6430),#6434);
#6430 = LINE('',#6431,#6432);
#6431 = CARTESIAN_POINT('',(0.,-0.));
#6432 = VECTOR('',#6433,1.);
#6433 = DIRECTION('',(0.,-1.));
#6434 = ( GEOMETRIC_REPRESENTATION_CONTEXT(2) 
PARAMETRIC_REPRESENTATION_CONTEXT() REPRESENTATION_CONTEXT('2D SPACE',''
  ) );
#6435 = ORIENTED_EDGE('',*,*,#4364,.F.);
#6436 = ADVANCED_FACE('',(#6437),#2485,.T.);
#6437 = FACE_BOUND('',#6438,.T.);
#6438 = EDGE_LOOP('',(#6439,#6440,#6441,#6442));
#6439 = ORIENTED_EDGE('',*,*,#6415,.T.);
#6440 = ORIENTED_EDGE('',*,*,#2469,.T.);
#6441 = ORIENTED_EDGE('',*,*,#6386,.F.);
#6442 = ORIENTED_EDGE('',*,*,#4341,.F.);
#6443 = ( GEOMETRIC_REPRESENTATION_CONTEXT(3) 
GLOBAL_UNCERTAINTY_ASSIGNED_CONTEXT((#6447)) 
GLOBAL_UNIT_ASSIGNED_CONTEXT((#6444,#6445,#6446)) REPRESENTATION_CONTEXT
('Context #1','3D Context with UNIT and UNCERTAINTY') );
#6444 = ( LENGTH_UNIT() NAMED_UNIT(*) SI_UNIT(.MILLI.,.METRE.) );
#6445 = ( NAMED_UNIT(*) PLANE_ANGLE_UNIT() SI_UNIT($,.RADIAN.) );
#6446 = ( NAMED_UNIT(*) SI_UNIT($,.STERADIAN.) SOLID_ANGLE_UNIT() );
#6447 = UNCERTAINTY_MEASURE_WITH_UNIT(LENGTH_MEASURE(1.E-07),#6444,
  'distance_accuracy_value','confusion accuracy');
#6448 = CONTEXT_DEPENDENT_SHAPE_REPRESENTATION(#6449,#6451);
#6449 = ( REPRESENTATION_RELATIONSHIP('','',#108,#10) 
REPRESENTATION_RELATIONSHIP_WITH_TRANSFORMATION(#6450) 
SHAPE_REPRESENTATION_RELATIONSHIP() );
#6450 = ITEM_DEFINED_TRANSFORMATION('','',#11,#15);
#6451 = PRODUCT_DEFINITION_SHAPE('Placement','Placement of an item',
  #6452);
#6452 = NEXT_ASSEMBLY_USAGE_OCCURRENCE('1','nominal_socket_body','',#5,
  #103,$);
#6453 = PRODUCT_RELATED_PRODUCT_CATEGORY('part',$,(#105));
#6454 = SHAPE_DEFINITION_REPRESENTATION(#6455,#6461);
#6455 = PRODUCT_DEFINITION_SHAPE('','',#6456);
#6456 = PRODUCT_DEFINITION('design','',#6457,#6460);
#6457 = PRODUCT_DEFINITION_FORMATION('','',#6458);
#6458 = PRODUCT('tail_1','tail_1','',(#6459));
#6459 = PRODUCT_CONTEXT('',#2,'mechanical');
#6460 = PRODUCT_DEFINITION_CONTEXT('part definition',#2,'design');
#6461 = ADVANCED_BREP_SHAPE_REPRESENTATION('',(#11,#6462),#6792);
#6462 = MANIFOLD_SOLID_BREP('',#6463);
#6463 = CLOSED_SHELL('',(#6464,#6584,#6660,#6731,#6778,#6785));
#6464 = ADVANCED_FACE('',(#6465),#6479,.T.);
#6465 = FACE_BOUND('',#6466,.T.);
#6466 = EDGE_LOOP('',(#6467,#6502,#6530,#6558));
#6467 = ORIENTED_EDGE('',*,*,#6468,.T.);
#6468 = EDGE_CURVE('',#6469,#6471,#6473,.T.);
#6469 = VERTEX_POINT('',#6470);
#6470 = CARTESIAN_POINT('',(-0.32,-0.32,0.));
#6471 = VERTEX_POINT('',#6472);
#6472 = CARTESIAN_POINT('',(-0.32,-0.32,-2.64));
#6473 = SURFACE_CURVE('',#6474,(#6478,#6490),.PCURVE_S1.);
#6474 = LINE('',#6475,#6476);
#6475 = CARTESIAN_POINT('',(-0.32,-0.32,0.));
#6476 = VECTOR('',#6477,1.);
#6477 = DIRECTION('',(-0.,-0.,-1.));
#6478 = PCURVE('',#6479,#6484);
#6479 = PLANE('',#6480);
#6480 = AXIS2_PLACEMENT_3D('',#6481,#6482,#6483);
#6481 = CARTESIAN_POINT('',(-0.32,-0.32,0.));
#6482 = DIRECTION('',(0.,-1.,0.));
#6483 = DIRECTION('',(1.,0.,0.));
#6484 = DEFINITIONAL_REPRESENTATION('',(#6485),#6489);
#6485 = LINE('',#6486,#6487);
#6486 = CARTESIAN_POINT('',(0.,0.));
#6487 = VECTOR('',#6488,1.);
#6488 = DIRECTION('',(0.,-1.));
#6489 = ( GEOMETRIC_REPRESENTATION_CONTEXT(2) 
PARAMETRIC_REPRESENTATION_CONTEXT() REPRESENTATION_CONTEXT('2D SPACE',''
  ) );
#6490 = PCURVE('',#6491,#6496);
#6491 = PLANE('',#6492);
#6492 = AXIS2_PLACEMENT_3D('',#6493,#6494,#6495);
#6493 = CARTESIAN_POINT('',(-0.32,0.32,0.));
#6494 = DIRECTION('',(-1.,0.,0.));
#6495 = DIRECTION('',(0.,-1.,0.));
#6496 = DEFINITIONAL_REPRESENTATION('',(#6497),#6501);
#6497 = LINE('',#6498,#6499);
#6498 = CARTESIAN_POINT('',(0.64,0.));
#6499 = VECTOR('',#6500,1.);
#6500 = DIRECTION('',(0.,-1.));
#6501 = ( GEOMETRIC_REPRESENTATION_CONTEXT(2) 
PARAMETRIC_REPRESENTATION_CONTEXT() REPRESENTATION_CONTEXT('2D SPACE',''
  ) );
#6502 = ORIENTED_EDGE('',*,*,#6503,.T.);
#6503 = EDGE_CURVE('',#6471,#6504,#6506,.T.);
#6504 = VERTEX_POINT('',#6505);
#6505 = CARTESIAN_POINT('',(0.32,-0.32,-2.64));
#6506 = SURFACE_CURVE('',#6507,(#6511,#6518),.PCURVE_S1.);
#6507 = LINE('',#6508,#6509);
#6508 = CARTESIAN_POINT('',(-0.32,-0.32,-2.64));
#6509 = VECTOR('',#6510,1.);
#6510 = DIRECTION('',(1.,0.,0.));
#6511 = PCURVE('',#6479,#6512);
#6512 = DEFINITIONAL_REPRESENTATION('',(#6513),#6517);
#6513 = LINE('',#6514,#6515);
#6514 = CARTESIAN_POINT('',(0.,-2.64));
#6515 = VECTOR('',#6516,1.);
#6516 = DIRECTION('',(1.,0.));
#6517 = ( GEOMETRIC_REPRESENTATION_CONTEXT(2) 
PARAMETRIC_REPRESENTATION_CONTEXT() REPRESENTATION_CONTEXT('2D SPACE',''
  ) );
#6518 = PCURVE('',#6519,#6524);
#6519 = PLANE('',#6520);
#6520 = AXIS2_PLACEMENT_3D('',#6521,#6522,#6523);
#6521 = CARTESIAN_POINT('',(1.084202172486E-17,-1.084202172486E-17,-2.64
    ));
#6522 = DIRECTION('',(0.,0.,1.));
#6523 = DIRECTION('',(1.,0.,-0.));
#6524 = DEFINITIONAL_REPRESENTATION('',(#6525),#6529);
#6525 = LINE('',#6526,#6527);
#6526 = CARTESIAN_POINT('',(-0.32,-0.32));
#6527 = VECTOR('',#6528,1.);
#6528 = DIRECTION('',(1.,0.));
#6529 = ( GEOMETRIC_REPRESENTATION_CONTEXT(2) 
PARAMETRIC_REPRESENTATION_CONTEXT() REPRESENTATION_CONTEXT('2D SPACE',''
  ) );
#6530 = ORIENTED_EDGE('',*,*,#6531,.F.);
#6531 = EDGE_CURVE('',#6532,#6504,#6534,.T.);
#6532 = VERTEX_POINT('',#6533);
#6533 = CARTESIAN_POINT('',(0.32,-0.32,0.));
#6534 = SURFACE_CURVE('',#6535,(#6539,#6546),.PCURVE_S1.);
#6535 = LINE('',#6536,#6537);
#6536 = CARTESIAN_POINT('',(0.32,-0.32,0.));
#6537 = VECTOR('',#6538,1.);
#6538 = DIRECTION('',(-0.,-0.,-1.));
#6539 = PCURVE('',#6479,#6540);
#6540 = DEFINITIONAL_REPRESENTATION('',(#6541),#6545);
#6541 = LINE('',#6542,#6543);
#6542 = CARTESIAN_POINT('',(0.64,0.));
#6543 = VECTOR('',#6544,1.);
#6544 = DIRECTION('',(0.,-1.));
#6545 = ( GEOMETRIC_REPRESENTATION_CONTEXT(2) 
PARAMETRIC_REPRESENTATION_CONTEXT() REPRESENTATION_CONTEXT('2D SPACE',''
  ) );
#6546 = PCURVE('',#6547,#6552);
#6547 = PLANE('',#6548);
#6548 = AXIS2_PLACEMENT_3D('',#6549,#6550,#6551);
#6549 = CARTESIAN_POINT('',(0.32,-0.32,0.));
#6550 = DIRECTION('',(1.,0.,0.));
#6551 = DIRECTION('',(-0.,1.,0.));
#6552 = DEFINITIONAL_REPRESENTATION('',(#6553),#6557);
#6553 = LINE('',#6554,#6555);
#6554 = CARTESIAN_POINT('',(0.,0.));
#6555 = VECTOR('',#6556,1.);
#6556 = DIRECTION('',(0.,-1.));
#6557 = ( GEOMETRIC_REPRESENTATION_CONTEXT(2) 
PARAMETRIC_REPRESENTATION_CONTEXT() REPRESENTATION_CONTEXT('2D SPACE',''
  ) );
#6558 = ORIENTED_EDGE('',*,*,#6559,.F.);
#6559 = EDGE_CURVE('',#6469,#6532,#6560,.T.);
#6560 = SURFACE_CURVE('',#6561,(#6565,#6572),.PCURVE_S1.);
#6561 = LINE('',#6562,#6563);
#6562 = CARTESIAN_POINT('',(-0.32,-0.32,0.));
#6563 = VECTOR('',#6564,1.);
#6564 = DIRECTION('',(1.,0.,0.));
#6565 = PCURVE('',#6479,#6566);
#6566 = DEFINITIONAL_REPRESENTATION('',(#6567),#6571);
#6567 = LINE('',#6568,#6569);
#6568 = CARTESIAN_POINT('',(0.,0.));
#6569 = VECTOR('',#6570,1.);
#6570 = DIRECTION('',(1.,0.));
#6571 = ( GEOMETRIC_REPRESENTATION_CONTEXT(2) 
PARAMETRIC_REPRESENTATION_CONTEXT() REPRESENTATION_CONTEXT('2D SPACE',''
  ) );
#6572 = PCURVE('',#6573,#6578);
#6573 = PLANE('',#6574);
#6574 = AXIS2_PLACEMENT_3D('',#6575,#6576,#6577);
#6575 = CARTESIAN_POINT('',(1.084202172486E-17,-1.084202172486E-17,0.));
#6576 = DIRECTION('',(0.,0.,1.));
#6577 = DIRECTION('',(1.,0.,-0.));
#6578 = DEFINITIONAL_REPRESENTATION('',(#6579),#6583);
#6579 = LINE('',#6580,#6581);
#6580 = CARTESIAN_POINT('',(-0.32,-0.32));
#6581 = VECTOR('',#6582,1.);
#6582 = DIRECTION('',(1.,0.));
#6583 = ( GEOMETRIC_REPRESENTATION_CONTEXT(2) 
PARAMETRIC_REPRESENTATION_CONTEXT() REPRESENTATION_CONTEXT('2D SPACE',''
  ) );
#6584 = ADVANCED_FACE('',(#6585),#6547,.T.);
#6585 = FACE_BOUND('',#6586,.T.);
#6586 = EDGE_LOOP('',(#6587,#6588,#6611,#6639));
#6587 = ORIENTED_EDGE('',*,*,#6531,.T.);
#6588 = ORIENTED_EDGE('',*,*,#6589,.T.);
#6589 = EDGE_CURVE('',#6504,#6590,#6592,.T.);
#6590 = VERTEX_POINT('',#6591);
#6591 = CARTESIAN_POINT('',(0.32,0.32,-2.64));
#6592 = SURFACE_CURVE('',#6593,(#6597,#6604),.PCURVE_S1.);
#6593 = LINE('',#6594,#6595);
#6594 = CARTESIAN_POINT('',(0.32,-0.32,-2.64));
#6595 = VECTOR('',#6596,1.);
#6596 = DIRECTION('',(0.,1.,0.));
#6597 = PCURVE('',#6547,#6598);
#6598 = DEFINITIONAL_REPRESENTATION('',(#6599),#6603);
#6599 = LINE('',#6600,#6601);
#6600 = CARTESIAN_POINT('',(0.,-2.64));
#6601 = VECTOR('',#6602,1.);
#6602 = DIRECTION('',(1.,0.));
#6603 = ( GEOMETRIC_REPRESENTATION_CONTEXT(2) 
PARAMETRIC_REPRESENTATION_CONTEXT() REPRESENTATION_CONTEXT('2D SPACE',''
  ) );
#6604 = PCURVE('',#6519,#6605);
#6605 = DEFINITIONAL_REPRESENTATION('',(#6606),#6610);
#6606 = LINE('',#6607,#6608);
#6607 = CARTESIAN_POINT('',(0.32,-0.32));
#6608 = VECTOR('',#6609,1.);
#6609 = DIRECTION('',(0.,1.));
#6610 = ( GEOMETRIC_REPRESENTATION_CONTEXT(2) 
PARAMETRIC_REPRESENTATION_CONTEXT() REPRESENTATION_CONTEXT('2D SPACE',''
  ) );
#6611 = ORIENTED_EDGE('',*,*,#6612,.F.);
#6612 = EDGE_CURVE('',#6613,#6590,#6615,.T.);
#6613 = VERTEX_POINT('',#6614);
#6614 = CARTESIAN_POINT('',(0.32,0.32,0.));
#6615 = SURFACE_CURVE('',#6616,(#6620,#6627),.PCURVE_S1.);
#6616 = LINE('',#6617,#6618);
#6617 = CARTESIAN_POINT('',(0.32,0.32,0.));
#6618 = VECTOR('',#6619,1.);
#6619 = DIRECTION('',(-0.,-0.,-1.));
#6620 = PCURVE('',#6547,#6621);
#6621 = DEFINITIONAL_REPRESENTATION('',(#6622),#6626);
#6622 = LINE('',#6623,#6624);
#6623 = CARTESIAN_POINT('',(0.64,0.));
#6624 = VECTOR('',#6625,1.);
#6625 = DIRECTION('',(0.,-1.));
#6626 = ( GEOMETRIC_REPRESENTATION_CONTEXT(2) 
PARAMETRIC_REPRESENTATION_CONTEXT() REPRESENTATION_CONTEXT('2D SPACE',''
  ) );
#6627 = PCURVE('',#6628,#6633);
#6628 = PLANE('',#6629);
#6629 = AXIS2_PLACEMENT_3D('',#6630,#6631,#6632);
#6630 = CARTESIAN_POINT('',(0.32,0.32,0.));
#6631 = DIRECTION('',(0.,1.,-0.));
#6632 = DIRECTION('',(-1.,0.,0.));
#6633 = DEFINITIONAL_REPRESENTATION('',(#6634),#6638);
#6634 = LINE('',#6635,#6636);
#6635 = CARTESIAN_POINT('',(0.,0.));
#6636 = VECTOR('',#6637,1.);
#6637 = DIRECTION('',(0.,-1.));
#6638 = ( GEOMETRIC_REPRESENTATION_CONTEXT(2) 
PARAMETRIC_REPRESENTATION_CONTEXT() REPRESENTATION_CONTEXT('2D SPACE',''
  ) );
#6639 = ORIENTED_EDGE('',*,*,#6640,.F.);
#6640 = EDGE_CURVE('',#6532,#6613,#6641,.T.);
#6641 = SURFACE_CURVE('',#6642,(#6646,#6653),.PCURVE_S1.);
#6642 = LINE('',#6643,#6644);
#6643 = CARTESIAN_POINT('',(0.32,-0.32,0.));
#6644 = VECTOR('',#6645,1.);
#6645 = DIRECTION('',(0.,1.,0.));
#6646 = PCURVE('',#6547,#6647);
#6647 = DEFINITIONAL_REPRESENTATION('',(#6648),#6652);
#6648 = LINE('',#6649,#6650);
#6649 = CARTESIAN_POINT('',(0.,0.));
#6650 = VECTOR('',#6651,1.);
#6651 = DIRECTION('',(1.,0.));
#6652 = ( GEOMETRIC_REPRESENTATION_CONTEXT(2) 
PARAMETRIC_REPRESENTATION_CONTEXT() REPRESENTATION_CONTEXT('2D SPACE',''
  ) );
#6653 = PCURVE('',#6573,#6654);
#6654 = DEFINITIONAL_REPRESENTATION('',(#6655),#6659);
#6655 = LINE('',#6656,#6657);
#6656 = CARTESIAN_POINT('',(0.32,-0.32));
#6657 = VECTOR('',#6658,1.);
#6658 = DIRECTION('',(0.,1.));
#6659 = ( GEOMETRIC_REPRESENTATION_CONTEXT(2) 
PARAMETRIC_REPRESENTATION_CONTEXT() REPRESENTATION_CONTEXT('2D SPACE',''
  ) );
#6660 = ADVANCED_FACE('',(#6661),#6628,.T.);
#6661 = FACE_BOUND('',#6662,.T.);
#6662 = EDGE_LOOP('',(#6663,#6664,#6687,#6710));
#6663 = ORIENTED_EDGE('',*,*,#6612,.T.);
#6664 = ORIENTED_EDGE('',*,*,#6665,.T.);
#6665 = EDGE_CURVE('',#6590,#6666,#6668,.T.);
#6666 = VERTEX_POINT('',#6667);
#6667 = CARTESIAN_POINT('',(-0.32,0.32,-2.64));
#6668 = SURFACE_CURVE('',#6669,(#6673,#6680),.PCURVE_S1.);
#6669 = LINE('',#6670,#6671);
#6670 = CARTESIAN_POINT('',(0.32,0.32,-2.64));
#6671 = VECTOR('',#6672,1.);
#6672 = DIRECTION('',(-1.,0.,0.));
#6673 = PCURVE('',#6628,#6674);
#6674 = DEFINITIONAL_REPRESENTATION('',(#6675),#6679);
#6675 = LINE('',#6676,#6677);
#6676 = CARTESIAN_POINT('',(0.,-2.64));
#6677 = VECTOR('',#6678,1.);
#6678 = DIRECTION('',(1.,0.));
#6679 = ( GEOMETRIC_REPRESENTATION_CONTEXT(2) 
PARAMETRIC_REPRESENTATION_CONTEXT() REPRESENTATION_CONTEXT('2D SPACE',''
  ) );
#6680 = PCURVE('',#6519,#6681);
#6681 = DEFINITIONAL_REPRESENTATION('',(#6682),#6686);
#6682 = LINE('',#6683,#6684);
#6683 = CARTESIAN_POINT('',(0.32,0.32));
#6684 = VECTOR('',#6685,1.);
#6685 = DIRECTION('',(-1.,0.));
#6686 = ( GEOMETRIC_REPRESENTATION_CONTEXT(2) 
PARAMETRIC_REPRESENTATION_CONTEXT() REPRESENTATION_CONTEXT('2D SPACE',''
  ) );
#6687 = ORIENTED_EDGE('',*,*,#6688,.F.);
#6688 = EDGE_CURVE('',#6689,#6666,#6691,.T.);
#6689 = VERTEX_POINT('',#6690);
#6690 = CARTESIAN_POINT('',(-0.32,0.32,0.));
#6691 = SURFACE_CURVE('',#6692,(#6696,#6703),.PCURVE_S1.);
#6692 = LINE('',#6693,#6694);
#6693 = CARTESIAN_POINT('',(-0.32,0.32,0.));
#6694 = VECTOR('',#6695,1.);
#6695 = DIRECTION('',(-0.,-0.,-1.));
#6696 = PCURVE('',#6628,#6697);
#6697 = DEFINITIONAL_REPRESENTATION('',(#6698),#6702);
#6698 = LINE('',#6699,#6700);
#6699 = CARTESIAN_POINT('',(0.64,0.));
#6700 = VECTOR('',#6701,1.);
#6701 = DIRECTION('',(0.,-1.));
#6702 = ( GEOMETRIC_REPRESENTATION_CONTEXT(2) 
PARAMETRIC_REPRESENTATION_CONTEXT() REPRESENTATION_CONTEXT('2D SPACE',''
  ) );
#6703 = PCURVE('',#6491,#6704);
#6704 = DEFINITIONAL_REPRESENTATION('',(#6705),#6709);
#6705 = LINE('',#6706,#6707);
#6706 = CARTESIAN_POINT('',(0.,0.));
#6707 = VECTOR('',#6708,1.);
#6708 = DIRECTION('',(0.,-1.));
#6709 = ( GEOMETRIC_REPRESENTATION_CONTEXT(2) 
PARAMETRIC_REPRESENTATION_CONTEXT() REPRESENTATION_CONTEXT('2D SPACE',''
  ) );
#6710 = ORIENTED_EDGE('',*,*,#6711,.F.);
#6711 = EDGE_CURVE('',#6613,#6689,#6712,.T.);
#6712 = SURFACE_CURVE('',#6713,(#6717,#6724),.PCURVE_S1.);
#6713 = LINE('',#6714,#6715);
#6714 = CARTESIAN_POINT('',(0.32,0.32,0.));
#6715 = VECTOR('',#6716,1.);
#6716 = DIRECTION('',(-1.,0.,0.));
#6717 = PCURVE('',#6628,#6718);
#6718 = DEFINITIONAL_REPRESENTATION('',(#6719),#6723);
#6719 = LINE('',#6720,#6721);
#6720 = CARTESIAN_POINT('',(0.,0.));
#6721 = VECTOR('',#6722,1.);
#6722 = DIRECTION('',(1.,0.));
#6723 = ( GEOMETRIC_REPRESENTATION_CONTEXT(2) 
PARAMETRIC_REPRESENTATION_CONTEXT() REPRESENTATION_CONTEXT('2D SPACE',''
  ) );
#6724 = PCURVE('',#6573,#6725);
#6725 = DEFINITIONAL_REPRESENTATION('',(#6726),#6730);
#6726 = LINE('',#6727,#6728);
#6727 = CARTESIAN_POINT('',(0.32,0.32));
#6728 = VECTOR('',#6729,1.);
#6729 = DIRECTION('',(-1.,0.));
#6730 = ( GEOMETRIC_REPRESENTATION_CONTEXT(2) 
PARAMETRIC_REPRESENTATION_CONTEXT() REPRESENTATION_CONTEXT('2D SPACE',''
  ) );
#6731 = ADVANCED_FACE('',(#6732),#6491,.T.);
#6732 = FACE_BOUND('',#6733,.T.);
#6733 = EDGE_LOOP('',(#6734,#6735,#6756,#6757));
#6734 = ORIENTED_EDGE('',*,*,#6688,.T.);
#6735 = ORIENTED_EDGE('',*,*,#6736,.T.);
#6736 = EDGE_CURVE('',#6666,#6471,#6737,.T.);
#6737 = SURFACE_CURVE('',#6738,(#6742,#6749),.PCURVE_S1.);
#6738 = LINE('',#6739,#6740);
#6739 = CARTESIAN_POINT('',(-0.32,0.32,-2.64));
#6740 = VECTOR('',#6741,1.);
#6741 = DIRECTION('',(0.,-1.,0.));
#6742 = PCURVE('',#6491,#6743);
#6743 = DEFINITIONAL_REPRESENTATION('',(#6744),#6748);
#6744 = LINE('',#6745,#6746);
#6745 = CARTESIAN_POINT('',(0.,-2.64));
#6746 = VECTOR('',#6747,1.);
#6747 = DIRECTION('',(1.,0.));
#6748 = ( GEOMETRIC_REPRESENTATION_CONTEXT(2) 
PARAMETRIC_REPRESENTATION_CONTEXT() REPRESENTATION_CONTEXT('2D SPACE',''
  ) );
#6749 = PCURVE('',#6519,#6750);
#6750 = DEFINITIONAL_REPRESENTATION('',(#6751),#6755);
#6751 = LINE('',#6752,#6753);
#6752 = CARTESIAN_POINT('',(-0.32,0.32));
#6753 = VECTOR('',#6754,1.);
#6754 = DIRECTION('',(0.,-1.));
#6755 = ( GEOMETRIC_REPRESENTATION_CONTEXT(2) 
PARAMETRIC_REPRESENTATION_CONTEXT() REPRESENTATION_CONTEXT('2D SPACE',''
  ) );
#6756 = ORIENTED_EDGE('',*,*,#6468,.F.);
#6757 = ORIENTED_EDGE('',*,*,#6758,.F.);
#6758 = EDGE_CURVE('',#6689,#6469,#6759,.T.);
#6759 = SURFACE_CURVE('',#6760,(#6764,#6771),.PCURVE_S1.);
#6760 = LINE('',#6761,#6762);
#6761 = CARTESIAN_POINT('',(-0.32,0.32,0.));
#6762 = VECTOR('',#6763,1.);
#6763 = DIRECTION('',(0.,-1.,0.));
#6764 = PCURVE('',#6491,#6765);
#6765 = DEFINITIONAL_REPRESENTATION('',(#6766),#6770);
#6766 = LINE('',#6767,#6768);
#6767 = CARTESIAN_POINT('',(0.,0.));
#6768 = VECTOR('',#6769,1.);
#6769 = DIRECTION('',(1.,0.));
#6770 = ( GEOMETRIC_REPRESENTATION_CONTEXT(2) 
PARAMETRIC_REPRESENTATION_CONTEXT() REPRESENTATION_CONTEXT('2D SPACE',''
  ) );
#6771 = PCURVE('',#6573,#6772);
#6772 = DEFINITIONAL_REPRESENTATION('',(#6773),#6777);
#6773 = LINE('',#6774,#6775);
#6774 = CARTESIAN_POINT('',(-0.32,0.32));
#6775 = VECTOR('',#6776,1.);
#6776 = DIRECTION('',(0.,-1.));
#6777 = ( GEOMETRIC_REPRESENTATION_CONTEXT(2) 
PARAMETRIC_REPRESENTATION_CONTEXT() REPRESENTATION_CONTEXT('2D SPACE',''
  ) );
#6778 = ADVANCED_FACE('',(#6779),#6573,.T.);
#6779 = FACE_BOUND('',#6780,.T.);
#6780 = EDGE_LOOP('',(#6781,#6782,#6783,#6784));
#6781 = ORIENTED_EDGE('',*,*,#6559,.T.);
#6782 = ORIENTED_EDGE('',*,*,#6640,.T.);
#6783 = ORIENTED_EDGE('',*,*,#6711,.T.);
#6784 = ORIENTED_EDGE('',*,*,#6758,.T.);
#6785 = ADVANCED_FACE('',(#6786),#6519,.F.);
#6786 = FACE_BOUND('',#6787,.F.);
#6787 = EDGE_LOOP('',(#6788,#6789,#6790,#6791));
#6788 = ORIENTED_EDGE('',*,*,#6503,.T.);
#6789 = ORIENTED_EDGE('',*,*,#6589,.T.);
#6790 = ORIENTED_EDGE('',*,*,#6665,.T.);
#6791 = ORIENTED_EDGE('',*,*,#6736,.T.);
#6792 = ( GEOMETRIC_REPRESENTATION_CONTEXT(3) 
GLOBAL_UNCERTAINTY_ASSIGNED_CONTEXT((#6796)) 
GLOBAL_UNIT_ASSIGNED_CONTEXT((#6793,#6794,#6795)) REPRESENTATION_CONTEXT
('Context #1','3D Context with UNIT and UNCERTAINTY') );
#6793 = ( LENGTH_UNIT() NAMED_UNIT(*) SI_UNIT(.MILLI.,.METRE.) );
#6794 = ( NAMED_UNIT(*) PLANE_ANGLE_UNIT() SI_UNIT($,.RADIAN.) );
#6795 = ( NAMED_UNIT(*) SI_UNIT($,.STERADIAN.) SOLID_ANGLE_UNIT() );
#6796 = UNCERTAINTY_MEASURE_WITH_UNIT(LENGTH_MEASURE(1.E-07),#6793,
  'distance_accuracy_value','confusion accuracy');
#6797 = CONTEXT_DEPENDENT_SHAPE_REPRESENTATION(#6798,#6800);
#6798 = ( REPRESENTATION_RELATIONSHIP('','',#6461,#10) 
REPRESENTATION_RELATIONSHIP_WITH_TRANSFORMATION(#6799) 
SHAPE_REPRESENTATION_RELATIONSHIP() );
#6799 = ITEM_DEFINED_TRANSFORMATION('','',#11,#19);
#6800 = PRODUCT_DEFINITION_SHAPE('Placement','Placement of an item',
  #6801);
#6801 = NEXT_ASSEMBLY_USAGE_OCCURRENCE('2','tail_1','',#5,#6456,$);
#6802 = PRODUCT_RELATED_PRODUCT_CATEGORY('part',$,(#6458));
#6803 = SHAPE_DEFINITION_REPRESENTATION(#6804,#6810);
#6804 = PRODUCT_DEFINITION_SHAPE('','',#6805);
#6805 = PRODUCT_DEFINITION('design','',#6806,#6809);
#6806 = PRODUCT_DEFINITION_FORMATION('','',#6807);
#6807 = PRODUCT('tail_2','tail_2','',(#6808));
#6808 = PRODUCT_CONTEXT('',#2,'mechanical');
#6809 = PRODUCT_DEFINITION_CONTEXT('part definition',#2,'design');
#6810 = ADVANCED_BREP_SHAPE_REPRESENTATION('',(#11,#6811),#7141);
#6811 = MANIFOLD_SOLID_BREP('',#6812);
#6812 = CLOSED_SHELL('',(#6813,#6933,#7009,#7080,#7127,#7134));
#6813 = ADVANCED_FACE('',(#6814),#6828,.T.);
#6814 = FACE_BOUND('',#6815,.T.);
#6815 = EDGE_LOOP('',(#6816,#6851,#6879,#6907));
#6816 = ORIENTED_EDGE('',*,*,#6817,.T.);
#6817 = EDGE_CURVE('',#6818,#6820,#6822,.T.);
#6818 = VERTEX_POINT('',#6819);
#6819 = CARTESIAN_POINT('',(-0.32,-2.86,0.));
#6820 = VERTEX_POINT('',#6821);
#6821 = CARTESIAN_POINT('',(-0.32,-2.86,-2.64));
#6822 = SURFACE_CURVE('',#6823,(#6827,#6839),.PCURVE_S1.);
#6823 = LINE('',#6824,#6825);
#6824 = CARTESIAN_POINT('',(-0.32,-2.86,0.));
#6825 = VECTOR('',#6826,1.);
#6826 = DIRECTION('',(-0.,-0.,-1.));
#6827 = PCURVE('',#6828,#6833);
#6828 = PLANE('',#6829);
#6829 = AXIS2_PLACEMENT_3D('',#6830,#6831,#6832);
#6830 = CARTESIAN_POINT('',(-0.32,-2.86,0.));
#6831 = DIRECTION('',(0.,-1.,0.));
#6832 = DIRECTION('',(1.,0.,0.));
#6833 = DEFINITIONAL_REPRESENTATION('',(#6834),#6838);
#6834 = LINE('',#6835,#6836);
#6835 = CARTESIAN_POINT('',(0.,0.));
#6836 = VECTOR('',#6837,1.);
#6837 = DIRECTION('',(0.,-1.));
#6838 = ( GEOMETRIC_REPRESENTATION_CONTEXT(2) 
PARAMETRIC_REPRESENTATION_CONTEXT() REPRESENTATION_CONTEXT('2D SPACE',''
  ) );
#6839 = PCURVE('',#6840,#6845);
#6840 = PLANE('',#6841);
#6841 = AXIS2_PLACEMENT_3D('',#6842,#6843,#6844);
#6842 = CARTESIAN_POINT('',(-0.32,-2.22,0.));
#6843 = DIRECTION('',(-1.,0.,0.));
#6844 = DIRECTION('',(0.,-1.,0.));
#6845 = DEFINITIONAL_REPRESENTATION('',(#6846),#6850);
#6846 = LINE('',#6847,#6848);
#6847 = CARTESIAN_POINT('',(0.64,0.));
#6848 = VECTOR('',#6849,1.);
#6849 = DIRECTION('',(0.,-1.));
#6850 = ( GEOMETRIC_REPRESENTATION_CONTEXT(2) 
PARAMETRIC_REPRESENTATION_CONTEXT() REPRESENTATION_CONTEXT('2D SPACE',''
  ) );
#6851 = ORIENTED_EDGE('',*,*,#6852,.T.);
#6852 = EDGE_CURVE('',#6820,#6853,#6855,.T.);
#6853 = VERTEX_POINT('',#6854);
#6854 = CARTESIAN_POINT('',(0.32,-2.86,-2.64));
#6855 = SURFACE_CURVE('',#6856,(#6860,#6867),.PCURVE_S1.);
#6856 = LINE('',#6857,#6858);
#6857 = CARTESIAN_POINT('',(-0.32,-2.86,-2.64));
#6858 = VECTOR('',#6859,1.);
#6859 = DIRECTION('',(1.,0.,0.));
#6860 = PCURVE('',#6828,#6861);
#6861 = DEFINITIONAL_REPRESENTATION('',(#6862),#6866);
#6862 = LINE('',#6863,#6864);
#6863 = CARTESIAN_POINT('',(0.,-2.64));
#6864 = VECTOR('',#6865,1.);
#6865 = DIRECTION('',(1.,0.));
#6866 = ( GEOMETRIC_REPRESENTATION_CONTEXT(2) 
PARAMETRIC_REPRESENTATION_CONTEXT() REPRESENTATION_CONTEXT('2D SPACE',''
  ) );
#6867 = PCURVE('',#6868,#6873);
#6868 = PLANE('',#6869);
#6869 = AXIS2_PLACEMENT_3D('',#6870,#6871,#6872);
#6870 = CARTESIAN_POINT('',(1.084202172486E-17,-2.54,-2.64));
#6871 = DIRECTION('',(0.,0.,1.));
#6872 = DIRECTION('',(1.,0.,-0.));
#6873 = DEFINITIONAL_REPRESENTATION('',(#6874),#6878);
#6874 = LINE('',#6875,#6876);
#6875 = CARTESIAN_POINT('',(-0.32,-0.32));
#6876 = VECTOR('',#6877,1.);
#6877 = DIRECTION('',(1.,0.));
#6878 = ( GEOMETRIC_REPRESENTATION_CONTEXT(2) 
PARAMETRIC_REPRESENTATION_CONTEXT() REPRESENTATION_CONTEXT('2D SPACE',''
  ) );
#6879 = ORIENTED_EDGE('',*,*,#6880,.F.);
#6880 = EDGE_CURVE('',#6881,#6853,#6883,.T.);
#6881 = VERTEX_POINT('',#6882);
#6882 = CARTESIAN_POINT('',(0.32,-2.86,0.));
#6883 = SURFACE_CURVE('',#6884,(#6888,#6895),.PCURVE_S1.);
#6884 = LINE('',#6885,#6886);
#6885 = CARTESIAN_POINT('',(0.32,-2.86,0.));
#6886 = VECTOR('',#6887,1.);
#6887 = DIRECTION('',(-0.,-0.,-1.));
#6888 = PCURVE('',#6828,#6889);
#6889 = DEFINITIONAL_REPRESENTATION('',(#6890),#6894);
#6890 = LINE('',#6891,#6892);
#6891 = CARTESIAN_POINT('',(0.64,0.));
#6892 = VECTOR('',#6893,1.);
#6893 = DIRECTION('',(0.,-1.));
#6894 = ( GEOMETRIC_REPRESENTATION_CONTEXT(2) 
PARAMETRIC_REPRESENTATION_CONTEXT() REPRESENTATION_CONTEXT('2D SPACE',''
  ) );
#6895 = PCURVE('',#6896,#6901);
#6896 = PLANE('',#6897);
#6897 = AXIS2_PLACEMENT_3D('',#6898,#6899,#6900);
#6898 = CARTESIAN_POINT('',(0.32,-2.86,0.));
#6899 = DIRECTION('',(1.,0.,0.));
#6900 = DIRECTION('',(-0.,1.,0.));
#6901 = DEFINITIONAL_REPRESENTATION('',(#6902),#6906);
#6902 = LINE('',#6903,#6904);
#6903 = CARTESIAN_POINT('',(0.,0.));
#6904 = VECTOR('',#6905,1.);
#6905 = DIRECTION('',(0.,-1.));
#6906 = ( GEOMETRIC_REPRESENTATION_CONTEXT(2) 
PARAMETRIC_REPRESENTATION_CONTEXT() REPRESENTATION_CONTEXT('2D SPACE',''
  ) );
#6907 = ORIENTED_EDGE('',*,*,#6908,.F.);
#6908 = EDGE_CURVE('',#6818,#6881,#6909,.T.);
#6909 = SURFACE_CURVE('',#6910,(#6914,#6921),.PCURVE_S1.);
#6910 = LINE('',#6911,#6912);
#6911 = CARTESIAN_POINT('',(-0.32,-2.86,0.));
#6912 = VECTOR('',#6913,1.);
#6913 = DIRECTION('',(1.,0.,0.));
#6914 = PCURVE('',#6828,#6915);
#6915 = DEFINITIONAL_REPRESENTATION('',(#6916),#6920);
#6916 = LINE('',#6917,#6918);
#6917 = CARTESIAN_POINT('',(0.,0.));
#6918 = VECTOR('',#6919,1.);
#6919 = DIRECTION('',(1.,0.));
#6920 = ( GEOMETRIC_REPRESENTATION_CONTEXT(2) 
PARAMETRIC_REPRESENTATION_CONTEXT() REPRESENTATION_CONTEXT('2D SPACE',''
  ) );
#6921 = PCURVE('',#6922,#6927);
#6922 = PLANE('',#6923);
#6923 = AXIS2_PLACEMENT_3D('',#6924,#6925,#6926);
#6924 = CARTESIAN_POINT('',(1.084202172486E-17,-2.54,0.));
#6925 = DIRECTION('',(0.,0.,1.));
#6926 = DIRECTION('',(1.,0.,-0.));
#6927 = DEFINITIONAL_REPRESENTATION('',(#6928),#6932);
#6928 = LINE('',#6929,#6930);
#6929 = CARTESIAN_POINT('',(-0.32,-0.32));
#6930 = VECTOR('',#6931,1.);
#6931 = DIRECTION('',(1.,0.));
#6932 = ( GEOMETRIC_REPRESENTATION_CONTEXT(2) 
PARAMETRIC_REPRESENTATION_CONTEXT() REPRESENTATION_CONTEXT('2D SPACE',''
  ) );
#6933 = ADVANCED_FACE('',(#6934),#6896,.T.);
#6934 = FACE_BOUND('',#6935,.T.);
#6935 = EDGE_LOOP('',(#6936,#6937,#6960,#6988));
#6936 = ORIENTED_EDGE('',*,*,#6880,.T.);
#6937 = ORIENTED_EDGE('',*,*,#6938,.T.);
#6938 = EDGE_CURVE('',#6853,#6939,#6941,.T.);
#6939 = VERTEX_POINT('',#6940);
#6940 = CARTESIAN_POINT('',(0.32,-2.22,-2.64));
#6941 = SURFACE_CURVE('',#6942,(#6946,#6953),.PCURVE_S1.);
#6942 = LINE('',#6943,#6944);
#6943 = CARTESIAN_POINT('',(0.32,-2.86,-2.64));
#6944 = VECTOR('',#6945,1.);
#6945 = DIRECTION('',(0.,1.,0.));
#6946 = PCURVE('',#6896,#6947);
#6947 = DEFINITIONAL_REPRESENTATION('',(#6948),#6952);
#6948 = LINE('',#6949,#6950);
#6949 = CARTESIAN_POINT('',(0.,-2.64));
#6950 = VECTOR('',#6951,1.);
#6951 = DIRECTION('',(1.,0.));
#6952 = ( GEOMETRIC_REPRESENTATION_CONTEXT(2) 
PARAMETRIC_REPRESENTATION_CONTEXT() REPRESENTATION_CONTEXT('2D SPACE',''
  ) );
#6953 = PCURVE('',#6868,#6954);
#6954 = DEFINITIONAL_REPRESENTATION('',(#6955),#6959);
#6955 = LINE('',#6956,#6957);
#6956 = CARTESIAN_POINT('',(0.32,-0.32));
#6957 = VECTOR('',#6958,1.);
#6958 = DIRECTION('',(0.,1.));
#6959 = ( GEOMETRIC_REPRESENTATION_CONTEXT(2) 
PARAMETRIC_REPRESENTATION_CONTEXT() REPRESENTATION_CONTEXT('2D SPACE',''
  ) );
#6960 = ORIENTED_EDGE('',*,*,#6961,.F.);
#6961 = EDGE_CURVE('',#6962,#6939,#6964,.T.);
#6962 = VERTEX_POINT('',#6963);
#6963 = CARTESIAN_POINT('',(0.32,-2.22,0.));
#6964 = SURFACE_CURVE('',#6965,(#6969,#6976),.PCURVE_S1.);
#6965 = LINE('',#6966,#6967);
#6966 = CARTESIAN_POINT('',(0.32,-2.22,0.));
#6967 = VECTOR('',#6968,1.);
#6968 = DIRECTION('',(-0.,-0.,-1.));
#6969 = PCURVE('',#6896,#6970);
#6970 = DEFINITIONAL_REPRESENTATION('',(#6971),#6975);
#6971 = LINE('',#6972,#6973);
#6972 = CARTESIAN_POINT('',(0.64,0.));
#6973 = VECTOR('',#6974,1.);
#6974 = DIRECTION('',(0.,-1.));
#6975 = ( GEOMETRIC_REPRESENTATION_CONTEXT(2) 
PARAMETRIC_REPRESENTATION_CONTEXT() REPRESENTATION_CONTEXT('2D SPACE',''
  ) );
#6976 = PCURVE('',#6977,#6982);
#6977 = PLANE('',#6978);
#6978 = AXIS2_PLACEMENT_3D('',#6979,#6980,#6981);
#6979 = CARTESIAN_POINT('',(0.32,-2.22,0.));
#6980 = DIRECTION('',(0.,1.,-0.));
#6981 = DIRECTION('',(-1.,0.,0.));
#6982 = DEFINITIONAL_REPRESENTATION('',(#6983),#6987);
#6983 = LINE('',#6984,#6985);
#6984 = CARTESIAN_POINT('',(0.,0.));
#6985 = VECTOR('',#6986,1.);
#6986 = DIRECTION('',(0.,-1.));
#6987 = ( GEOMETRIC_REPRESENTATION_CONTEXT(2) 
PARAMETRIC_REPRESENTATION_CONTEXT() REPRESENTATION_CONTEXT('2D SPACE',''
  ) );
#6988 = ORIENTED_EDGE('',*,*,#6989,.F.);
#6989 = EDGE_CURVE('',#6881,#6962,#6990,.T.);
#6990 = SURFACE_CURVE('',#6991,(#6995,#7002),.PCURVE_S1.);
#6991 = LINE('',#6992,#6993);
#6992 = CARTESIAN_POINT('',(0.32,-2.86,0.));
#6993 = VECTOR('',#6994,1.);
#6994 = DIRECTION('',(0.,1.,0.));
#6995 = PCURVE('',#6896,#6996);
#6996 = DEFINITIONAL_REPRESENTATION('',(#6997),#7001);
#6997 = LINE('',#6998,#6999);
#6998 = CARTESIAN_POINT('',(0.,0.));
#6999 = VECTOR('',#7000,1.);
#7000 = DIRECTION('',(1.,0.));
#7001 = ( GEOMETRIC_REPRESENTATION_CONTEXT(2) 
PARAMETRIC_REPRESENTATION_CONTEXT() REPRESENTATION_CONTEXT('2D SPACE',''
  ) );
#7002 = PCURVE('',#6922,#7003);
#7003 = DEFINITIONAL_REPRESENTATION('',(#7004),#7008);
#7004 = LINE('',#7005,#7006);
#7005 = CARTESIAN_POINT('',(0.32,-0.32));
#7006 = VECTOR('',#7007,1.);
#7007 = DIRECTION('',(0.,1.));
#7008 = ( GEOMETRIC_REPRESENTATION_CONTEXT(2) 
PARAMETRIC_REPRESENTATION_CONTEXT() REPRESENTATION_CONTEXT('2D SPACE',''
  ) );
#7009 = ADVANCED_FACE('',(#7010),#6977,.T.);
#7010 = FACE_BOUND('',#7011,.T.);
#7011 = EDGE_LOOP('',(#7012,#7013,#7036,#7059));
#7012 = ORIENTED_EDGE('',*,*,#6961,.T.);
#7013 = ORIENTED_EDGE('',*,*,#7014,.T.);
#7014 = EDGE_CURVE('',#6939,#7015,#7017,.T.);
#7015 = VERTEX_POINT('',#7016);
#7016 = CARTESIAN_POINT('',(-0.32,-2.22,-2.64));
#7017 = SURFACE_CURVE('',#7018,(#7022,#7029),.PCURVE_S1.);
#7018 = LINE('',#7019,#7020);
#7019 = CARTESIAN_POINT('',(0.32,-2.22,-2.64));
#7020 = VECTOR('',#7021,1.);
#7021 = DIRECTION('',(-1.,0.,0.));
#7022 = PCURVE('',#6977,#7023);
#7023 = DEFINITIONAL_REPRESENTATION('',(#7024),#7028);
#7024 = LINE('',#7025,#7026);
#7025 = CARTESIAN_POINT('',(0.,-2.64));
#7026 = VECTOR('',#7027,1.);
#7027 = DIRECTION('',(1.,0.));
#7028 = ( GEOMETRIC_REPRESENTATION_CONTEXT(2) 
PARAMETRIC_REPRESENTATION_CONTEXT() REPRESENTATION_CONTEXT('2D SPACE',''
  ) );
#7029 = PCURVE('',#6868,#7030);
#7030 = DEFINITIONAL_REPRESENTATION('',(#7031),#7035);
#7031 = LINE('',#7032,#7033);
#7032 = CARTESIAN_POINT('',(0.32,0.32));
#7033 = VECTOR('',#7034,1.);
#7034 = DIRECTION('',(-1.,0.));
#7035 = ( GEOMETRIC_REPRESENTATION_CONTEXT(2) 
PARAMETRIC_REPRESENTATION_CONTEXT() REPRESENTATION_CONTEXT('2D SPACE',''
  ) );
#7036 = ORIENTED_EDGE('',*,*,#7037,.F.);
#7037 = EDGE_CURVE('',#7038,#7015,#7040,.T.);
#7038 = VERTEX_POINT('',#7039);
#7039 = CARTESIAN_POINT('',(-0.32,-2.22,0.));
#7040 = SURFACE_CURVE('',#7041,(#7045,#7052),.PCURVE_S1.);
#7041 = LINE('',#7042,#7043);
#7042 = CARTESIAN_POINT('',(-0.32,-2.22,0.));
#7043 = VECTOR('',#7044,1.);
#7044 = DIRECTION('',(-0.,-0.,-1.));
#7045 = PCURVE('',#6977,#7046);
#7046 = DEFINITIONAL_REPRESENTATION('',(#7047),#7051);
#7047 = LINE('',#7048,#7049);
#7048 = CARTESIAN_POINT('',(0.64,0.));
#7049 = VECTOR('',#7050,1.);
#7050 = DIRECTION('',(0.,-1.));
#7051 = ( GEOMETRIC_REPRESENTATION_CONTEXT(2) 
PARAMETRIC_REPRESENTATION_CONTEXT() REPRESENTATION_CONTEXT('2D SPACE',''
  ) );
#7052 = PCURVE('',#6840,#7053);
#7053 = DEFINITIONAL_REPRESENTATION('',(#7054),#7058);
#7054 = LINE('',#7055,#7056);
#7055 = CARTESIAN_POINT('',(0.,0.));
#7056 = VECTOR('',#7057,1.);
#7057 = DIRECTION('',(0.,-1.));
#7058 = ( GEOMETRIC_REPRESENTATION_CONTEXT(2) 
PARAMETRIC_REPRESENTATION_CONTEXT() REPRESENTATION_CONTEXT('2D SPACE',''
  ) );
#7059 = ORIENTED_EDGE('',*,*,#7060,.F.);
#7060 = EDGE_CURVE('',#6962,#7038,#7061,.T.);
#7061 = SURFACE_CURVE('',#7062,(#7066,#7073),.PCURVE_S1.);
#7062 = LINE('',#7063,#7064);
#7063 = CARTESIAN_POINT('',(0.32,-2.22,0.));
#7064 = VECTOR('',#7065,1.);
#7065 = DIRECTION('',(-1.,0.,0.));
#7066 = PCURVE('',#6977,#7067);
#7067 = DEFINITIONAL_REPRESENTATION('',(#7068),#7072);
#7068 = LINE('',#7069,#7070);
#7069 = CARTESIAN_POINT('',(0.,0.));
#7070 = VECTOR('',#7071,1.);
#7071 = DIRECTION('',(1.,0.));
#7072 = ( GEOMETRIC_REPRESENTATION_CONTEXT(2) 
PARAMETRIC_REPRESENTATION_CONTEXT() REPRESENTATION_CONTEXT('2D SPACE',''
  ) );
#7073 = PCURVE('',#6922,#7074);
#7074 = DEFINITIONAL_REPRESENTATION('',(#7075),#7079);
#7075 = LINE('',#7076,#7077);
#7076 = CARTESIAN_POINT('',(0.32,0.32));
#7077 = VECTOR('',#7078,1.);
#7078 = DIRECTION('',(-1.,0.));
#7079 = ( GEOMETRIC_REPRESENTATION_CONTEXT(2) 
PARAMETRIC_REPRESENTATION_CONTEXT() REPRESENTATION_CONTEXT('2D SPACE',''
  ) );
#7080 = ADVANCED_FACE('',(#7081),#6840,.T.);
#7081 = FACE_BOUND('',#7082,.T.);
#7082 = EDGE_LOOP('',(#7083,#7084,#7105,#7106));
#7083 = ORIENTED_EDGE('',*,*,#7037,.T.);
#7084 = ORIENTED_EDGE('',*,*,#7085,.T.);
#7085 = EDGE_CURVE('',#7015,#6820,#7086,.T.);
#7086 = SURFACE_CURVE('',#7087,(#7091,#7098),.PCURVE_S1.);
#7087 = LINE('',#7088,#7089);
#7088 = CARTESIAN_POINT('',(-0.32,-2.22,-2.64));
#7089 = VECTOR('',#7090,1.);
#7090 = DIRECTION('',(0.,-1.,0.));
#7091 = PCURVE('',#6840,#7092);
#7092 = DEFINITIONAL_REPRESENTATION('',(#7093),#7097);
#7093 = LINE('',#7094,#7095);
#7094 = CARTESIAN_POINT('',(0.,-2.64));
#7095 = VECTOR('',#7096,1.);
#7096 = DIRECTION('',(1.,0.));
#7097 = ( GEOMETRIC_REPRESENTATION_CONTEXT(2) 
PARAMETRIC_REPRESENTATION_CONTEXT() REPRESENTATION_CONTEXT('2D SPACE',''
  ) );
#7098 = PCURVE('',#6868,#7099);
#7099 = DEFINITIONAL_REPRESENTATION('',(#7100),#7104);
#7100 = LINE('',#7101,#7102);
#7101 = CARTESIAN_POINT('',(-0.32,0.32));
#7102 = VECTOR('',#7103,1.);
#7103 = DIRECTION('',(0.,-1.));
#7104 = ( GEOMETRIC_REPRESENTATION_CONTEXT(2) 
PARAMETRIC_REPRESENTATION_CONTEXT() REPRESENTATION_CONTEXT('2D SPACE',''
  ) );
#7105 = ORIENTED_EDGE('',*,*,#6817,.F.);
#7106 = ORIENTED_EDGE('',*,*,#7107,.F.);
#7107 = EDGE_CURVE('',#7038,#6818,#7108,.T.);
#7108 = SURFACE_CURVE('',#7109,(#7113,#7120),.PCURVE_S1.);
#7109 = LINE('',#7110,#7111);
#7110 = CARTESIAN_POINT('',(-0.32,-2.22,0.));
#7111 = VECTOR('',#7112,1.);
#7112 = DIRECTION('',(0.,-1.,0.));
#7113 = PCURVE('',#6840,#7114);
#7114 = DEFINITIONAL_REPRESENTATION('',(#7115),#7119);
#7115 = LINE('',#7116,#7117);
#7116 = CARTESIAN_POINT('',(0.,0.));
#7117 = VECTOR('',#7118,1.);
#7118 = DIRECTION('',(1.,0.));
#7119 = ( GEOMETRIC_REPRESENTATION_CONTEXT(2) 
PARAMETRIC_REPRESENTATION_CONTEXT() REPRESENTATION_CONTEXT('2D SPACE',''
  ) );
#7120 = PCURVE('',#6922,#7121);
#7121 = DEFINITIONAL_REPRESENTATION('',(#7122),#7126);
#7122 = LINE('',#7123,#7124);
#7123 = CARTESIAN_POINT('',(-0.32,0.32));
#7124 = VECTOR('',#7125,1.);
#7125 = DIRECTION('',(0.,-1.));
#7126 = ( GEOMETRIC_REPRESENTATION_CONTEXT(2) 
PARAMETRIC_REPRESENTATION_CONTEXT() REPRESENTATION_CONTEXT('2D SPACE',''
  ) );
#7127 = ADVANCED_FACE('',(#7128),#6922,.T.);
#7128 = FACE_BOUND('',#7129,.T.);
#7129 = EDGE_LOOP('',(#7130,#7131,#7132,#7133));
#7130 = ORIENTED_EDGE('',*,*,#6908,.T.);
#7131 = ORIENTED_EDGE('',*,*,#6989,.T.);
#7132 = ORIENTED_EDGE('',*,*,#7060,.T.);
#7133 = ORIENTED_EDGE('',*,*,#7107,.T.);
#7134 = ADVANCED_FACE('',(#7135),#6868,.F.);
#7135 = FACE_BOUND('',#7136,.F.);
#7136 = EDGE_LOOP('',(#7137,#7138,#7139,#7140));
#7137 = ORIENTED_EDGE('',*,*,#6852,.T.);
#7138 = ORIENTED_EDGE('',*,*,#6938,.T.);
#7139 = ORIENTED_EDGE('',*,*,#7014,.T.);
#7140 = ORIENTED_EDGE('',*,*,#7085,.T.);
#7141 = ( GEOMETRIC_REPRESENTATION_CONTEXT(3) 
GLOBAL_UNCERTAINTY_ASSIGNED_CONTEXT((#7145)) 
GLOBAL_UNIT_ASSIGNED_CONTEXT((#7142,#7143,#7144)) REPRESENTATION_CONTEXT
('Context #1','3D Context with UNIT and UNCERTAINTY') );
#7142 = ( LENGTH_UNIT() NAMED_UNIT(*) SI_UNIT(.MILLI.,.METRE.) );
#7143 = ( NAMED_UNIT(*) PLANE_ANGLE_UNIT() SI_UNIT($,.RADIAN.) );
#7144 = ( NAMED_UNIT(*) SI_UNIT($,.STERADIAN.) SOLID_ANGLE_UNIT() );
#7145 = UNCERTAINTY_MEASURE_WITH_UNIT(LENGTH_MEASURE(1.E-07),#7142,
  'distance_accuracy_value','confusion accuracy');
#7146 = CONTEXT_DEPENDENT_SHAPE_REPRESENTATION(#7147,#7149);
#7147 = ( REPRESENTATION_RELATIONSHIP('','',#6810,#10) 
REPRESENTATION_RELATIONSHIP_WITH_TRANSFORMATION(#7148) 
SHAPE_REPRESENTATION_RELATIONSHIP() );
#7148 = ITEM_DEFINED_TRANSFORMATION('','',#11,#23);
#7149 = PRODUCT_DEFINITION_SHAPE('Placement','Placement of an item',
  #7150);
#7150 = NEXT_ASSEMBLY_USAGE_OCCURRENCE('3','tail_2','',#5,#6805,$);
#7151 = PRODUCT_RELATED_PRODUCT_CATEGORY('part',$,(#6807));
#7152 = SHAPE_DEFINITION_REPRESENTATION(#7153,#7159);
#7153 = PRODUCT_DEFINITION_SHAPE('','',#7154);
#7154 = PRODUCT_DEFINITION('design','',#7155,#7158);
#7155 = PRODUCT_DEFINITION_FORMATION('','',#7156);
#7156 = PRODUCT('tail_3','tail_3','',(#7157));
#7157 = PRODUCT_CONTEXT('',#2,'mechanical');
#7158 = PRODUCT_DEFINITION_CONTEXT('part definition',#2,'design');
#7159 = ADVANCED_BREP_SHAPE_REPRESENTATION('',(#11,#7160),#7490);
#7160 = MANIFOLD_SOLID_BREP('',#7161);
#7161 = CLOSED_SHELL('',(#7162,#7282,#7358,#7429,#7476,#7483));
#7162 = ADVANCED_FACE('',(#7163),#7177,.T.);
#7163 = FACE_BOUND('',#7164,.T.);
#7164 = EDGE_LOOP('',(#7165,#7200,#7228,#7256));
#7165 = ORIENTED_EDGE('',*,*,#7166,.T.);
#7166 = EDGE_CURVE('',#7167,#7169,#7171,.T.);
#7167 = VERTEX_POINT('',#7168);
#7168 = CARTESIAN_POINT('',(-0.32,-5.4,0.));
#7169 = VERTEX_POINT('',#7170);
#7170 = CARTESIAN_POINT('',(-0.32,-5.4,-2.64));
#7171 = SURFACE_CURVE('',#7172,(#7176,#7188),.PCURVE_S1.);
#7172 = LINE('',#7173,#7174);
#7173 = CARTESIAN_POINT('',(-0.32,-5.4,0.));
#7174 = VECTOR('',#7175,1.);
#7175 = DIRECTION('',(-0.,-0.,-1.));
#7176 = PCURVE('',#7177,#7182);
#7177 = PLANE('',#7178);
#7178 = AXIS2_PLACEMENT_3D('',#7179,#7180,#7181);
#7179 = CARTESIAN_POINT('',(-0.32,-5.4,0.));
#7180 = DIRECTION('',(0.,-1.,0.));
#7181 = DIRECTION('',(1.,0.,0.));
#7182 = DEFINITIONAL_REPRESENTATION('',(#7183),#7187);
#7183 = LINE('',#7184,#7185);
#7184 = CARTESIAN_POINT('',(0.,0.));
#7185 = VECTOR('',#7186,1.);
#7186 = DIRECTION('',(0.,-1.));
#7187 = ( GEOMETRIC_REPRESENTATION_CONTEXT(2) 
PARAMETRIC_REPRESENTATION_CONTEXT() REPRESENTATION_CONTEXT('2D SPACE',''
  ) );
#7188 = PCURVE('',#7189,#7194);
#7189 = PLANE('',#7190);
#7190 = AXIS2_PLACEMENT_3D('',#7191,#7192,#7193);
#7191 = CARTESIAN_POINT('',(-0.32,-4.76,0.));
#7192 = DIRECTION('',(-1.,0.,0.));
#7193 = DIRECTION('',(0.,-1.,0.));
#7194 = DEFINITIONAL_REPRESENTATION('',(#7195),#7199);
#7195 = LINE('',#7196,#7197);
#7196 = CARTESIAN_POINT('',(0.64,0.));
#7197 = VECTOR('',#7198,1.);
#7198 = DIRECTION('',(0.,-1.));
#7199 = ( GEOMETRIC_REPRESENTATION_CONTEXT(2) 
PARAMETRIC_REPRESENTATION_CONTEXT() REPRESENTATION_CONTEXT('2D SPACE',''
  ) );
#7200 = ORIENTED_EDGE('',*,*,#7201,.T.);
#7201 = EDGE_CURVE('',#7169,#7202,#7204,.T.);
#7202 = VERTEX_POINT('',#7203);
#7203 = CARTESIAN_POINT('',(0.32,-5.4,-2.64));
#7204 = SURFACE_CURVE('',#7205,(#7209,#7216),.PCURVE_S1.);
#7205 = LINE('',#7206,#7207);
#7206 = CARTESIAN_POINT('',(-0.32,-5.4,-2.64));
#7207 = VECTOR('',#7208,1.);
#7208 = DIRECTION('',(1.,0.,0.));
#7209 = PCURVE('',#7177,#7210);
#7210 = DEFINITIONAL_REPRESENTATION('',(#7211),#7215);
#7211 = LINE('',#7212,#7213);
#7212 = CARTESIAN_POINT('',(0.,-2.64));
#7213 = VECTOR('',#7214,1.);
#7214 = DIRECTION('',(1.,0.));
#7215 = ( GEOMETRIC_REPRESENTATION_CONTEXT(2) 
PARAMETRIC_REPRESENTATION_CONTEXT() REPRESENTATION_CONTEXT('2D SPACE',''
  ) );
#7216 = PCURVE('',#7217,#7222);
#7217 = PLANE('',#7218);
#7218 = AXIS2_PLACEMENT_3D('',#7219,#7220,#7221);
#7219 = CARTESIAN_POINT('',(1.084202172486E-17,-5.08,-2.64));
#7220 = DIRECTION('',(0.,0.,1.));
#7221 = DIRECTION('',(1.,0.,-0.));
#7222 = DEFINITIONAL_REPRESENTATION('',(#7223),#7227);
#7223 = LINE('',#7224,#7225);
#7224 = CARTESIAN_POINT('',(-0.32,-0.32));
#7225 = VECTOR('',#7226,1.);
#7226 = DIRECTION('',(1.,0.));
#7227 = ( GEOMETRIC_REPRESENTATION_CONTEXT(2) 
PARAMETRIC_REPRESENTATION_CONTEXT() REPRESENTATION_CONTEXT('2D SPACE',''
  ) );
#7228 = ORIENTED_EDGE('',*,*,#7229,.F.);
#7229 = EDGE_CURVE('',#7230,#7202,#7232,.T.);
#7230 = VERTEX_POINT('',#7231);
#7231 = CARTESIAN_POINT('',(0.32,-5.4,0.));
#7232 = SURFACE_CURVE('',#7233,(#7237,#7244),.PCURVE_S1.);
#7233 = LINE('',#7234,#7235);
#7234 = CARTESIAN_POINT('',(0.32,-5.4,0.));
#7235 = VECTOR('',#7236,1.);
#7236 = DIRECTION('',(-0.,-0.,-1.));
#7237 = PCURVE('',#7177,#7238);
#7238 = DEFINITIONAL_REPRESENTATION('',(#7239),#7243);
#7239 = LINE('',#7240,#7241);
#7240 = CARTESIAN_POINT('',(0.64,0.));
#7241 = VECTOR('',#7242,1.);
#7242 = DIRECTION('',(0.,-1.));
#7243 = ( GEOMETRIC_REPRESENTATION_CONTEXT(2) 
PARAMETRIC_REPRESENTATION_CONTEXT() REPRESENTATION_CONTEXT('2D SPACE',''
  ) );
#7244 = PCURVE('',#7245,#7250);
#7245 = PLANE('',#7246);
#7246 = AXIS2_PLACEMENT_3D('',#7247,#7248,#7249);
#7247 = CARTESIAN_POINT('',(0.32,-5.4,0.));
#7248 = DIRECTION('',(1.,0.,0.));
#7249 = DIRECTION('',(-0.,1.,0.));
#7250 = DEFINITIONAL_REPRESENTATION('',(#7251),#7255);
#7251 = LINE('',#7252,#7253);
#7252 = CARTESIAN_POINT('',(0.,0.));
#7253 = VECTOR('',#7254,1.);
#7254 = DIRECTION('',(0.,-1.));
#7255 = ( GEOMETRIC_REPRESENTATION_CONTEXT(2) 
PARAMETRIC_REPRESENTATION_CONTEXT() REPRESENTATION_CONTEXT('2D SPACE',''
  ) );
#7256 = ORIENTED_EDGE('',*,*,#7257,.F.);
#7257 = EDGE_CURVE('',#7167,#7230,#7258,.T.);
#7258 = SURFACE_CURVE('',#7259,(#7263,#7270),.PCURVE_S1.);
#7259 = LINE('',#7260,#7261);
#7260 = CARTESIAN_POINT('',(-0.32,-5.4,0.));
#7261 = VECTOR('',#7262,1.);
#7262 = DIRECTION('',(1.,0.,0.));
#7263 = PCURVE('',#7177,#7264);
#7264 = DEFINITIONAL_REPRESENTATION('',(#7265),#7269);
#7265 = LINE('',#7266,#7267);
#7266 = CARTESIAN_POINT('',(0.,0.));
#7267 = VECTOR('',#7268,1.);
#7268 = DIRECTION('',(1.,0.));
#7269 = ( GEOMETRIC_REPRESENTATION_CONTEXT(2) 
PARAMETRIC_REPRESENTATION_CONTEXT() REPRESENTATION_CONTEXT('2D SPACE',''
  ) );
#7270 = PCURVE('',#7271,#7276);
#7271 = PLANE('',#7272);
#7272 = AXIS2_PLACEMENT_3D('',#7273,#7274,#7275);
#7273 = CARTESIAN_POINT('',(1.084202172486E-17,-5.08,0.));
#7274 = DIRECTION('',(0.,0.,1.));
#7275 = DIRECTION('',(1.,0.,-0.));
#7276 = DEFINITIONAL_REPRESENTATION('',(#7277),#7281);
#7277 = LINE('',#7278,#7279);
#7278 = CARTESIAN_POINT('',(-0.32,-0.32));
#7279 = VECTOR('',#7280,1.);
#7280 = DIRECTION('',(1.,0.));
#7281 = ( GEOMETRIC_REPRESENTATION_CONTEXT(2) 
PARAMETRIC_REPRESENTATION_CONTEXT() REPRESENTATION_CONTEXT('2D SPACE',''
  ) );
#7282 = ADVANCED_FACE('',(#7283),#7245,.T.);
#7283 = FACE_BOUND('',#7284,.T.);
#7284 = EDGE_LOOP('',(#7285,#7286,#7309,#7337));
#7285 = ORIENTED_EDGE('',*,*,#7229,.T.);
#7286 = ORIENTED_EDGE('',*,*,#7287,.T.);
#7287 = EDGE_CURVE('',#7202,#7288,#7290,.T.);
#7288 = VERTEX_POINT('',#7289);
#7289 = CARTESIAN_POINT('',(0.32,-4.76,-2.64));
#7290 = SURFACE_CURVE('',#7291,(#7295,#7302),.PCURVE_S1.);
#7291 = LINE('',#7292,#7293);
#7292 = CARTESIAN_POINT('',(0.32,-5.4,-2.64));
#7293 = VECTOR('',#7294,1.);
#7294 = DIRECTION('',(0.,1.,0.));
#7295 = PCURVE('',#7245,#7296);
#7296 = DEFINITIONAL_REPRESENTATION('',(#7297),#7301);
#7297 = LINE('',#7298,#7299);
#7298 = CARTESIAN_POINT('',(0.,-2.64));
#7299 = VECTOR('',#7300,1.);
#7300 = DIRECTION('',(1.,0.));
#7301 = ( GEOMETRIC_REPRESENTATION_CONTEXT(2) 
PARAMETRIC_REPRESENTATION_CONTEXT() REPRESENTATION_CONTEXT('2D SPACE',''
  ) );
#7302 = PCURVE('',#7217,#7303);
#7303 = DEFINITIONAL_REPRESENTATION('',(#7304),#7308);
#7304 = LINE('',#7305,#7306);
#7305 = CARTESIAN_POINT('',(0.32,-0.32));
#7306 = VECTOR('',#7307,1.);
#7307 = DIRECTION('',(0.,1.));
#7308 = ( GEOMETRIC_REPRESENTATION_CONTEXT(2) 
PARAMETRIC_REPRESENTATION_CONTEXT() REPRESENTATION_CONTEXT('2D SPACE',''
  ) );
#7309 = ORIENTED_EDGE('',*,*,#7310,.F.);
#7310 = EDGE_CURVE('',#7311,#7288,#7313,.T.);
#7311 = VERTEX_POINT('',#7312);
#7312 = CARTESIAN_POINT('',(0.32,-4.76,0.));
#7313 = SURFACE_CURVE('',#7314,(#7318,#7325),.PCURVE_S1.);
#7314 = LINE('',#7315,#7316);
#7315 = CARTESIAN_POINT('',(0.32,-4.76,0.));
#7316 = VECTOR('',#7317,1.);
#7317 = DIRECTION('',(-0.,-0.,-1.));
#7318 = PCURVE('',#7245,#7319);
#7319 = DEFINITIONAL_REPRESENTATION('',(#7320),#7324);
#7320 = LINE('',#7321,#7322);
#7321 = CARTESIAN_POINT('',(0.64,0.));
#7322 = VECTOR('',#7323,1.);
#7323 = DIRECTION('',(0.,-1.));
#7324 = ( GEOMETRIC_REPRESENTATION_CONTEXT(2) 
PARAMETRIC_REPRESENTATION_CONTEXT() REPRESENTATION_CONTEXT('2D SPACE',''
  ) );
#7325 = PCURVE('',#7326,#7331);
#7326 = PLANE('',#7327);
#7327 = AXIS2_PLACEMENT_3D('',#7328,#7329,#7330);
#7328 = CARTESIAN_POINT('',(0.32,-4.76,0.));
#7329 = DIRECTION('',(0.,1.,-0.));
#7330 = DIRECTION('',(-1.,0.,0.));
#7331 = DEFINITIONAL_REPRESENTATION('',(#7332),#7336);
#7332 = LINE('',#7333,#7334);
#7333 = CARTESIAN_POINT('',(0.,0.));
#7334 = VECTOR('',#7335,1.);
#7335 = DIRECTION('',(0.,-1.));
#7336 = ( GEOMETRIC_REPRESENTATION_CONTEXT(2) 
PARAMETRIC_REPRESENTATION_CONTEXT() REPRESENTATION_CONTEXT('2D SPACE',''
  ) );
#7337 = ORIENTED_EDGE('',*,*,#7338,.F.);
#7338 = EDGE_CURVE('',#7230,#7311,#7339,.T.);
#7339 = SURFACE_CURVE('',#7340,(#7344,#7351),.PCURVE_S1.);
#7340 = LINE('',#7341,#7342);
#7341 = CARTESIAN_POINT('',(0.32,-5.4,0.));
#7342 = VECTOR('',#7343,1.);
#7343 = DIRECTION('',(0.,1.,0.));
#7344 = PCURVE('',#7245,#7345);
#7345 = DEFINITIONAL_REPRESENTATION('',(#7346),#7350);
#7346 = LINE('',#7347,#7348);
#7347 = CARTESIAN_POINT('',(0.,0.));
#7348 = VECTOR('',#7349,1.);
#7349 = DIRECTION('',(1.,0.));
#7350 = ( GEOMETRIC_REPRESENTATION_CONTEXT(2) 
PARAMETRIC_REPRESENTATION_CONTEXT() REPRESENTATION_CONTEXT('2D SPACE',''
  ) );
#7351 = PCURVE('',#7271,#7352);
#7352 = DEFINITIONAL_REPRESENTATION('',(#7353),#7357);
#7353 = LINE('',#7354,#7355);
#7354 = CARTESIAN_POINT('',(0.32,-0.32));
#7355 = VECTOR('',#7356,1.);
#7356 = DIRECTION('',(0.,1.));
#7357 = ( GEOMETRIC_REPRESENTATION_CONTEXT(2) 
PARAMETRIC_REPRESENTATION_CONTEXT() REPRESENTATION_CONTEXT('2D SPACE',''
  ) );
#7358 = ADVANCED_FACE('',(#7359),#7326,.T.);
#7359 = FACE_BOUND('',#7360,.T.);
#7360 = EDGE_LOOP('',(#7361,#7362,#7385,#7408));
#7361 = ORIENTED_EDGE('',*,*,#7310,.T.);
#7362 = ORIENTED_EDGE('',*,*,#7363,.T.);
#7363 = EDGE_CURVE('',#7288,#7364,#7366,.T.);
#7364 = VERTEX_POINT('',#7365);
#7365 = CARTESIAN_POINT('',(-0.32,-4.76,-2.64));
#7366 = SURFACE_CURVE('',#7367,(#7371,#7378),.PCURVE_S1.);
#7367 = LINE('',#7368,#7369);
#7368 = CARTESIAN_POINT('',(0.32,-4.76,-2.64));
#7369 = VECTOR('',#7370,1.);
#7370 = DIRECTION('',(-1.,0.,0.));
#7371 = PCURVE('',#7326,#7372);
#7372 = DEFINITIONAL_REPRESENTATION('',(#7373),#7377);
#7373 = LINE('',#7374,#7375);
#7374 = CARTESIAN_POINT('',(0.,-2.64));
#7375 = VECTOR('',#7376,1.);
#7376 = DIRECTION('',(1.,0.));
#7377 = ( GEOMETRIC_REPRESENTATION_CONTEXT(2) 
PARAMETRIC_REPRESENTATION_CONTEXT() REPRESENTATION_CONTEXT('2D SPACE',''
  ) );
#7378 = PCURVE('',#7217,#7379);
#7379 = DEFINITIONAL_REPRESENTATION('',(#7380),#7384);
#7380 = LINE('',#7381,#7382);
#7381 = CARTESIAN_POINT('',(0.32,0.32));
#7382 = VECTOR('',#7383,1.);
#7383 = DIRECTION('',(-1.,0.));
#7384 = ( GEOMETRIC_REPRESENTATION_CONTEXT(2) 
PARAMETRIC_REPRESENTATION_CONTEXT() REPRESENTATION_CONTEXT('2D SPACE',''
  ) );
#7385 = ORIENTED_EDGE('',*,*,#7386,.F.);
#7386 = EDGE_CURVE('',#7387,#7364,#7389,.T.);
#7387 = VERTEX_POINT('',#7388);
#7388 = CARTESIAN_POINT('',(-0.32,-4.76,0.));
#7389 = SURFACE_CURVE('',#7390,(#7394,#7401),.PCURVE_S1.);
#7390 = LINE('',#7391,#7392);
#7391 = CARTESIAN_POINT('',(-0.32,-4.76,0.));
#7392 = VECTOR('',#7393,1.);
#7393 = DIRECTION('',(-0.,-0.,-1.));
#7394 = PCURVE('',#7326,#7395);
#7395 = DEFINITIONAL_REPRESENTATION('',(#7396),#7400);
#7396 = LINE('',#7397,#7398);
#7397 = CARTESIAN_POINT('',(0.64,0.));
#7398 = VECTOR('',#7399,1.);
#7399 = DIRECTION('',(0.,-1.));
#7400 = ( GEOMETRIC_REPRESENTATION_CONTEXT(2) 
PARAMETRIC_REPRESENTATION_CONTEXT() REPRESENTATION_CONTEXT('2D SPACE',''
  ) );
#7401 = PCURVE('',#7189,#7402);
#7402 = DEFINITIONAL_REPRESENTATION('',(#7403),#7407);
#7403 = LINE('',#7404,#7405);
#7404 = CARTESIAN_POINT('',(0.,0.));
#7405 = VECTOR('',#7406,1.);
#7406 = DIRECTION('',(0.,-1.));
#7407 = ( GEOMETRIC_REPRESENTATION_CONTEXT(2) 
PARAMETRIC_REPRESENTATION_CONTEXT() REPRESENTATION_CONTEXT('2D SPACE',''
  ) );
#7408 = ORIENTED_EDGE('',*,*,#7409,.F.);
#7409 = EDGE_CURVE('',#7311,#7387,#7410,.T.);
#7410 = SURFACE_CURVE('',#7411,(#7415,#7422),.PCURVE_S1.);
#7411 = LINE('',#7412,#7413);
#7412 = CARTESIAN_POINT('',(0.32,-4.76,0.));
#7413 = VECTOR('',#7414,1.);
#7414 = DIRECTION('',(-1.,0.,0.));
#7415 = PCURVE('',#7326,#7416);
#7416 = DEFINITIONAL_REPRESENTATION('',(#7417),#7421);
#7417 = LINE('',#7418,#7419);
#7418 = CARTESIAN_POINT('',(0.,0.));
#7419 = VECTOR('',#7420,1.);
#7420 = DIRECTION('',(1.,0.));
#7421 = ( GEOMETRIC_REPRESENTATION_CONTEXT(2) 
PARAMETRIC_REPRESENTATION_CONTEXT() REPRESENTATION_CONTEXT('2D SPACE',''
  ) );
#7422 = PCURVE('',#7271,#7423);
#7423 = DEFINITIONAL_REPRESENTATION('',(#7424),#7428);
#7424 = LINE('',#7425,#7426);
#7425 = CARTESIAN_POINT('',(0.32,0.32));
#7426 = VECTOR('',#7427,1.);
#7427 = DIRECTION('',(-1.,0.));
#7428 = ( GEOMETRIC_REPRESENTATION_CONTEXT(2) 
PARAMETRIC_REPRESENTATION_CONTEXT() REPRESENTATION_CONTEXT('2D SPACE',''
  ) );
#7429 = ADVANCED_FACE('',(#7430),#7189,.T.);
#7430 = FACE_BOUND('',#7431,.T.);
#7431 = EDGE_LOOP('',(#7432,#7433,#7454,#7455));
#7432 = ORIENTED_EDGE('',*,*,#7386,.T.);
#7433 = ORIENTED_EDGE('',*,*,#7434,.T.);
#7434 = EDGE_CURVE('',#7364,#7169,#7435,.T.);
#7435 = SURFACE_CURVE('',#7436,(#7440,#7447),.PCURVE_S1.);
#7436 = LINE('',#7437,#7438);
#7437 = CARTESIAN_POINT('',(-0.32,-4.76,-2.64));
#7438 = VECTOR('',#7439,1.);
#7439 = DIRECTION('',(0.,-1.,0.));
#7440 = PCURVE('',#7189,#7441);
#7441 = DEFINITIONAL_REPRESENTATION('',(#7442),#7446);
#7442 = LINE('',#7443,#7444);
#7443 = CARTESIAN_POINT('',(0.,-2.64));
#7444 = VECTOR('',#7445,1.);
#7445 = DIRECTION('',(1.,0.));
#7446 = ( GEOMETRIC_REPRESENTATION_CONTEXT(2) 
PARAMETRIC_REPRESENTATION_CONTEXT() REPRESENTATION_CONTEXT('2D SPACE',''
  ) );
#7447 = PCURVE('',#7217,#7448);
#7448 = DEFINITIONAL_REPRESENTATION('',(#7449),#7453);
#7449 = LINE('',#7450,#7451);
#7450 = CARTESIAN_POINT('',(-0.32,0.32));
#7451 = VECTOR('',#7452,1.);
#7452 = DIRECTION('',(0.,-1.));
#7453 = ( GEOMETRIC_REPRESENTATION_CONTEXT(2) 
PARAMETRIC_REPRESENTATION_CONTEXT() REPRESENTATION_CONTEXT('2D SPACE',''
  ) );
#7454 = ORIENTED_EDGE('',*,*,#7166,.F.);
#7455 = ORIENTED_EDGE('',*,*,#7456,.F.);
#7456 = EDGE_CURVE('',#7387,#7167,#7457,.T.);
#7457 = SURFACE_CURVE('',#7458,(#7462,#7469),.PCURVE_S1.);
#7458 = LINE('',#7459,#7460);
#7459 = CARTESIAN_POINT('',(-0.32,-4.76,0.));
#7460 = VECTOR('',#7461,1.);
#7461 = DIRECTION('',(0.,-1.,0.));
#7462 = PCURVE('',#7189,#7463);
#7463 = DEFINITIONAL_REPRESENTATION('',(#7464),#7468);
#7464 = LINE('',#7465,#7466);
#7465 = CARTESIAN_POINT('',(0.,0.));
#7466 = VECTOR('',#7467,1.);
#7467 = DIRECTION('',(1.,0.));
#7468 = ( GEOMETRIC_REPRESENTATION_CONTEXT(2) 
PARAMETRIC_REPRESENTATION_CONTEXT() REPRESENTATION_CONTEXT('2D SPACE',''
  ) );
#7469 = PCURVE('',#7271,#7470);
#7470 = DEFINITIONAL_REPRESENTATION('',(#7471),#7475);
#7471 = LINE('',#7472,#7473);
#7472 = CARTESIAN_POINT('',(-0.32,0.32));
#7473 = VECTOR('',#7474,1.);
#7474 = DIRECTION('',(0.,-1.));
#7475 = ( GEOMETRIC_REPRESENTATION_CONTEXT(2) 
PARAMETRIC_REPRESENTATION_CONTEXT() REPRESENTATION_CONTEXT('2D SPACE',''
  ) );
#7476 = ADVANCED_FACE('',(#7477),#7271,.T.);
#7477 = FACE_BOUND('',#7478,.T.);
#7478 = EDGE_LOOP('',(#7479,#7480,#7481,#7482));
#7479 = ORIENTED_EDGE('',*,*,#7257,.T.);
#7480 = ORIENTED_EDGE('',*,*,#7338,.T.);
#7481 = ORIENTED_EDGE('',*,*,#7409,.T.);
#7482 = ORIENTED_EDGE('',*,*,#7456,.T.);
#7483 = ADVANCED_FACE('',(#7484),#7217,.F.);
#7484 = FACE_BOUND('',#7485,.F.);
#7485 = EDGE_LOOP('',(#7486,#7487,#7488,#7489));
#7486 = ORIENTED_EDGE('',*,*,#7201,.T.);
#7487 = ORIENTED_EDGE('',*,*,#7287,.T.);
#7488 = ORIENTED_EDGE('',*,*,#7363,.T.);
#7489 = ORIENTED_EDGE('',*,*,#7434,.T.);
#7490 = ( GEOMETRIC_REPRESENTATION_CONTEXT(3) 
GLOBAL_UNCERTAINTY_ASSIGNED_CONTEXT((#7494)) 
GLOBAL_UNIT_ASSIGNED_CONTEXT((#7491,#7492,#7493)) REPRESENTATION_CONTEXT
('Context #1','3D Context with UNIT and UNCERTAINTY') );
#7491 = ( LENGTH_UNIT() NAMED_UNIT(*) SI_UNIT(.MILLI.,.METRE.) );
#7492 = ( NAMED_UNIT(*) PLANE_ANGLE_UNIT() SI_UNIT($,.RADIAN.) );
#7493 = ( NAMED_UNIT(*) SI_UNIT($,.STERADIAN.) SOLID_ANGLE_UNIT() );
#7494 = UNCERTAINTY_MEASURE_WITH_UNIT(LENGTH_MEASURE(1.E-07),#7491,
  'distance_accuracy_value','confusion accuracy');
#7495 = CONTEXT_DEPENDENT_SHAPE_REPRESENTATION(#7496,#7498);
#7496 = ( REPRESENTATION_RELATIONSHIP('','',#7159,#10) 
REPRESENTATION_RELATIONSHIP_WITH_TRANSFORMATION(#7497) 
SHAPE_REPRESENTATION_RELATIONSHIP() );
#7497 = ITEM_DEFINED_TRANSFORMATION('','',#11,#27);
#7498 = PRODUCT_DEFINITION_SHAPE('Placement','Placement of an item',
  #7499);
#7499 = NEXT_ASSEMBLY_USAGE_OCCURRENCE('4','tail_3','',#5,#7154,$);
#7500 = PRODUCT_RELATED_PRODUCT_CATEGORY('part',$,(#7156));
#7501 = SHAPE_DEFINITION_REPRESENTATION(#7502,#7508);
#7502 = PRODUCT_DEFINITION_SHAPE('','',#7503);
#7503 = PRODUCT_DEFINITION('design','',#7504,#7507);
#7504 = PRODUCT_DEFINITION_FORMATION('','',#7505);
#7505 = PRODUCT('tail_4','tail_4','',(#7506));
#7506 = PRODUCT_CONTEXT('',#2,'mechanical');
#7507 = PRODUCT_DEFINITION_CONTEXT('part definition',#2,'design');
#7508 = ADVANCED_BREP_SHAPE_REPRESENTATION('',(#11,#7509),#7839);
#7509 = MANIFOLD_SOLID_BREP('',#7510);
#7510 = CLOSED_SHELL('',(#7511,#7631,#7707,#7778,#7825,#7832));
#7511 = ADVANCED_FACE('',(#7512),#7526,.T.);
#7512 = FACE_BOUND('',#7513,.T.);
#7513 = EDGE_LOOP('',(#7514,#7549,#7577,#7605));
#7514 = ORIENTED_EDGE('',*,*,#7515,.T.);
#7515 = EDGE_CURVE('',#7516,#7518,#7520,.T.);
#7516 = VERTEX_POINT('',#7517);
#7517 = CARTESIAN_POINT('',(-0.32,-7.94,0.));
#7518 = VERTEX_POINT('',#7519);
#7519 = CARTESIAN_POINT('',(-0.32,-7.94,-2.64));
#7520 = SURFACE_CURVE('',#7521,(#7525,#7537),.PCURVE_S1.);
#7521 = LINE('',#7522,#7523);
#7522 = CARTESIAN_POINT('',(-0.32,-7.94,0.));
#7523 = VECTOR('',#7524,1.);
#7524 = DIRECTION('',(-0.,-0.,-1.));
#7525 = PCURVE('',#7526,#7531);
#7526 = PLANE('',#7527);
#7527 = AXIS2_PLACEMENT_3D('',#7528,#7529,#7530);
#7528 = CARTESIAN_POINT('',(-0.32,-7.94,0.));
#7529 = DIRECTION('',(0.,-1.,0.));
#7530 = DIRECTION('',(1.,0.,0.));
#7531 = DEFINITIONAL_REPRESENTATION('',(#7532),#7536);
#7532 = LINE('',#7533,#7534);
#7533 = CARTESIAN_POINT('',(0.,0.));
#7534 = VECTOR('',#7535,1.);
#7535 = DIRECTION('',(0.,-1.));
#7536 = ( GEOMETRIC_REPRESENTATION_CONTEXT(2) 
PARAMETRIC_REPRESENTATION_CONTEXT() REPRESENTATION_CONTEXT('2D SPACE',''
  ) );
#7537 = PCURVE('',#7538,#7543);
#7538 = PLANE('',#7539);
#7539 = AXIS2_PLACEMENT_3D('',#7540,#7541,#7542);
#7540 = CARTESIAN_POINT('',(-0.32,-7.3,0.));
#7541 = DIRECTION('',(-1.,0.,0.));
#7542 = DIRECTION('',(0.,-1.,0.));
#7543 = DEFINITIONAL_REPRESENTATION('',(#7544),#7548);
#7544 = LINE('',#7545,#7546);
#7545 = CARTESIAN_POINT('',(0.64,0.));
#7546 = VECTOR('',#7547,1.);
#7547 = DIRECTION('',(0.,-1.));
#7548 = ( GEOMETRIC_REPRESENTATION_CONTEXT(2) 
PARAMETRIC_REPRESENTATION_CONTEXT() REPRESENTATION_CONTEXT('2D SPACE',''
  ) );
#7549 = ORIENTED_EDGE('',*,*,#7550,.T.);
#7550 = EDGE_CURVE('',#7518,#7551,#7553,.T.);
#7551 = VERTEX_POINT('',#7552);
#7552 = CARTESIAN_POINT('',(0.32,-7.94,-2.64));
#7553 = SURFACE_CURVE('',#7554,(#7558,#7565),.PCURVE_S1.);
#7554 = LINE('',#7555,#7556);
#7555 = CARTESIAN_POINT('',(-0.32,-7.94,-2.64));
#7556 = VECTOR('',#7557,1.);
#7557 = DIRECTION('',(1.,0.,0.));
#7558 = PCURVE('',#7526,#7559);
#7559 = DEFINITIONAL_REPRESENTATION('',(#7560),#7564);
#7560 = LINE('',#7561,#7562);
#7561 = CARTESIAN_POINT('',(0.,-2.64));
#7562 = VECTOR('',#7563,1.);
#7563 = DIRECTION('',(1.,0.));
#7564 = ( GEOMETRIC_REPRESENTATION_CONTEXT(2) 
PARAMETRIC_REPRESENTATION_CONTEXT() REPRESENTATION_CONTEXT('2D SPACE',''
  ) );
#7565 = PCURVE('',#7566,#7571);
#7566 = PLANE('',#7567);
#7567 = AXIS2_PLACEMENT_3D('',#7568,#7569,#7570);
#7568 = CARTESIAN_POINT('',(1.084202172486E-17,-7.62,-2.64));
#7569 = DIRECTION('',(0.,0.,1.));
#7570 = DIRECTION('',(1.,0.,-0.));
#7571 = DEFINITIONAL_REPRESENTATION('',(#7572),#7576);
#7572 = LINE('',#7573,#7574);
#7573 = CARTESIAN_POINT('',(-0.32,-0.32));
#7574 = VECTOR('',#7575,1.);
#7575 = DIRECTION('',(1.,0.));
#7576 = ( GEOMETRIC_REPRESENTATION_CONTEXT(2) 
PARAMETRIC_REPRESENTATION_CONTEXT() REPRESENTATION_CONTEXT('2D SPACE',''
  ) );
#7577 = ORIENTED_EDGE('',*,*,#7578,.F.);
#7578 = EDGE_CURVE('',#7579,#7551,#7581,.T.);
#7579 = VERTEX_POINT('',#7580);
#7580 = CARTESIAN_POINT('',(0.32,-7.94,0.));
#7581 = SURFACE_CURVE('',#7582,(#7586,#7593),.PCURVE_S1.);
#7582 = LINE('',#7583,#7584);
#7583 = CARTESIAN_POINT('',(0.32,-7.94,0.));
#7584 = VECTOR('',#7585,1.);
#7585 = DIRECTION('',(-0.,-0.,-1.));
#7586 = PCURVE('',#7526,#7587);
#7587 = DEFINITIONAL_REPRESENTATION('',(#7588),#7592);
#7588 = LINE('',#7589,#7590);
#7589 = CARTESIAN_POINT('',(0.64,0.));
#7590 = VECTOR('',#7591,1.);
#7591 = DIRECTION('',(0.,-1.));
#7592 = ( GEOMETRIC_REPRESENTATION_CONTEXT(2) 
PARAMETRIC_REPRESENTATION_CONTEXT() REPRESENTATION_CONTEXT('2D SPACE',''
  ) );
#7593 = PCURVE('',#7594,#7599);
#7594 = PLANE('',#7595);
#7595 = AXIS2_PLACEMENT_3D('',#7596,#7597,#7598);
#7596 = CARTESIAN_POINT('',(0.32,-7.94,0.));
#7597 = DIRECTION('',(1.,0.,0.));
#7598 = DIRECTION('',(-0.,1.,0.));
#7599 = DEFINITIONAL_REPRESENTATION('',(#7600),#7604);
#7600 = LINE('',#7601,#7602);
#7601 = CARTESIAN_POINT('',(0.,0.));
#7602 = VECTOR('',#7603,1.);
#7603 = DIRECTION('',(0.,-1.));
#7604 = ( GEOMETRIC_REPRESENTATION_CONTEXT(2) 
PARAMETRIC_REPRESENTATION_CONTEXT() REPRESENTATION_CONTEXT('2D SPACE',''
  ) );
#7605 = ORIENTED_EDGE('',*,*,#7606,.F.);
#7606 = EDGE_CURVE('',#7516,#7579,#7607,.T.);
#7607 = SURFACE_CURVE('',#7608,(#7612,#7619),.PCURVE_S1.);
#7608 = LINE('',#7609,#7610);
#7609 = CARTESIAN_POINT('',(-0.32,-7.94,0.));
#7610 = VECTOR('',#7611,1.);
#7611 = DIRECTION('',(1.,0.,0.));
#7612 = PCURVE('',#7526,#7613);
#7613 = DEFINITIONAL_REPRESENTATION('',(#7614),#7618);
#7614 = LINE('',#7615,#7616);
#7615 = CARTESIAN_POINT('',(0.,0.));
#7616 = VECTOR('',#7617,1.);
#7617 = DIRECTION('',(1.,0.));
#7618 = ( GEOMETRIC_REPRESENTATION_CONTEXT(2) 
PARAMETRIC_REPRESENTATION_CONTEXT() REPRESENTATION_CONTEXT('2D SPACE',''
  ) );
#7619 = PCURVE('',#7620,#7625);
#7620 = PLANE('',#7621);
#7621 = AXIS2_PLACEMENT_3D('',#7622,#7623,#7624);
#7622 = CARTESIAN_POINT('',(1.084202172486E-17,-7.62,0.));
#7623 = DIRECTION('',(0.,0.,1.));
#7624 = DIRECTION('',(1.,0.,-0.));
#7625 = DEFINITIONAL_REPRESENTATION('',(#7626),#7630);
#7626 = LINE('',#7627,#7628);
#7627 = CARTESIAN_POINT('',(-0.32,-0.32));
#7628 = VECTOR('',#7629,1.);
#7629 = DIRECTION('',(1.,0.));
#7630 = ( GEOMETRIC_REPRESENTATION_CONTEXT(2) 
PARAMETRIC_REPRESENTATION_CONTEXT() REPRESENTATION_CONTEXT('2D SPACE',''
  ) );
#7631 = ADVANCED_FACE('',(#7632),#7594,.T.);
#7632 = FACE_BOUND('',#7633,.T.);
#7633 = EDGE_LOOP('',(#7634,#7635,#7658,#7686));
#7634 = ORIENTED_EDGE('',*,*,#7578,.T.);
#7635 = ORIENTED_EDGE('',*,*,#7636,.T.);
#7636 = EDGE_CURVE('',#7551,#7637,#7639,.T.);
#7637 = VERTEX_POINT('',#7638);
#7638 = CARTESIAN_POINT('',(0.32,-7.3,-2.64));
#7639 = SURFACE_CURVE('',#7640,(#7644,#7651),.PCURVE_S1.);
#7640 = LINE('',#7641,#7642);
#7641 = CARTESIAN_POINT('',(0.32,-7.94,-2.64));
#7642 = VECTOR('',#7643,1.);
#7643 = DIRECTION('',(0.,1.,0.));
#7644 = PCURVE('',#7594,#7645);
#7645 = DEFINITIONAL_REPRESENTATION('',(#7646),#7650);
#7646 = LINE('',#7647,#7648);
#7647 = CARTESIAN_POINT('',(0.,-2.64));
#7648 = VECTOR('',#7649,1.);
#7649 = DIRECTION('',(1.,0.));
#7650 = ( GEOMETRIC_REPRESENTATION_CONTEXT(2) 
PARAMETRIC_REPRESENTATION_CONTEXT() REPRESENTATION_CONTEXT('2D SPACE',''
  ) );
#7651 = PCURVE('',#7566,#7652);
#7652 = DEFINITIONAL_REPRESENTATION('',(#7653),#7657);
#7653 = LINE('',#7654,#7655);
#7654 = CARTESIAN_POINT('',(0.32,-0.32));
#7655 = VECTOR('',#7656,1.);
#7656 = DIRECTION('',(0.,1.));
#7657 = ( GEOMETRIC_REPRESENTATION_CONTEXT(2) 
PARAMETRIC_REPRESENTATION_CONTEXT() REPRESENTATION_CONTEXT('2D SPACE',''
  ) );
#7658 = ORIENTED_EDGE('',*,*,#7659,.F.);
#7659 = EDGE_CURVE('',#7660,#7637,#7662,.T.);
#7660 = VERTEX_POINT('',#7661);
#7661 = CARTESIAN_POINT('',(0.32,-7.3,0.));
#7662 = SURFACE_CURVE('',#7663,(#7667,#7674),.PCURVE_S1.);
#7663 = LINE('',#7664,#7665);
#7664 = CARTESIAN_POINT('',(0.32,-7.3,0.));
#7665 = VECTOR('',#7666,1.);
#7666 = DIRECTION('',(-0.,-0.,-1.));
#7667 = PCURVE('',#7594,#7668);
#7668 = DEFINITIONAL_REPRESENTATION('',(#7669),#7673);
#7669 = LINE('',#7670,#7671);
#7670 = CARTESIAN_POINT('',(0.64,0.));
#7671 = VECTOR('',#7672,1.);
#7672 = DIRECTION('',(0.,-1.));
#7673 = ( GEOMETRIC_REPRESENTATION_CONTEXT(2) 
PARAMETRIC_REPRESENTATION_CONTEXT() REPRESENTATION_CONTEXT('2D SPACE',''
  ) );
#7674 = PCURVE('',#7675,#7680);
#7675 = PLANE('',#7676);
#7676 = AXIS2_PLACEMENT_3D('',#7677,#7678,#7679);
#7677 = CARTESIAN_POINT('',(0.32,-7.3,0.));
#7678 = DIRECTION('',(0.,1.,-0.));
#7679 = DIRECTION('',(-1.,0.,0.));
#7680 = DEFINITIONAL_REPRESENTATION('',(#7681),#7685);
#7681 = LINE('',#7682,#7683);
#7682 = CARTESIAN_POINT('',(0.,0.));
#7683 = VECTOR('',#7684,1.);
#7684 = DIRECTION('',(0.,-1.));
#7685 = ( GEOMETRIC_REPRESENTATION_CONTEXT(2) 
PARAMETRIC_REPRESENTATION_CONTEXT() REPRESENTATION_CONTEXT('2D SPACE',''
  ) );
#7686 = ORIENTED_EDGE('',*,*,#7687,.F.);
#7687 = EDGE_CURVE('',#7579,#7660,#7688,.T.);
#7688 = SURFACE_CURVE('',#7689,(#7693,#7700),.PCURVE_S1.);
#7689 = LINE('',#7690,#7691);
#7690 = CARTESIAN_POINT('',(0.32,-7.94,0.));
#7691 = VECTOR('',#7692,1.);
#7692 = DIRECTION('',(0.,1.,0.));
#7693 = PCURVE('',#7594,#7694);
#7694 = DEFINITIONAL_REPRESENTATION('',(#7695),#7699);
#7695 = LINE('',#7696,#7697);
#7696 = CARTESIAN_POINT('',(0.,0.));
#7697 = VECTOR('',#7698,1.);
#7698 = DIRECTION('',(1.,0.));
#7699 = ( GEOMETRIC_REPRESENTATION_CONTEXT(2) 
PARAMETRIC_REPRESENTATION_CONTEXT() REPRESENTATION_CONTEXT('2D SPACE',''
  ) );
#7700 = PCURVE('',#7620,#7701);
#7701 = DEFINITIONAL_REPRESENTATION('',(#7702),#7706);
#7702 = LINE('',#7703,#7704);
#7703 = CARTESIAN_POINT('',(0.32,-0.32));
#7704 = VECTOR('',#7705,1.);
#7705 = DIRECTION('',(0.,1.));
#7706 = ( GEOMETRIC_REPRESENTATION_CONTEXT(2) 
PARAMETRIC_REPRESENTATION_CONTEXT() REPRESENTATION_CONTEXT('2D SPACE',''
  ) );
#7707 = ADVANCED_FACE('',(#7708),#7675,.T.);
#7708 = FACE_BOUND('',#7709,.T.);
#7709 = EDGE_LOOP('',(#7710,#7711,#7734,#7757));
#7710 = ORIENTED_EDGE('',*,*,#7659,.T.);
#7711 = ORIENTED_EDGE('',*,*,#7712,.T.);
#7712 = EDGE_CURVE('',#7637,#7713,#7715,.T.);
#7713 = VERTEX_POINT('',#7714);
#7714 = CARTESIAN_POINT('',(-0.32,-7.3,-2.64));
#7715 = SURFACE_CURVE('',#7716,(#7720,#7727),.PCURVE_S1.);
#7716 = LINE('',#7717,#7718);
#7717 = CARTESIAN_POINT('',(0.32,-7.3,-2.64));
#7718 = VECTOR('',#7719,1.);
#7719 = DIRECTION('',(-1.,0.,0.));
#7720 = PCURVE('',#7675,#7721);
#7721 = DEFINITIONAL_REPRESENTATION('',(#7722),#7726);
#7722 = LINE('',#7723,#7724);
#7723 = CARTESIAN_POINT('',(0.,-2.64));
#7724 = VECTOR('',#7725,1.);
#7725 = DIRECTION('',(1.,0.));
#7726 = ( GEOMETRIC_REPRESENTATION_CONTEXT(2) 
PARAMETRIC_REPRESENTATION_CONTEXT() REPRESENTATION_CONTEXT('2D SPACE',''
  ) );
#7727 = PCURVE('',#7566,#7728);
#7728 = DEFINITIONAL_REPRESENTATION('',(#7729),#7733);
#7729 = LINE('',#7730,#7731);
#7730 = CARTESIAN_POINT('',(0.32,0.32));
#7731 = VECTOR('',#7732,1.);
#7732 = DIRECTION('',(-1.,0.));
#7733 = ( GEOMETRIC_REPRESENTATION_CONTEXT(2) 
PARAMETRIC_REPRESENTATION_CONTEXT() REPRESENTATION_CONTEXT('2D SPACE',''
  ) );
#7734 = ORIENTED_EDGE('',*,*,#7735,.F.);
#7735 = EDGE_CURVE('',#7736,#7713,#7738,.T.);
#7736 = VERTEX_POINT('',#7737);
#7737 = CARTESIAN_POINT('',(-0.32,-7.3,0.));
#7738 = SURFACE_CURVE('',#7739,(#7743,#7750),.PCURVE_S1.);
#7739 = LINE('',#7740,#7741);
#7740 = CARTESIAN_POINT('',(-0.32,-7.3,0.));
#7741 = VECTOR('',#7742,1.);
#7742 = DIRECTION('',(-0.,-0.,-1.));
#7743 = PCURVE('',#7675,#7744);
#7744 = DEFINITIONAL_REPRESENTATION('',(#7745),#7749);
#7745 = LINE('',#7746,#7747);
#7746 = CARTESIAN_POINT('',(0.64,0.));
#7747 = VECTOR('',#7748,1.);
#7748 = DIRECTION('',(0.,-1.));
#7749 = ( GEOMETRIC_REPRESENTATION_CONTEXT(2) 
PARAMETRIC_REPRESENTATION_CONTEXT() REPRESENTATION_CONTEXT('2D SPACE',''
  ) );
#7750 = PCURVE('',#7538,#7751);
#7751 = DEFINITIONAL_REPRESENTATION('',(#7752),#7756);
#7752 = LINE('',#7753,#7754);
#7753 = CARTESIAN_POINT('',(0.,0.));
#7754 = VECTOR('',#7755,1.);
#7755 = DIRECTION('',(0.,-1.));
#7756 = ( GEOMETRIC_REPRESENTATION_CONTEXT(2) 
PARAMETRIC_REPRESENTATION_CONTEXT() REPRESENTATION_CONTEXT('2D SPACE',''
  ) );
#7757 = ORIENTED_EDGE('',*,*,#7758,.F.);
#7758 = EDGE_CURVE('',#7660,#7736,#7759,.T.);
#7759 = SURFACE_CURVE('',#7760,(#7764,#7771),.PCURVE_S1.);
#7760 = LINE('',#7761,#7762);
#7761 = CARTESIAN_POINT('',(0.32,-7.3,0.));
#7762 = VECTOR('',#7763,1.);
#7763 = DIRECTION('',(-1.,0.,0.));
#7764 = PCURVE('',#7675,#7765);
#7765 = DEFINITIONAL_REPRESENTATION('',(#7766),#7770);
#7766 = LINE('',#7767,#7768);
#7767 = CARTESIAN_POINT('',(0.,0.));
#7768 = VECTOR('',#7769,1.);
#7769 = DIRECTION('',(1.,0.));
#7770 = ( GEOMETRIC_REPRESENTATION_CONTEXT(2) 
PARAMETRIC_REPRESENTATION_CONTEXT() REPRESENTATION_CONTEXT('2D SPACE',''
  ) );
#7771 = PCURVE('',#7620,#7772);
#7772 = DEFINITIONAL_REPRESENTATION('',(#7773),#7777);
#7773 = LINE('',#7774,#7775);
#7774 = CARTESIAN_POINT('',(0.32,0.32));
#7775 = VECTOR('',#7776,1.);
#7776 = DIRECTION('',(-1.,0.));
#7777 = ( GEOMETRIC_REPRESENTATION_CONTEXT(2) 
PARAMETRIC_REPRESENTATION_CONTEXT() REPRESENTATION_CONTEXT('2D SPACE',''
  ) );
#7778 = ADVANCED_FACE('',(#7779),#7538,.T.);
#7779 = FACE_BOUND('',#7780,.T.);
#7780 = EDGE_LOOP('',(#7781,#7782,#7803,#7804));
#7781 = ORIENTED_EDGE('',*,*,#7735,.T.);
#7782 = ORIENTED_EDGE('',*,*,#7783,.T.);
#7783 = EDGE_CURVE('',#7713,#7518,#7784,.T.);
#7784 = SURFACE_CURVE('',#7785,(#7789,#7796),.PCURVE_S1.);
#7785 = LINE('',#7786,#7787);
#7786 = CARTESIAN_POINT('',(-0.32,-7.3,-2.64));
#7787 = VECTOR('',#7788,1.);
#7788 = DIRECTION('',(0.,-1.,0.));
#7789 = PCURVE('',#7538,#7790);
#7790 = DEFINITIONAL_REPRESENTATION('',(#7791),#7795);
#7791 = LINE('',#7792,#7793);
#7792 = CARTESIAN_POINT('',(0.,-2.64));
#7793 = VECTOR('',#7794,1.);
#7794 = DIRECTION('',(1.,0.));
#7795 = ( GEOMETRIC_REPRESENTATION_CONTEXT(2) 
PARAMETRIC_REPRESENTATION_CONTEXT() REPRESENTATION_CONTEXT('2D SPACE',''
  ) );
#7796 = PCURVE('',#7566,#7797);
#7797 = DEFINITIONAL_REPRESENTATION('',(#7798),#7802);
#7798 = LINE('',#7799,#7800);
#7799 = CARTESIAN_POINT('',(-0.32,0.32));
#7800 = VECTOR('',#7801,1.);
#7801 = DIRECTION('',(0.,-1.));
#7802 = ( GEOMETRIC_REPRESENTATION_CONTEXT(2) 
PARAMETRIC_REPRESENTATION_CONTEXT() REPRESENTATION_CONTEXT('2D SPACE',''
  ) );
#7803 = ORIENTED_EDGE('',*,*,#7515,.F.);
#7804 = ORIENTED_EDGE('',*,*,#7805,.F.);
#7805 = EDGE_CURVE('',#7736,#7516,#7806,.T.);
#7806 = SURFACE_CURVE('',#7807,(#7811,#7818),.PCURVE_S1.);
#7807 = LINE('',#7808,#7809);
#7808 = CARTESIAN_POINT('',(-0.32,-7.3,0.));
#7809 = VECTOR('',#7810,1.);
#7810 = DIRECTION('',(0.,-1.,0.));
#7811 = PCURVE('',#7538,#7812);
#7812 = DEFINITIONAL_REPRESENTATION('',(#7813),#7817);
#7813 = LINE('',#7814,#7815);
#7814 = CARTESIAN_POINT('',(0.,0.));
#7815 = VECTOR('',#7816,1.);
#7816 = DIRECTION('',(1.,0.));
#7817 = ( GEOMETRIC_REPRESENTATION_CONTEXT(2) 
PARAMETRIC_REPRESENTATION_CONTEXT() REPRESENTATION_CONTEXT('2D SPACE',''
  ) );
#7818 = PCURVE('',#7620,#7819);
#7819 = DEFINITIONAL_REPRESENTATION('',(#7820),#7824);
#7820 = LINE('',#7821,#7822);
#7821 = CARTESIAN_POINT('',(-0.32,0.32));
#7822 = VECTOR('',#7823,1.);
#7823 = DIRECTION('',(0.,-1.));
#7824 = ( GEOMETRIC_REPRESENTATION_CONTEXT(2) 
PARAMETRIC_REPRESENTATION_CONTEXT() REPRESENTATION_CONTEXT('2D SPACE',''
  ) );
#7825 = ADVANCED_FACE('',(#7826),#7620,.T.);
#7826 = FACE_BOUND('',#7827,.T.);
#7827 = EDGE_LOOP('',(#7828,#7829,#7830,#7831));
#7828 = ORIENTED_EDGE('',*,*,#7606,.T.);
#7829 = ORIENTED_EDGE('',*,*,#7687,.T.);
#7830 = ORIENTED_EDGE('',*,*,#7758,.T.);
#7831 = ORIENTED_EDGE('',*,*,#7805,.T.);
#7832 = ADVANCED_FACE('',(#7833),#7566,.F.);
#7833 = FACE_BOUND('',#7834,.F.);
#7834 = EDGE_LOOP('',(#7835,#7836,#7837,#7838));
#7835 = ORIENTED_EDGE('',*,*,#7550,.T.);
#7836 = ORIENTED_EDGE('',*,*,#7636,.T.);
#7837 = ORIENTED_EDGE('',*,*,#7712,.T.);
#7838 = ORIENTED_EDGE('',*,*,#7783,.T.);
#7839 = ( GEOMETRIC_REPRESENTATION_CONTEXT(3) 
GLOBAL_UNCERTAINTY_ASSIGNED_CONTEXT((#7843)) 
GLOBAL_UNIT_ASSIGNED_CONTEXT((#7840,#7841,#7842)) REPRESENTATION_CONTEXT
('Context #1','3D Context with UNIT and UNCERTAINTY') );
#7840 = ( LENGTH_UNIT() NAMED_UNIT(*) SI_UNIT(.MILLI.,.METRE.) );
#7841 = ( NAMED_UNIT(*) PLANE_ANGLE_UNIT() SI_UNIT($,.RADIAN.) );
#7842 = ( NAMED_UNIT(*) SI_UNIT($,.STERADIAN.) SOLID_ANGLE_UNIT() );
#7843 = UNCERTAINTY_MEASURE_WITH_UNIT(LENGTH_MEASURE(1.E-07),#7840,
  'distance_accuracy_value','confusion accuracy');
#7844 = CONTEXT_DEPENDENT_SHAPE_REPRESENTATION(#7845,#7847);
#7845 = ( REPRESENTATION_RELATIONSHIP('','',#7508,#10) 
REPRESENTATION_RELATIONSHIP_WITH_TRANSFORMATION(#7846) 
SHAPE_REPRESENTATION_RELATIONSHIP() );
#7846 = ITEM_DEFINED_TRANSFORMATION('','',#11,#31);
#7847 = PRODUCT_DEFINITION_SHAPE('Placement','Placement of an item',
  #7848);
#7848 = NEXT_ASSEMBLY_USAGE_OCCURRENCE('5','tail_4','',#5,#7503,$);
#7849 = PRODUCT_RELATED_PRODUCT_CATEGORY('part',$,(#7505));
#7850 = SHAPE_DEFINITION_REPRESENTATION(#7851,#7857);
#7851 = PRODUCT_DEFINITION_SHAPE('','',#7852);
#7852 = PRODUCT_DEFINITION('design','',#7853,#7856);
#7853 = PRODUCT_DEFINITION_FORMATION('','',#7854);
#7854 = PRODUCT('tail_5','tail_5','',(#7855));
#7855 = PRODUCT_CONTEXT('',#2,'mechanical');
#7856 = PRODUCT_DEFINITION_CONTEXT('part definition',#2,'design');
#7857 = ADVANCED_BREP_SHAPE_REPRESENTATION('',(#11,#7858),#8188);
#7858 = MANIFOLD_SOLID_BREP('',#7859);
#7859 = CLOSED_SHELL('',(#7860,#7980,#8056,#8127,#8174,#8181));
#7860 = ADVANCED_FACE('',(#7861),#7875,.T.);
#7861 = FACE_BOUND('',#7862,.T.);
#7862 = EDGE_LOOP('',(#7863,#7898,#7926,#7954));
#7863 = ORIENTED_EDGE('',*,*,#7864,.T.);
#7864 = EDGE_CURVE('',#7865,#7867,#7869,.T.);
#7865 = VERTEX_POINT('',#7866);
#7866 = CARTESIAN_POINT('',(-0.32,-10.48,0.));
#7867 = VERTEX_POINT('',#7868);
#7868 = CARTESIAN_POINT('',(-0.32,-10.48,-2.64));
#7869 = SURFACE_CURVE('',#7870,(#7874,#7886),.PCURVE_S1.);
#7870 = LINE('',#7871,#7872);
#7871 = CARTESIAN_POINT('',(-0.32,-10.48,0.));
#7872 = VECTOR('',#7873,1.);
#7873 = DIRECTION('',(-0.,-0.,-1.));
#7874 = PCURVE('',#7875,#7880);
#7875 = PLANE('',#7876);
#7876 = AXIS2_PLACEMENT_3D('',#7877,#7878,#7879);
#7877 = CARTESIAN_POINT('',(-0.32,-10.48,0.));
#7878 = DIRECTION('',(0.,-1.,0.));
#7879 = DIRECTION('',(1.,0.,0.));
#7880 = DEFINITIONAL_REPRESENTATION('',(#7881),#7885);
#7881 = LINE('',#7882,#7883);
#7882 = CARTESIAN_POINT('',(0.,0.));
#7883 = VECTOR('',#7884,1.);
#7884 = DIRECTION('',(0.,-1.));
#7885 = ( GEOMETRIC_REPRESENTATION_CONTEXT(2) 
PARAMETRIC_REPRESENTATION_CONTEXT() REPRESENTATION_CONTEXT('2D SPACE',''
  ) );
#7886 = PCURVE('',#7887,#7892);
#7887 = PLANE('',#7888);
#7888 = AXIS2_PLACEMENT_3D('',#7889,#7890,#7891);
#7889 = CARTESIAN_POINT('',(-0.32,-9.84,0.));
#7890 = DIRECTION('',(-1.,0.,0.));
#7891 = DIRECTION('',(0.,-1.,0.));
#7892 = DEFINITIONAL_REPRESENTATION('',(#7893),#7897);
#7893 = LINE('',#7894,#7895);
#7894 = CARTESIAN_POINT('',(0.64,0.));
#7895 = VECTOR('',#7896,1.);
#7896 = DIRECTION('',(0.,-1.));
#7897 = ( GEOMETRIC_REPRESENTATION_CONTEXT(2) 
PARAMETRIC_REPRESENTATION_CONTEXT() REPRESENTATION_CONTEXT('2D SPACE',''
  ) );
#7898 = ORIENTED_EDGE('',*,*,#7899,.T.);
#7899 = EDGE_CURVE('',#7867,#7900,#7902,.T.);
#7900 = VERTEX_POINT('',#7901);
#7901 = CARTESIAN_POINT('',(0.32,-10.48,-2.64));
#7902 = SURFACE_CURVE('',#7903,(#7907,#7914),.PCURVE_S1.);
#7903 = LINE('',#7904,#7905);
#7904 = CARTESIAN_POINT('',(-0.32,-10.48,-2.64));
#7905 = VECTOR('',#7906,1.);
#7906 = DIRECTION('',(1.,0.,0.));
#7907 = PCURVE('',#7875,#7908);
#7908 = DEFINITIONAL_REPRESENTATION('',(#7909),#7913);
#7909 = LINE('',#7910,#7911);
#7910 = CARTESIAN_POINT('',(0.,-2.64));
#7911 = VECTOR('',#7912,1.);
#7912 = DIRECTION('',(1.,0.));
#7913 = ( GEOMETRIC_REPRESENTATION_CONTEXT(2) 
PARAMETRIC_REPRESENTATION_CONTEXT() REPRESENTATION_CONTEXT('2D SPACE',''
  ) );
#7914 = PCURVE('',#7915,#7920);
#7915 = PLANE('',#7916);
#7916 = AXIS2_PLACEMENT_3D('',#7917,#7918,#7919);
#7917 = CARTESIAN_POINT('',(1.084202172486E-17,-10.16,-2.64));
#7918 = DIRECTION('',(0.,0.,1.));
#7919 = DIRECTION('',(1.,0.,-0.));
#7920 = DEFINITIONAL_REPRESENTATION('',(#7921),#7925);
#7921 = LINE('',#7922,#7923);
#7922 = CARTESIAN_POINT('',(-0.32,-0.32));
#7923 = VECTOR('',#7924,1.);
#7924 = DIRECTION('',(1.,0.));
#7925 = ( GEOMETRIC_REPRESENTATION_CONTEXT(2) 
PARAMETRIC_REPRESENTATION_CONTEXT() REPRESENTATION_CONTEXT('2D SPACE',''
  ) );
#7926 = ORIENTED_EDGE('',*,*,#7927,.F.);
#7927 = EDGE_CURVE('',#7928,#7900,#7930,.T.);
#7928 = VERTEX_POINT('',#7929);
#7929 = CARTESIAN_POINT('',(0.32,-10.48,0.));
#7930 = SURFACE_CURVE('',#7931,(#7935,#7942),.PCURVE_S1.);
#7931 = LINE('',#7932,#7933);
#7932 = CARTESIAN_POINT('',(0.32,-10.48,0.));
#7933 = VECTOR('',#7934,1.);
#7934 = DIRECTION('',(-0.,-0.,-1.));
#7935 = PCURVE('',#7875,#7936);
#7936 = DEFINITIONAL_REPRESENTATION('',(#7937),#7941);
#7937 = LINE('',#7938,#7939);
#7938 = CARTESIAN_POINT('',(0.64,0.));
#7939 = VECTOR('',#7940,1.);
#7940 = DIRECTION('',(0.,-1.));
#7941 = ( GEOMETRIC_REPRESENTATION_CONTEXT(2) 
PARAMETRIC_REPRESENTATION_CONTEXT() REPRESENTATION_CONTEXT('2D SPACE',''
  ) );
#7942 = PCURVE('',#7943,#7948);
#7943 = PLANE('',#7944);
#7944 = AXIS2_PLACEMENT_3D('',#7945,#7946,#7947);
#7945 = CARTESIAN_POINT('',(0.32,-10.48,0.));
#7946 = DIRECTION('',(1.,0.,0.));
#7947 = DIRECTION('',(-0.,1.,0.));
#7948 = DEFINITIONAL_REPRESENTATION('',(#7949),#7953);
#7949 = LINE('',#7950,#7951);
#7950 = CARTESIAN_POINT('',(0.,0.));
#7951 = VECTOR('',#7952,1.);
#7952 = DIRECTION('',(0.,-1.));
#7953 = ( GEOMETRIC_REPRESENTATION_CONTEXT(2) 
PARAMETRIC_REPRESENTATION_CONTEXT() REPRESENTATION_CONTEXT('2D SPACE',''
  ) );
#7954 = ORIENTED_EDGE('',*,*,#7955,.F.);
#7955 = EDGE_CURVE('',#7865,#7928,#7956,.T.);
#7956 = SURFACE_CURVE('',#7957,(#7961,#7968),.PCURVE_S1.);
#7957 = LINE('',#7958,#7959);
#7958 = CARTESIAN_POINT('',(-0.32,-10.48,0.));
#7959 = VECTOR('',#7960,1.);
#7960 = DIRECTION('',(1.,0.,0.));
#7961 = PCURVE('',#7875,#7962);
#7962 = DEFINITIONAL_REPRESENTATION('',(#7963),#7967);
#7963 = LINE('',#7964,#7965);
#7964 = CARTESIAN_POINT('',(0.,0.));
#7965 = VECTOR('',#7966,1.);
#7966 = DIRECTION('',(1.,0.));
#7967 = ( GEOMETRIC_REPRESENTATION_CONTEXT(2) 
PARAMETRIC_REPRESENTATION_CONTEXT() REPRESENTATION_CONTEXT('2D SPACE',''
  ) );
#7968 = PCURVE('',#7969,#7974);
#7969 = PLANE('',#7970);
#7970 = AXIS2_PLACEMENT_3D('',#7971,#7972,#7973);
#7971 = CARTESIAN_POINT('',(1.084202172486E-17,-10.16,0.));
#7972 = DIRECTION('',(0.,0.,1.));
#7973 = DIRECTION('',(1.,0.,-0.));
#7974 = DEFINITIONAL_REPRESENTATION('',(#7975),#7979);
#7975 = LINE('',#7976,#7977);
#7976 = CARTESIAN_POINT('',(-0.32,-0.32));
#7977 = VECTOR('',#7978,1.);
#7978 = DIRECTION('',(1.,0.));
#7979 = ( GEOMETRIC_REPRESENTATION_CONTEXT(2) 
PARAMETRIC_REPRESENTATION_CONTEXT() REPRESENTATION_CONTEXT('2D SPACE',''
  ) );
#7980 = ADVANCED_FACE('',(#7981),#7943,.T.);
#7981 = FACE_BOUND('',#7982,.T.);
#7982 = EDGE_LOOP('',(#7983,#7984,#8007,#8035));
#7983 = ORIENTED_EDGE('',*,*,#7927,.T.);
#7984 = ORIENTED_EDGE('',*,*,#7985,.T.);
#7985 = EDGE_CURVE('',#7900,#7986,#7988,.T.);
#7986 = VERTEX_POINT('',#7987);
#7987 = CARTESIAN_POINT('',(0.32,-9.84,-2.64));
#7988 = SURFACE_CURVE('',#7989,(#7993,#8000),.PCURVE_S1.);
#7989 = LINE('',#7990,#7991);
#7990 = CARTESIAN_POINT('',(0.32,-10.48,-2.64));
#7991 = VECTOR('',#7992,1.);
#7992 = DIRECTION('',(0.,1.,0.));
#7993 = PCURVE('',#7943,#7994);
#7994 = DEFINITIONAL_REPRESENTATION('',(#7995),#7999);
#7995 = LINE('',#7996,#7997);
#7996 = CARTESIAN_POINT('',(0.,-2.64));
#7997 = VECTOR('',#7998,1.);
#7998 = DIRECTION('',(1.,0.));
#7999 = ( GEOMETRIC_REPRESENTATION_CONTEXT(2) 
PARAMETRIC_REPRESENTATION_CONTEXT() REPRESENTATION_CONTEXT('2D SPACE',''
  ) );
#8000 = PCURVE('',#7915,#8001);
#8001 = DEFINITIONAL_REPRESENTATION('',(#8002),#8006);
#8002 = LINE('',#8003,#8004);
#8003 = CARTESIAN_POINT('',(0.32,-0.32));
#8004 = VECTOR('',#8005,1.);
#8005 = DIRECTION('',(0.,1.));
#8006 = ( GEOMETRIC_REPRESENTATION_CONTEXT(2) 
PARAMETRIC_REPRESENTATION_CONTEXT() REPRESENTATION_CONTEXT('2D SPACE',''
  ) );
#8007 = ORIENTED_EDGE('',*,*,#8008,.F.);
#8008 = EDGE_CURVE('',#8009,#7986,#8011,.T.);
#8009 = VERTEX_POINT('',#8010);
#8010 = CARTESIAN_POINT('',(0.32,-9.84,0.));
#8011 = SURFACE_CURVE('',#8012,(#8016,#8023),.PCURVE_S1.);
#8012 = LINE('',#8013,#8014);
#8013 = CARTESIAN_POINT('',(0.32,-9.84,0.));
#8014 = VECTOR('',#8015,1.);
#8015 = DIRECTION('',(-0.,-0.,-1.));
#8016 = PCURVE('',#7943,#8017);
#8017 = DEFINITIONAL_REPRESENTATION('',(#8018),#8022);
#8018 = LINE('',#8019,#8020);
#8019 = CARTESIAN_POINT('',(0.64,0.));
#8020 = VECTOR('',#8021,1.);
#8021 = DIRECTION('',(0.,-1.));
#8022 = ( GEOMETRIC_REPRESENTATION_CONTEXT(2) 
PARAMETRIC_REPRESENTATION_CONTEXT() REPRESENTATION_CONTEXT('2D SPACE',''
  ) );
#8023 = PCURVE('',#8024,#8029);
#8024 = PLANE('',#8025);
#8025 = AXIS2_PLACEMENT_3D('',#8026,#8027,#8028);
#8026 = CARTESIAN_POINT('',(0.32,-9.84,0.));
#8027 = DIRECTION('',(0.,1.,-0.));
#8028 = DIRECTION('',(-1.,0.,0.));
#8029 = DEFINITIONAL_REPRESENTATION('',(#8030),#8034);
#8030 = LINE('',#8031,#8032);
#8031 = CARTESIAN_POINT('',(0.,0.));
#8032 = VECTOR('',#8033,1.);
#8033 = DIRECTION('',(0.,-1.));
#8034 = ( GEOMETRIC_REPRESENTATION_CONTEXT(2) 
PARAMETRIC_REPRESENTATION_CONTEXT() REPRESENTATION_CONTEXT('2D SPACE',''
  ) );
#8035 = ORIENTED_EDGE('',*,*,#8036,.F.);
#8036 = EDGE_CURVE('',#7928,#8009,#8037,.T.);
#8037 = SURFACE_CURVE('',#8038,(#8042,#8049),.PCURVE_S1.);
#8038 = LINE('',#8039,#8040);
#8039 = CARTESIAN_POINT('',(0.32,-10.48,0.));
#8040 = VECTOR('',#8041,1.);
#8041 = DIRECTION('',(0.,1.,0.));
#8042 = PCURVE('',#7943,#8043);
#8043 = DEFINITIONAL_REPRESENTATION('',(#8044),#8048);
#8044 = LINE('',#8045,#8046);
#8045 = CARTESIAN_POINT('',(0.,0.));
#8046 = VECTOR('',#8047,1.);
#8047 = DIRECTION('',(1.,0.));
#8048 = ( GEOMETRIC_REPRESENTATION_CONTEXT(2) 
PARAMETRIC_REPRESENTATION_CONTEXT() REPRESENTATION_CONTEXT('2D SPACE',''
  ) );
#8049 = PCURVE('',#7969,#8050);
#8050 = DEFINITIONAL_REPRESENTATION('',(#8051),#8055);
#8051 = LINE('',#8052,#8053);
#8052 = CARTESIAN_POINT('',(0.32,-0.32));
#8053 = VECTOR('',#8054,1.);
#8054 = DIRECTION('',(0.,1.));
#8055 = ( GEOMETRIC_REPRESENTATION_CONTEXT(2) 
PARAMETRIC_REPRESENTATION_CONTEXT() REPRESENTATION_CONTEXT('2D SPACE',''
  ) );
#8056 = ADVANCED_FACE('',(#8057),#8024,.T.);
#8057 = FACE_BOUND('',#8058,.T.);
#8058 = EDGE_LOOP('',(#8059,#8060,#8083,#8106));
#8059 = ORIENTED_EDGE('',*,*,#8008,.T.);
#8060 = ORIENTED_EDGE('',*,*,#8061,.T.);
#8061 = EDGE_CURVE('',#7986,#8062,#8064,.T.);
#8062 = VERTEX_POINT('',#8063);
#8063 = CARTESIAN_POINT('',(-0.32,-9.84,-2.64));
#8064 = SURFACE_CURVE('',#8065,(#8069,#8076),.PCURVE_S1.);
#8065 = LINE('',#8066,#8067);
#8066 = CARTESIAN_POINT('',(0.32,-9.84,-2.64));
#8067 = VECTOR('',#8068,1.);
#8068 = DIRECTION('',(-1.,0.,0.));
#8069 = PCURVE('',#8024,#8070);
#8070 = DEFINITIONAL_REPRESENTATION('',(#8071),#8075);
#8071 = LINE('',#8072,#8073);
#8072 = CARTESIAN_POINT('',(0.,-2.64));
#8073 = VECTOR('',#8074,1.);
#8074 = DIRECTION('',(1.,0.));
#8075 = ( GEOMETRIC_REPRESENTATION_CONTEXT(2) 
PARAMETRIC_REPRESENTATION_CONTEXT() REPRESENTATION_CONTEXT('2D SPACE',''
  ) );
#8076 = PCURVE('',#7915,#8077);
#8077 = DEFINITIONAL_REPRESENTATION('',(#8078),#8082);
#8078 = LINE('',#8079,#8080);
#8079 = CARTESIAN_POINT('',(0.32,0.32));
#8080 = VECTOR('',#8081,1.);
#8081 = DIRECTION('',(-1.,0.));
#8082 = ( GEOMETRIC_REPRESENTATION_CONTEXT(2) 
PARAMETRIC_REPRESENTATION_CONTEXT() REPRESENTATION_CONTEXT('2D SPACE',''
  ) );
#8083 = ORIENTED_EDGE('',*,*,#8084,.F.);
#8084 = EDGE_CURVE('',#8085,#8062,#8087,.T.);
#8085 = VERTEX_POINT('',#8086);
#8086 = CARTESIAN_POINT('',(-0.32,-9.84,0.));
#8087 = SURFACE_CURVE('',#8088,(#8092,#8099),.PCURVE_S1.);
#8088 = LINE('',#8089,#8090);
#8089 = CARTESIAN_POINT('',(-0.32,-9.84,0.));
#8090 = VECTOR('',#8091,1.);
#8091 = DIRECTION('',(-0.,-0.,-1.));
#8092 = PCURVE('',#8024,#8093);
#8093 = DEFINITIONAL_REPRESENTATION('',(#8094),#8098);
#8094 = LINE('',#8095,#8096);
#8095 = CARTESIAN_POINT('',(0.64,0.));
#8096 = VECTOR('',#8097,1.);
#8097 = DIRECTION('',(0.,-1.));
#8098 = ( GEOMETRIC_REPRESENTATION_CONTEXT(2) 
PARAMETRIC_REPRESENTATION_CONTEXT() REPRESENTATION_CONTEXT('2D SPACE',''
  ) );
#8099 = PCURVE('',#7887,#8100);
#8100 = DEFINITIONAL_REPRESENTATION('',(#8101),#8105);
#8101 = LINE('',#8102,#8103);
#8102 = CARTESIAN_POINT('',(0.,0.));
#8103 = VECTOR('',#8104,1.);
#8104 = DIRECTION('',(0.,-1.));
#8105 = ( GEOMETRIC_REPRESENTATION_CONTEXT(2) 
PARAMETRIC_REPRESENTATION_CONTEXT() REPRESENTATION_CONTEXT('2D SPACE',''
  ) );
#8106 = ORIENTED_EDGE('',*,*,#8107,.F.);
#8107 = EDGE_CURVE('',#8009,#8085,#8108,.T.);
#8108 = SURFACE_CURVE('',#8109,(#8113,#8120),.PCURVE_S1.);
#8109 = LINE('',#8110,#8111);
#8110 = CARTESIAN_POINT('',(0.32,-9.84,0.));
#8111 = VECTOR('',#8112,1.);
#8112 = DIRECTION('',(-1.,0.,0.));
#8113 = PCURVE('',#8024,#8114);
#8114 = DEFINITIONAL_REPRESENTATION('',(#8115),#8119);
#8115 = LINE('',#8116,#8117);
#8116 = CARTESIAN_POINT('',(0.,0.));
#8117 = VECTOR('',#8118,1.);
#8118 = DIRECTION('',(1.,0.));
#8119 = ( GEOMETRIC_REPRESENTATION_CONTEXT(2) 
PARAMETRIC_REPRESENTATION_CONTEXT() REPRESENTATION_CONTEXT('2D SPACE',''
  ) );
#8120 = PCURVE('',#7969,#8121);
#8121 = DEFINITIONAL_REPRESENTATION('',(#8122),#8126);
#8122 = LINE('',#8123,#8124);
#8123 = CARTESIAN_POINT('',(0.32,0.32));
#8124 = VECTOR('',#8125,1.);
#8125 = DIRECTION('',(-1.,0.));
#8126 = ( GEOMETRIC_REPRESENTATION_CONTEXT(2) 
PARAMETRIC_REPRESENTATION_CONTEXT() REPRESENTATION_CONTEXT('2D SPACE',''
  ) );
#8127 = ADVANCED_FACE('',(#8128),#7887,.T.);
#8128 = FACE_BOUND('',#8129,.T.);
#8129 = EDGE_LOOP('',(#8130,#8131,#8152,#8153));
#8130 = ORIENTED_EDGE('',*,*,#8084,.T.);
#8131 = ORIENTED_EDGE('',*,*,#8132,.T.);
#8132 = EDGE_CURVE('',#8062,#7867,#8133,.T.);
#8133 = SURFACE_CURVE('',#8134,(#8138,#8145),.PCURVE_S1.);
#8134 = LINE('',#8135,#8136);
#8135 = CARTESIAN_POINT('',(-0.32,-9.84,-2.64));
#8136 = VECTOR('',#8137,1.);
#8137 = DIRECTION('',(0.,-1.,0.));
#8138 = PCURVE('',#7887,#8139);
#8139 = DEFINITIONAL_REPRESENTATION('',(#8140),#8144);
#8140 = LINE('',#8141,#8142);
#8141 = CARTESIAN_POINT('',(0.,-2.64));
#8142 = VECTOR('',#8143,1.);
#8143 = DIRECTION('',(1.,0.));
#8144 = ( GEOMETRIC_REPRESENTATION_CONTEXT(2) 
PARAMETRIC_REPRESENTATION_CONTEXT() REPRESENTATION_CONTEXT('2D SPACE',''
  ) );
#8145 = PCURVE('',#7915,#8146);
#8146 = DEFINITIONAL_REPRESENTATION('',(#8147),#8151);
#8147 = LINE('',#8148,#8149);
#8148 = CARTESIAN_POINT('',(-0.32,0.32));
#8149 = VECTOR('',#8150,1.);
#8150 = DIRECTION('',(0.,-1.));
#8151 = ( GEOMETRIC_REPRESENTATION_CONTEXT(2) 
PARAMETRIC_REPRESENTATION_CONTEXT() REPRESENTATION_CONTEXT('2D SPACE',''
  ) );
#8152 = ORIENTED_EDGE('',*,*,#7864,.F.);
#8153 = ORIENTED_EDGE('',*,*,#8154,.F.);
#8154 = EDGE_CURVE('',#8085,#7865,#8155,.T.);
#8155 = SURFACE_CURVE('',#8156,(#8160,#8167),.PCURVE_S1.);
#8156 = LINE('',#8157,#8158);
#8157 = CARTESIAN_POINT('',(-0.32,-9.84,0.));
#8158 = VECTOR('',#8159,1.);
#8159 = DIRECTION('',(0.,-1.,0.));
#8160 = PCURVE('',#7887,#8161);
#8161 = DEFINITIONAL_REPRESENTATION('',(#8162),#8166);
#8162 = LINE('',#8163,#8164);
#8163 = CARTESIAN_POINT('',(0.,0.));
#8164 = VECTOR('',#8165,1.);
#8165 = DIRECTION('',(1.,0.));
#8166 = ( GEOMETRIC_REPRESENTATION_CONTEXT(2) 
PARAMETRIC_REPRESENTATION_CONTEXT() REPRESENTATION_CONTEXT('2D SPACE',''
  ) );
#8167 = PCURVE('',#7969,#8168);
#8168 = DEFINITIONAL_REPRESENTATION('',(#8169),#8173);
#8169 = LINE('',#8170,#8171);
#8170 = CARTESIAN_POINT('',(-0.32,0.32));
#8171 = VECTOR('',#8172,1.);
#8172 = DIRECTION('',(0.,-1.));
#8173 = ( GEOMETRIC_REPRESENTATION_CONTEXT(2) 
PARAMETRIC_REPRESENTATION_CONTEXT() REPRESENTATION_CONTEXT('2D SPACE',''
  ) );
#8174 = ADVANCED_FACE('',(#8175),#7969,.T.);
#8175 = FACE_BOUND('',#8176,.T.);
#8176 = EDGE_LOOP('',(#8177,#8178,#8179,#8180));
#8177 = ORIENTED_EDGE('',*,*,#7955,.T.);
#8178 = ORIENTED_EDGE('',*,*,#8036,.T.);
#8179 = ORIENTED_EDGE('',*,*,#8107,.T.);
#8180 = ORIENTED_EDGE('',*,*,#8154,.T.);
#8181 = ADVANCED_FACE('',(#8182),#7915,.F.);
#8182 = FACE_BOUND('',#8183,.F.);
#8183 = EDGE_LOOP('',(#8184,#8185,#8186,#8187));
#8184 = ORIENTED_EDGE('',*,*,#7899,.T.);
#8185 = ORIENTED_EDGE('',*,*,#7985,.T.);
#8186 = ORIENTED_EDGE('',*,*,#8061,.T.);
#8187 = ORIENTED_EDGE('',*,*,#8132,.T.);
#8188 = ( GEOMETRIC_REPRESENTATION_CONTEXT(3) 
GLOBAL_UNCERTAINTY_ASSIGNED_CONTEXT((#8192)) 
GLOBAL_UNIT_ASSIGNED_CONTEXT((#8189,#8190,#8191)) REPRESENTATION_CONTEXT
('Context #1','3D Context with UNIT and UNCERTAINTY') );
#8189 = ( LENGTH_UNIT() NAMED_UNIT(*) SI_UNIT(.MILLI.,.METRE.) );
#8190 = ( NAMED_UNIT(*) PLANE_ANGLE_UNIT() SI_UNIT($,.RADIAN.) );
#8191 = ( NAMED_UNIT(*) SI_UNIT($,.STERADIAN.) SOLID_ANGLE_UNIT() );
#8192 = UNCERTAINTY_MEASURE_WITH_UNIT(LENGTH_MEASURE(1.E-07),#8189,
  'distance_accuracy_value','confusion accuracy');
#8193 = CONTEXT_DEPENDENT_SHAPE_REPRESENTATION(#8194,#8196);
#8194 = ( REPRESENTATION_RELATIONSHIP('','',#7857,#10) 
REPRESENTATION_RELATIONSHIP_WITH_TRANSFORMATION(#8195) 
SHAPE_REPRESENTATION_RELATIONSHIP() );
#8195 = ITEM_DEFINED_TRANSFORMATION('','',#11,#35);
#8196 = PRODUCT_DEFINITION_SHAPE('Placement','Placement of an item',
  #8197);
#8197 = NEXT_ASSEMBLY_USAGE_OCCURRENCE('6','tail_5','',#5,#7852,$);
#8198 = PRODUCT_RELATED_PRODUCT_CATEGORY('part',$,(#7854));
#8199 = SHAPE_DEFINITION_REPRESENTATION(#8200,#8206);
#8200 = PRODUCT_DEFINITION_SHAPE('','',#8201);
#8201 = PRODUCT_DEFINITION('design','',#8202,#8205);
#8202 = PRODUCT_DEFINITION_FORMATION('','',#8203);
#8203 = PRODUCT('tail_6','tail_6','',(#8204));
#8204 = PRODUCT_CONTEXT('',#2,'mechanical');
#8205 = PRODUCT_DEFINITION_CONTEXT('part definition',#2,'design');
#8206 = ADVANCED_BREP_SHAPE_REPRESENTATION('',(#11,#8207),#8537);
#8207 = MANIFOLD_SOLID_BREP('',#8208);
#8208 = CLOSED_SHELL('',(#8209,#8329,#8405,#8476,#8523,#8530));
#8209 = ADVANCED_FACE('',(#8210),#8224,.T.);
#8210 = FACE_BOUND('',#8211,.T.);
#8211 = EDGE_LOOP('',(#8212,#8247,#8275,#8303));
#8212 = ORIENTED_EDGE('',*,*,#8213,.T.);
#8213 = EDGE_CURVE('',#8214,#8216,#8218,.T.);
#8214 = VERTEX_POINT('',#8215);
#8215 = CARTESIAN_POINT('',(-0.32,-13.02,0.));
#8216 = VERTEX_POINT('',#8217);
#8217 = CARTESIAN_POINT('',(-0.32,-13.02,-2.64));
#8218 = SURFACE_CURVE('',#8219,(#8223,#8235),.PCURVE_S1.);
#8219 = LINE('',#8220,#8221);
#8220 = CARTESIAN_POINT('',(-0.32,-13.02,0.));
#8221 = VECTOR('',#8222,1.);
#8222 = DIRECTION('',(-0.,-0.,-1.));
#8223 = PCURVE('',#8224,#8229);
#8224 = PLANE('',#8225);
#8225 = AXIS2_PLACEMENT_3D('',#8226,#8227,#8228);
#8226 = CARTESIAN_POINT('',(-0.32,-13.02,0.));
#8227 = DIRECTION('',(0.,-1.,0.));
#8228 = DIRECTION('',(1.,0.,0.));
#8229 = DEFINITIONAL_REPRESENTATION('',(#8230),#8234);
#8230 = LINE('',#8231,#8232);
#8231 = CARTESIAN_POINT('',(0.,0.));
#8232 = VECTOR('',#8233,1.);
#8233 = DIRECTION('',(0.,-1.));
#8234 = ( GEOMETRIC_REPRESENTATION_CONTEXT(2) 
PARAMETRIC_REPRESENTATION_CONTEXT() REPRESENTATION_CONTEXT('2D SPACE',''
  ) );
#8235 = PCURVE('',#8236,#8241);
#8236 = PLANE('',#8237);
#8237 = AXIS2_PLACEMENT_3D('',#8238,#8239,#8240);
#8238 = CARTESIAN_POINT('',(-0.32,-12.38,0.));
#8239 = DIRECTION('',(-1.,0.,0.));
#8240 = DIRECTION('',(0.,-1.,0.));
#8241 = DEFINITIONAL_REPRESENTATION('',(#8242),#8246);
#8242 = LINE('',#8243,#8244);
#8243 = CARTESIAN_POINT('',(0.64,0.));
#8244 = VECTOR('',#8245,1.);
#8245 = DIRECTION('',(0.,-1.));
#8246 = ( GEOMETRIC_REPRESENTATION_CONTEXT(2) 
PARAMETRIC_REPRESENTATION_CONTEXT() REPRESENTATION_CONTEXT('2D SPACE',''
  ) );
#8247 = ORIENTED_EDGE('',*,*,#8248,.T.);
#8248 = EDGE_CURVE('',#8216,#8249,#8251,.T.);
#8249 = VERTEX_POINT('',#8250);
#8250 = CARTESIAN_POINT('',(0.32,-13.02,-2.64));
#8251 = SURFACE_CURVE('',#8252,(#8256,#8263),.PCURVE_S1.);
#8252 = LINE('',#8253,#8254);
#8253 = CARTESIAN_POINT('',(-0.32,-13.02,-2.64));
#8254 = VECTOR('',#8255,1.);
#8255 = DIRECTION('',(1.,0.,0.));
#8256 = PCURVE('',#8224,#8257);
#8257 = DEFINITIONAL_REPRESENTATION('',(#8258),#8262);
#8258 = LINE('',#8259,#8260);
#8259 = CARTESIAN_POINT('',(0.,-2.64));
#8260 = VECTOR('',#8261,1.);
#8261 = DIRECTION('',(1.,0.));
#8262 = ( GEOMETRIC_REPRESENTATION_CONTEXT(2) 
PARAMETRIC_REPRESENTATION_CONTEXT() REPRESENTATION_CONTEXT('2D SPACE',''
  ) );
#8263 = PCURVE('',#8264,#8269);
#8264 = PLANE('',#8265);
#8265 = AXIS2_PLACEMENT_3D('',#8266,#8267,#8268);
#8266 = CARTESIAN_POINT('',(1.084202172486E-17,-12.7,-2.64));
#8267 = DIRECTION('',(0.,0.,1.));
#8268 = DIRECTION('',(1.,0.,-0.));
#8269 = DEFINITIONAL_REPRESENTATION('',(#8270),#8274);
#8270 = LINE('',#8271,#8272);
#8271 = CARTESIAN_POINT('',(-0.32,-0.32));
#8272 = VECTOR('',#8273,1.);
#8273 = DIRECTION('',(1.,0.));
#8274 = ( GEOMETRIC_REPRESENTATION_CONTEXT(2) 
PARAMETRIC_REPRESENTATION_CONTEXT() REPRESENTATION_CONTEXT('2D SPACE',''
  ) );
#8275 = ORIENTED_EDGE('',*,*,#8276,.F.);
#8276 = EDGE_CURVE('',#8277,#8249,#8279,.T.);
#8277 = VERTEX_POINT('',#8278);
#8278 = CARTESIAN_POINT('',(0.32,-13.02,0.));
#8279 = SURFACE_CURVE('',#8280,(#8284,#8291),.PCURVE_S1.);
#8280 = LINE('',#8281,#8282);
#8281 = CARTESIAN_POINT('',(0.32,-13.02,0.));
#8282 = VECTOR('',#8283,1.);
#8283 = DIRECTION('',(-0.,-0.,-1.));
#8284 = PCURVE('',#8224,#8285);
#8285 = DEFINITIONAL_REPRESENTATION('',(#8286),#8290);
#8286 = LINE('',#8287,#8288);
#8287 = CARTESIAN_POINT('',(0.64,0.));
#8288 = VECTOR('',#8289,1.);
#8289 = DIRECTION('',(0.,-1.));
#8290 = ( GEOMETRIC_REPRESENTATION_CONTEXT(2) 
PARAMETRIC_REPRESENTATION_CONTEXT() REPRESENTATION_CONTEXT('2D SPACE',''
  ) );
#8291 = PCURVE('',#8292,#8297);
#8292 = PLANE('',#8293);
#8293 = AXIS2_PLACEMENT_3D('',#8294,#8295,#8296);
#8294 = CARTESIAN_POINT('',(0.32,-13.02,0.));
#8295 = DIRECTION('',(1.,0.,0.));
#8296 = DIRECTION('',(-0.,1.,0.));
#8297 = DEFINITIONAL_REPRESENTATION('',(#8298),#8302);
#8298 = LINE('',#8299,#8300);
#8299 = CARTESIAN_POINT('',(0.,0.));
#8300 = VECTOR('',#8301,1.);
#8301 = DIRECTION('',(0.,-1.));
#8302 = ( GEOMETRIC_REPRESENTATION_CONTEXT(2) 
PARAMETRIC_REPRESENTATION_CONTEXT() REPRESENTATION_CONTEXT('2D SPACE',''
  ) );
#8303 = ORIENTED_EDGE('',*,*,#8304,.F.);
#8304 = EDGE_CURVE('',#8214,#8277,#8305,.T.);
#8305 = SURFACE_CURVE('',#8306,(#8310,#8317),.PCURVE_S1.);
#8306 = LINE('',#8307,#8308);
#8307 = CARTESIAN_POINT('',(-0.32,-13.02,0.));
#8308 = VECTOR('',#8309,1.);
#8309 = DIRECTION('',(1.,0.,0.));
#8310 = PCURVE('',#8224,#8311);
#8311 = DEFINITIONAL_REPRESENTATION('',(#8312),#8316);
#8312 = LINE('',#8313,#8314);
#8313 = CARTESIAN_POINT('',(0.,0.));
#8314 = VECTOR('',#8315,1.);
#8315 = DIRECTION('',(1.,0.));
#8316 = ( GEOMETRIC_REPRESENTATION_CONTEXT(2) 
PARAMETRIC_REPRESENTATION_CONTEXT() REPRESENTATION_CONTEXT('2D SPACE',''
  ) );
#8317 = PCURVE('',#8318,#8323);
#8318 = PLANE('',#8319);
#8319 = AXIS2_PLACEMENT_3D('',#8320,#8321,#8322);
#8320 = CARTESIAN_POINT('',(1.084202172486E-17,-12.7,0.));
#8321 = DIRECTION('',(0.,0.,1.));
#8322 = DIRECTION('',(1.,0.,-0.));
#8323 = DEFINITIONAL_REPRESENTATION('',(#8324),#8328);
#8324 = LINE('',#8325,#8326);
#8325 = CARTESIAN_POINT('',(-0.32,-0.32));
#8326 = VECTOR('',#8327,1.);
#8327 = DIRECTION('',(1.,0.));
#8328 = ( GEOMETRIC_REPRESENTATION_CONTEXT(2) 
PARAMETRIC_REPRESENTATION_CONTEXT() REPRESENTATION_CONTEXT('2D SPACE',''
  ) );
#8329 = ADVANCED_FACE('',(#8330),#8292,.T.);
#8330 = FACE_BOUND('',#8331,.T.);
#8331 = EDGE_LOOP('',(#8332,#8333,#8356,#8384));
#8332 = ORIENTED_EDGE('',*,*,#8276,.T.);
#8333 = ORIENTED_EDGE('',*,*,#8334,.T.);
#8334 = EDGE_CURVE('',#8249,#8335,#8337,.T.);
#8335 = VERTEX_POINT('',#8336);
#8336 = CARTESIAN_POINT('',(0.32,-12.38,-2.64));
#8337 = SURFACE_CURVE('',#8338,(#8342,#8349),.PCURVE_S1.);
#8338 = LINE('',#8339,#8340);
#8339 = CARTESIAN_POINT('',(0.32,-13.02,-2.64));
#8340 = VECTOR('',#8341,1.);
#8341 = DIRECTION('',(0.,1.,0.));
#8342 = PCURVE('',#8292,#8343);
#8343 = DEFINITIONAL_REPRESENTATION('',(#8344),#8348);
#8344 = LINE('',#8345,#8346);
#8345 = CARTESIAN_POINT('',(0.,-2.64));
#8346 = VECTOR('',#8347,1.);
#8347 = DIRECTION('',(1.,0.));
#8348 = ( GEOMETRIC_REPRESENTATION_CONTEXT(2) 
PARAMETRIC_REPRESENTATION_CONTEXT() REPRESENTATION_CONTEXT('2D SPACE',''
  ) );
#8349 = PCURVE('',#8264,#8350);
#8350 = DEFINITIONAL_REPRESENTATION('',(#8351),#8355);
#8351 = LINE('',#8352,#8353);
#8352 = CARTESIAN_POINT('',(0.32,-0.32));
#8353 = VECTOR('',#8354,1.);
#8354 = DIRECTION('',(0.,1.));
#8355 = ( GEOMETRIC_REPRESENTATION_CONTEXT(2) 
PARAMETRIC_REPRESENTATION_CONTEXT() REPRESENTATION_CONTEXT('2D SPACE',''
  ) );
#8356 = ORIENTED_EDGE('',*,*,#8357,.F.);
#8357 = EDGE_CURVE('',#8358,#8335,#8360,.T.);
#8358 = VERTEX_POINT('',#8359);
#8359 = CARTESIAN_POINT('',(0.32,-12.38,0.));
#8360 = SURFACE_CURVE('',#8361,(#8365,#8372),.PCURVE_S1.);
#8361 = LINE('',#8362,#8363);
#8362 = CARTESIAN_POINT('',(0.32,-12.38,0.));
#8363 = VECTOR('',#8364,1.);
#8364 = DIRECTION('',(-0.,-0.,-1.));
#8365 = PCURVE('',#8292,#8366);
#8366 = DEFINITIONAL_REPRESENTATION('',(#8367),#8371);
#8367 = LINE('',#8368,#8369);
#8368 = CARTESIAN_POINT('',(0.64,0.));
#8369 = VECTOR('',#8370,1.);
#8370 = DIRECTION('',(0.,-1.));
#8371 = ( GEOMETRIC_REPRESENTATION_CONTEXT(2) 
PARAMETRIC_REPRESENTATION_CONTEXT() REPRESENTATION_CONTEXT('2D SPACE',''
  ) );
#8372 = PCURVE('',#8373,#8378);
#8373 = PLANE('',#8374);
#8374 = AXIS2_PLACEMENT_3D('',#8375,#8376,#8377);
#8375 = CARTESIAN_POINT('',(0.32,-12.38,0.));
#8376 = DIRECTION('',(0.,1.,-0.));
#8377 = DIRECTION('',(-1.,0.,0.));
#8378 = DEFINITIONAL_REPRESENTATION('',(#8379),#8383);
#8379 = LINE('',#8380,#8381);
#8380 = CARTESIAN_POINT('',(0.,0.));
#8381 = VECTOR('',#8382,1.);
#8382 = DIRECTION('',(0.,-1.));
#8383 = ( GEOMETRIC_REPRESENTATION_CONTEXT(2) 
PARAMETRIC_REPRESENTATION_CONTEXT() REPRESENTATION_CONTEXT('2D SPACE',''
  ) );
#8384 = ORIENTED_EDGE('',*,*,#8385,.F.);
#8385 = EDGE_CURVE('',#8277,#8358,#8386,.T.);
#8386 = SURFACE_CURVE('',#8387,(#8391,#8398),.PCURVE_S1.);
#8387 = LINE('',#8388,#8389);
#8388 = CARTESIAN_POINT('',(0.32,-13.02,0.));
#8389 = VECTOR('',#8390,1.);
#8390 = DIRECTION('',(0.,1.,0.));
#8391 = PCURVE('',#8292,#8392);
#8392 = DEFINITIONAL_REPRESENTATION('',(#8393),#8397);
#8393 = LINE('',#8394,#8395);
#8394 = CARTESIAN_POINT('',(0.,0.));
#8395 = VECTOR('',#8396,1.);
#8396 = DIRECTION('',(1.,0.));
#8397 = ( GEOMETRIC_REPRESENTATION_CONTEXT(2) 
PARAMETRIC_REPRESENTATION_CONTEXT() REPRESENTATION_CONTEXT('2D SPACE',''
  ) );
#8398 = PCURVE('',#8318,#8399);
#8399 = DEFINITIONAL_REPRESENTATION('',(#8400),#8404);
#8400 = LINE('',#8401,#8402);
#8401 = CARTESIAN_POINT('',(0.32,-0.32));
#8402 = VECTOR('',#8403,1.);
#8403 = DIRECTION('',(0.,1.));
#8404 = ( GEOMETRIC_REPRESENTATION_CONTEXT(2) 
PARAMETRIC_REPRESENTATION_CONTEXT() REPRESENTATION_CONTEXT('2D SPACE',''
  ) );
#8405 = ADVANCED_FACE('',(#8406),#8373,.T.);
#8406 = FACE_BOUND('',#8407,.T.);
#8407 = EDGE_LOOP('',(#8408,#8409,#8432,#8455));
#8408 = ORIENTED_EDGE('',*,*,#8357,.T.);
#8409 = ORIENTED_EDGE('',*,*,#8410,.T.);
#8410 = EDGE_CURVE('',#8335,#8411,#8413,.T.);
#8411 = VERTEX_POINT('',#8412);
#8412 = CARTESIAN_POINT('',(-0.32,-12.38,-2.64));
#8413 = SURFACE_CURVE('',#8414,(#8418,#8425),.PCURVE_S1.);
#8414 = LINE('',#8415,#8416);
#8415 = CARTESIAN_POINT('',(0.32,-12.38,-2.64));
#8416 = VECTOR('',#8417,1.);
#8417 = DIRECTION('',(-1.,0.,0.));
#8418 = PCURVE('',#8373,#8419);
#8419 = DEFINITIONAL_REPRESENTATION('',(#8420),#8424);
#8420 = LINE('',#8421,#8422);
#8421 = CARTESIAN_POINT('',(0.,-2.64));
#8422 = VECTOR('',#8423,1.);
#8423 = DIRECTION('',(1.,0.));
#8424 = ( GEOMETRIC_REPRESENTATION_CONTEXT(2) 
PARAMETRIC_REPRESENTATION_CONTEXT() REPRESENTATION_CONTEXT('2D SPACE',''
  ) );
#8425 = PCURVE('',#8264,#8426);
#8426 = DEFINITIONAL_REPRESENTATION('',(#8427),#8431);
#8427 = LINE('',#8428,#8429);
#8428 = CARTESIAN_POINT('',(0.32,0.32));
#8429 = VECTOR('',#8430,1.);
#8430 = DIRECTION('',(-1.,0.));
#8431 = ( GEOMETRIC_REPRESENTATION_CONTEXT(2) 
PARAMETRIC_REPRESENTATION_CONTEXT() REPRESENTATION_CONTEXT('2D SPACE',''
  ) );
#8432 = ORIENTED_EDGE('',*,*,#8433,.F.);
#8433 = EDGE_CURVE('',#8434,#8411,#8436,.T.);
#8434 = VERTEX_POINT('',#8435);
#8435 = CARTESIAN_POINT('',(-0.32,-12.38,0.));
#8436 = SURFACE_CURVE('',#8437,(#8441,#8448),.PCURVE_S1.);
#8437 = LINE('',#8438,#8439);
#8438 = CARTESIAN_POINT('',(-0.32,-12.38,0.));
#8439 = VECTOR('',#8440,1.);
#8440 = DIRECTION('',(-0.,-0.,-1.));
#8441 = PCURVE('',#8373,#8442);
#8442 = DEFINITIONAL_REPRESENTATION('',(#8443),#8447);
#8443 = LINE('',#8444,#8445);
#8444 = CARTESIAN_POINT('',(0.64,0.));
#8445 = VECTOR('',#8446,1.);
#8446 = DIRECTION('',(0.,-1.));
#8447 = ( GEOMETRIC_REPRESENTATION_CONTEXT(2) 
PARAMETRIC_REPRESENTATION_CONTEXT() REPRESENTATION_CONTEXT('2D SPACE',''
  ) );
#8448 = PCURVE('',#8236,#8449);
#8449 = DEFINITIONAL_REPRESENTATION('',(#8450),#8454);
#8450 = LINE('',#8451,#8452);
#8451 = CARTESIAN_POINT('',(0.,0.));
#8452 = VECTOR('',#8453,1.);
#8453 = DIRECTION('',(0.,-1.));
#8454 = ( GEOMETRIC_REPRESENTATION_CONTEXT(2) 
PARAMETRIC_REPRESENTATION_CONTEXT() REPRESENTATION_CONTEXT('2D SPACE',''
  ) );
#8455 = ORIENTED_EDGE('',*,*,#8456,.F.);
#8456 = EDGE_CURVE('',#8358,#8434,#8457,.T.);
#8457 = SURFACE_CURVE('',#8458,(#8462,#8469),.PCURVE_S1.);
#8458 = LINE('',#8459,#8460);
#8459 = CARTESIAN_POINT('',(0.32,-12.38,0.));
#8460 = VECTOR('',#8461,1.);
#8461 = DIRECTION('',(-1.,0.,0.));
#8462 = PCURVE('',#8373,#8463);
#8463 = DEFINITIONAL_REPRESENTATION('',(#8464),#8468);
#8464 = LINE('',#8465,#8466);
#8465 = CARTESIAN_POINT('',(0.,0.));
#8466 = VECTOR('',#8467,1.);
#8467 = DIRECTION('',(1.,0.));
#8468 = ( GEOMETRIC_REPRESENTATION_CONTEXT(2) 
PARAMETRIC_REPRESENTATION_CONTEXT() REPRESENTATION_CONTEXT('2D SPACE',''
  ) );
#8469 = PCURVE('',#8318,#8470);
#8470 = DEFINITIONAL_REPRESENTATION('',(#8471),#8475);
#8471 = LINE('',#8472,#8473);
#8472 = CARTESIAN_POINT('',(0.32,0.32));
#8473 = VECTOR('',#8474,1.);
#8474 = DIRECTION('',(-1.,0.));
#8475 = ( GEOMETRIC_REPRESENTATION_CONTEXT(2) 
PARAMETRIC_REPRESENTATION_CONTEXT() REPRESENTATION_CONTEXT('2D SPACE',''
  ) );
#8476 = ADVANCED_FACE('',(#8477),#8236,.T.);
#8477 = FACE_BOUND('',#8478,.T.);
#8478 = EDGE_LOOP('',(#8479,#8480,#8501,#8502));
#8479 = ORIENTED_EDGE('',*,*,#8433,.T.);
#8480 = ORIENTED_EDGE('',*,*,#8481,.T.);
#8481 = EDGE_CURVE('',#8411,#8216,#8482,.T.);
#8482 = SURFACE_CURVE('',#8483,(#8487,#8494),.PCURVE_S1.);
#8483 = LINE('',#8484,#8485);
#8484 = CARTESIAN_POINT('',(-0.32,-12.38,-2.64));
#8485 = VECTOR('',#8486,1.);
#8486 = DIRECTION('',(0.,-1.,0.));
#8487 = PCURVE('',#8236,#8488);
#8488 = DEFINITIONAL_REPRESENTATION('',(#8489),#8493);
#8489 = LINE('',#8490,#8491);
#8490 = CARTESIAN_POINT('',(0.,-2.64));
#8491 = VECTOR('',#8492,1.);
#8492 = DIRECTION('',(1.,0.));
#8493 = ( GEOMETRIC_REPRESENTATION_CONTEXT(2) 
PARAMETRIC_REPRESENTATION_CONTEXT() REPRESENTATION_CONTEXT('2D SPACE',''
  ) );
#8494 = PCURVE('',#8264,#8495);
#8495 = DEFINITIONAL_REPRESENTATION('',(#8496),#8500);
#8496 = LINE('',#8497,#8498);
#8497 = CARTESIAN_POINT('',(-0.32,0.32));
#8498 = VECTOR('',#8499,1.);
#8499 = DIRECTION('',(0.,-1.));
#8500 = ( GEOMETRIC_REPRESENTATION_CONTEXT(2) 
PARAMETRIC_REPRESENTATION_CONTEXT() REPRESENTATION_CONTEXT('2D SPACE',''
  ) );
#8501 = ORIENTED_EDGE('',*,*,#8213,.F.);
#8502 = ORIENTED_EDGE('',*,*,#8503,.F.);
#8503 = EDGE_CURVE('',#8434,#8214,#8504,.T.);
#8504 = SURFACE_CURVE('',#8505,(#8509,#8516),.PCURVE_S1.);
#8505 = LINE('',#8506,#8507);
#8506 = CARTESIAN_POINT('',(-0.32,-12.38,0.));
#8507 = VECTOR('',#8508,1.);
#8508 = DIRECTION('',(0.,-1.,0.));
#8509 = PCURVE('',#8236,#8510);
#8510 = DEFINITIONAL_REPRESENTATION('',(#8511),#8515);
#8511 = LINE('',#8512,#8513);
#8512 = CARTESIAN_POINT('',(0.,0.));
#8513 = VECTOR('',#8514,1.);
#8514 = DIRECTION('',(1.,0.));
#8515 = ( GEOMETRIC_REPRESENTATION_CONTEXT(2) 
PARAMETRIC_REPRESENTATION_CONTEXT() REPRESENTATION_CONTEXT('2D SPACE',''
  ) );
#8516 = PCURVE('',#8318,#8517);
#8517 = DEFINITIONAL_REPRESENTATION('',(#8518),#8522);
#8518 = LINE('',#8519,#8520);
#8519 = CARTESIAN_POINT('',(-0.32,0.32));
#8520 = VECTOR('',#8521,1.);
#8521 = DIRECTION('',(0.,-1.));
#8522 = ( GEOMETRIC_REPRESENTATION_CONTEXT(2) 
PARAMETRIC_REPRESENTATION_CONTEXT() REPRESENTATION_CONTEXT('2D SPACE',''
  ) );
#8523 = ADVANCED_FACE('',(#8524),#8318,.T.);
#8524 = FACE_BOUND('',#8525,.T.);
#8525 = EDGE_LOOP('',(#8526,#8527,#8528,#8529));
#8526 = ORIENTED_EDGE('',*,*,#8304,.T.);
#8527 = ORIENTED_EDGE('',*,*,#8385,.T.);
#8528 = ORIENTED_EDGE('',*,*,#8456,.T.);
#8529 = ORIENTED_EDGE('',*,*,#8503,.T.);
#8530 = ADVANCED_FACE('',(#8531),#8264,.F.);
#8531 = FACE_BOUND('',#8532,.F.);
#8532 = EDGE_LOOP('',(#8533,#8534,#8535,#8536));
#8533 = ORIENTED_EDGE('',*,*,#8248,.T.);
#8534 = ORIENTED_EDGE('',*,*,#8334,.T.);
#8535 = ORIENTED_EDGE('',*,*,#8410,.T.);
#8536 = ORIENTED_EDGE('',*,*,#8481,.T.);
#8537 = ( GEOMETRIC_REPRESENTATION_CONTEXT(3) 
GLOBAL_UNCERTAINTY_ASSIGNED_CONTEXT((#8541)) 
GLOBAL_UNIT_ASSIGNED_CONTEXT((#8538,#8539,#8540)) REPRESENTATION_CONTEXT
('Context #1','3D Context with UNIT and UNCERTAINTY') );
#8538 = ( LENGTH_UNIT() NAMED_UNIT(*) SI_UNIT(.MILLI.,.METRE.) );
#8539 = ( NAMED_UNIT(*) PLANE_ANGLE_UNIT() SI_UNIT($,.RADIAN.) );
#8540 = ( NAMED_UNIT(*) SI_UNIT($,.STERADIAN.) SOLID_ANGLE_UNIT() );
#8541 = UNCERTAINTY_MEASURE_WITH_UNIT(LENGTH_MEASURE(1.E-07),#8538,
  'distance_accuracy_value','confusion accuracy');
#8542 = CONTEXT_DEPENDENT_SHAPE_REPRESENTATION(#8543,#8545);
#8543 = ( REPRESENTATION_RELATIONSHIP('','',#8206,#10) 
REPRESENTATION_RELATIONSHIP_WITH_TRANSFORMATION(#8544) 
SHAPE_REPRESENTATION_RELATIONSHIP() );
#8544 = ITEM_DEFINED_TRANSFORMATION('','',#11,#39);
#8545 = PRODUCT_DEFINITION_SHAPE('Placement','Placement of an item',
  #8546);
#8546 = NEXT_ASSEMBLY_USAGE_OCCURRENCE('7','tail_6','',#5,#8201,$);
#8547 = PRODUCT_RELATED_PRODUCT_CATEGORY('part',$,(#8203));
#8548 = SHAPE_DEFINITION_REPRESENTATION(#8549,#8555);
#8549 = PRODUCT_DEFINITION_SHAPE('','',#8550);
#8550 = PRODUCT_DEFINITION('design','',#8551,#8554);
#8551 = PRODUCT_DEFINITION_FORMATION('','',#8552);
#8552 = PRODUCT('tail_7','tail_7','',(#8553));
#8553 = PRODUCT_CONTEXT('',#2,'mechanical');
#8554 = PRODUCT_DEFINITION_CONTEXT('part definition',#2,'design');
#8555 = ADVANCED_BREP_SHAPE_REPRESENTATION('',(#11,#8556),#8886);
#8556 = MANIFOLD_SOLID_BREP('',#8557);
#8557 = CLOSED_SHELL('',(#8558,#8678,#8754,#8825,#8872,#8879));
#8558 = ADVANCED_FACE('',(#8559),#8573,.T.);
#8559 = FACE_BOUND('',#8560,.T.);
#8560 = EDGE_LOOP('',(#8561,#8596,#8624,#8652));
#8561 = ORIENTED_EDGE('',*,*,#8562,.T.);
#8562 = EDGE_CURVE('',#8563,#8565,#8567,.T.);
#8563 = VERTEX_POINT('',#8564);
#8564 = CARTESIAN_POINT('',(-0.32,-15.56,0.));
#8565 = VERTEX_POINT('',#8566);
#8566 = CARTESIAN_POINT('',(-0.32,-15.56,-2.64));
#8567 = SURFACE_CURVE('',#8568,(#8572,#8584),.PCURVE_S1.);
#8568 = LINE('',#8569,#8570);
#8569 = CARTESIAN_POINT('',(-0.32,-15.56,0.));
#8570 = VECTOR('',#8571,1.);
#8571 = DIRECTION('',(-0.,-0.,-1.));
#8572 = PCURVE('',#8573,#8578);
#8573 = PLANE('',#8574);
#8574 = AXIS2_PLACEMENT_3D('',#8575,#8576,#8577);
#8575 = CARTESIAN_POINT('',(-0.32,-15.56,0.));
#8576 = DIRECTION('',(0.,-1.,0.));
#8577 = DIRECTION('',(1.,0.,0.));
#8578 = DEFINITIONAL_REPRESENTATION('',(#8579),#8583);
#8579 = LINE('',#8580,#8581);
#8580 = CARTESIAN_POINT('',(0.,0.));
#8581 = VECTOR('',#8582,1.);
#8582 = DIRECTION('',(0.,-1.));
#8583 = ( GEOMETRIC_REPRESENTATION_CONTEXT(2) 
PARAMETRIC_REPRESENTATION_CONTEXT() REPRESENTATION_CONTEXT('2D SPACE',''
  ) );
#8584 = PCURVE('',#8585,#8590);
#8585 = PLANE('',#8586);
#8586 = AXIS2_PLACEMENT_3D('',#8587,#8588,#8589);
#8587 = CARTESIAN_POINT('',(-0.32,-14.92,0.));
#8588 = DIRECTION('',(-1.,0.,0.));
#8589 = DIRECTION('',(0.,-1.,0.));
#8590 = DEFINITIONAL_REPRESENTATION('',(#8591),#8595);
#8591 = LINE('',#8592,#8593);
#8592 = CARTESIAN_POINT('',(0.64,0.));
#8593 = VECTOR('',#8594,1.);
#8594 = DIRECTION('',(0.,-1.));
#8595 = ( GEOMETRIC_REPRESENTATION_CONTEXT(2) 
PARAMETRIC_REPRESENTATION_CONTEXT() REPRESENTATION_CONTEXT('2D SPACE',''
  ) );
#8596 = ORIENTED_EDGE('',*,*,#8597,.T.);
#8597 = EDGE_CURVE('',#8565,#8598,#8600,.T.);
#8598 = VERTEX_POINT('',#8599);
#8599 = CARTESIAN_POINT('',(0.32,-15.56,-2.64));
#8600 = SURFACE_CURVE('',#8601,(#8605,#8612),.PCURVE_S1.);
#8601 = LINE('',#8602,#8603);
#8602 = CARTESIAN_POINT('',(-0.32,-15.56,-2.64));
#8603 = VECTOR('',#8604,1.);
#8604 = DIRECTION('',(1.,0.,0.));
#8605 = PCURVE('',#8573,#8606);
#8606 = DEFINITIONAL_REPRESENTATION('',(#8607),#8611);
#8607 = LINE('',#8608,#8609);
#8608 = CARTESIAN_POINT('',(0.,-2.64));
#8609 = VECTOR('',#8610,1.);
#8610 = DIRECTION('',(1.,0.));
#8611 = ( GEOMETRIC_REPRESENTATION_CONTEXT(2) 
PARAMETRIC_REPRESENTATION_CONTEXT() REPRESENTATION_CONTEXT('2D SPACE',''
  ) );
#8612 = PCURVE('',#8613,#8618);
#8613 = PLANE('',#8614);
#8614 = AXIS2_PLACEMENT_3D('',#8615,#8616,#8617);
#8615 = CARTESIAN_POINT('',(1.084202172486E-17,-15.24,-2.64));
#8616 = DIRECTION('',(0.,0.,1.));
#8617 = DIRECTION('',(1.,0.,-0.));
#8618 = DEFINITIONAL_REPRESENTATION('',(#8619),#8623);
#8619 = LINE('',#8620,#8621);
#8620 = CARTESIAN_POINT('',(-0.32,-0.32));
#8621 = VECTOR('',#8622,1.);
#8622 = DIRECTION('',(1.,0.));
#8623 = ( GEOMETRIC_REPRESENTATION_CONTEXT(2) 
PARAMETRIC_REPRESENTATION_CONTEXT() REPRESENTATION_CONTEXT('2D SPACE',''
  ) );
#8624 = ORIENTED_EDGE('',*,*,#8625,.F.);
#8625 = EDGE_CURVE('',#8626,#8598,#8628,.T.);
#8626 = VERTEX_POINT('',#8627);
#8627 = CARTESIAN_POINT('',(0.32,-15.56,0.));
#8628 = SURFACE_CURVE('',#8629,(#8633,#8640),.PCURVE_S1.);
#8629 = LINE('',#8630,#8631);
#8630 = CARTESIAN_POINT('',(0.32,-15.56,0.));
#8631 = VECTOR('',#8632,1.);
#8632 = DIRECTION('',(-0.,-0.,-1.));
#8633 = PCURVE('',#8573,#8634);
#8634 = DEFINITIONAL_REPRESENTATION('',(#8635),#8639);
#8635 = LINE('',#8636,#8637);
#8636 = CARTESIAN_POINT('',(0.64,0.));
#8637 = VECTOR('',#8638,1.);
#8638 = DIRECTION('',(0.,-1.));
#8639 = ( GEOMETRIC_REPRESENTATION_CONTEXT(2) 
PARAMETRIC_REPRESENTATION_CONTEXT() REPRESENTATION_CONTEXT('2D SPACE',''
  ) );
#8640 = PCURVE('',#8641,#8646);
#8641 = PLANE('',#8642);
#8642 = AXIS2_PLACEMENT_3D('',#8643,#8644,#8645);
#8643 = CARTESIAN_POINT('',(0.32,-15.56,0.));
#8644 = DIRECTION('',(1.,0.,0.));
#8645 = DIRECTION('',(-0.,1.,0.));
#8646 = DEFINITIONAL_REPRESENTATION('',(#8647),#8651);
#8647 = LINE('',#8648,#8649);
#8648 = CARTESIAN_POINT('',(0.,0.));
#8649 = VECTOR('',#8650,1.);
#8650 = DIRECTION('',(0.,-1.));
#8651 = ( GEOMETRIC_REPRESENTATION_CONTEXT(2) 
PARAMETRIC_REPRESENTATION_CONTEXT() REPRESENTATION_CONTEXT('2D SPACE',''
  ) );
#8652 = ORIENTED_EDGE('',*,*,#8653,.F.);
#8653 = EDGE_CURVE('',#8563,#8626,#8654,.T.);
#8654 = SURFACE_CURVE('',#8655,(#8659,#8666),.PCURVE_S1.);
#8655 = LINE('',#8656,#8657);
#8656 = CARTESIAN_POINT('',(-0.32,-15.56,0.));
#8657 = VECTOR('',#8658,1.);
#8658 = DIRECTION('',(1.,0.,0.));
#8659 = PCURVE('',#8573,#8660);
#8660 = DEFINITIONAL_REPRESENTATION('',(#8661),#8665);
#8661 = LINE('',#8662,#8663);
#8662 = CARTESIAN_POINT('',(0.,0.));
#8663 = VECTOR('',#8664,1.);
#8664 = DIRECTION('',(1.,0.));
#8665 = ( GEOMETRIC_REPRESENTATION_CONTEXT(2) 
PARAMETRIC_REPRESENTATION_CONTEXT() REPRESENTATION_CONTEXT('2D SPACE',''
  ) );
#8666 = PCURVE('',#8667,#8672);
#8667 = PLANE('',#8668);
#8668 = AXIS2_PLACEMENT_3D('',#8669,#8670,#8671);
#8669 = CARTESIAN_POINT('',(1.084202172486E-17,-15.24,0.));
#8670 = DIRECTION('',(0.,0.,1.));
#8671 = DIRECTION('',(1.,0.,-0.));
#8672 = DEFINITIONAL_REPRESENTATION('',(#8673),#8677);
#8673 = LINE('',#8674,#8675);
#8674 = CARTESIAN_POINT('',(-0.32,-0.32));
#8675 = VECTOR('',#8676,1.);
#8676 = DIRECTION('',(1.,0.));
#8677 = ( GEOMETRIC_REPRESENTATION_CONTEXT(2) 
PARAMETRIC_REPRESENTATION_CONTEXT() REPRESENTATION_CONTEXT('2D SPACE',''
  ) );
#8678 = ADVANCED_FACE('',(#8679),#8641,.T.);
#8679 = FACE_BOUND('',#8680,.T.);
#8680 = EDGE_LOOP('',(#8681,#8682,#8705,#8733));
#8681 = ORIENTED_EDGE('',*,*,#8625,.T.);
#8682 = ORIENTED_EDGE('',*,*,#8683,.T.);
#8683 = EDGE_CURVE('',#8598,#8684,#8686,.T.);
#8684 = VERTEX_POINT('',#8685);
#8685 = CARTESIAN_POINT('',(0.32,-14.92,-2.64));
#8686 = SURFACE_CURVE('',#8687,(#8691,#8698),.PCURVE_S1.);
#8687 = LINE('',#8688,#8689);
#8688 = CARTESIAN_POINT('',(0.32,-15.56,-2.64));
#8689 = VECTOR('',#8690,1.);
#8690 = DIRECTION('',(0.,1.,0.));
#8691 = PCURVE('',#8641,#8692);
#8692 = DEFINITIONAL_REPRESENTATION('',(#8693),#8697);
#8693 = LINE('',#8694,#8695);
#8694 = CARTESIAN_POINT('',(0.,-2.64));
#8695 = VECTOR('',#8696,1.);
#8696 = DIRECTION('',(1.,0.));
#8697 = ( GEOMETRIC_REPRESENTATION_CONTEXT(2) 
PARAMETRIC_REPRESENTATION_CONTEXT() REPRESENTATION_CONTEXT('2D SPACE',''
  ) );
#8698 = PCURVE('',#8613,#8699);
#8699 = DEFINITIONAL_REPRESENTATION('',(#8700),#8704);
#8700 = LINE('',#8701,#8702);
#8701 = CARTESIAN_POINT('',(0.32,-0.32));
#8702 = VECTOR('',#8703,1.);
#8703 = DIRECTION('',(0.,1.));
#8704 = ( GEOMETRIC_REPRESENTATION_CONTEXT(2) 
PARAMETRIC_REPRESENTATION_CONTEXT() REPRESENTATION_CONTEXT('2D SPACE',''
  ) );
#8705 = ORIENTED_EDGE('',*,*,#8706,.F.);
#8706 = EDGE_CURVE('',#8707,#8684,#8709,.T.);
#8707 = VERTEX_POINT('',#8708);
#8708 = CARTESIAN_POINT('',(0.32,-14.92,0.));
#8709 = SURFACE_CURVE('',#8710,(#8714,#8721),.PCURVE_S1.);
#8710 = LINE('',#8711,#8712);
#8711 = CARTESIAN_POINT('',(0.32,-14.92,0.));
#8712 = VECTOR('',#8713,1.);
#8713 = DIRECTION('',(-0.,-0.,-1.));
#8714 = PCURVE('',#8641,#8715);
#8715 = DEFINITIONAL_REPRESENTATION('',(#8716),#8720);
#8716 = LINE('',#8717,#8718);
#8717 = CARTESIAN_POINT('',(0.64,0.));
#8718 = VECTOR('',#8719,1.);
#8719 = DIRECTION('',(0.,-1.));
#8720 = ( GEOMETRIC_REPRESENTATION_CONTEXT(2) 
PARAMETRIC_REPRESENTATION_CONTEXT() REPRESENTATION_CONTEXT('2D SPACE',''
  ) );
#8721 = PCURVE('',#8722,#8727);
#8722 = PLANE('',#8723);
#8723 = AXIS2_PLACEMENT_3D('',#8724,#8725,#8726);
#8724 = CARTESIAN_POINT('',(0.32,-14.92,0.));
#8725 = DIRECTION('',(0.,1.,-0.));
#8726 = DIRECTION('',(-1.,0.,0.));
#8727 = DEFINITIONAL_REPRESENTATION('',(#8728),#8732);
#8728 = LINE('',#8729,#8730);
#8729 = CARTESIAN_POINT('',(0.,0.));
#8730 = VECTOR('',#8731,1.);
#8731 = DIRECTION('',(0.,-1.));
#8732 = ( GEOMETRIC_REPRESENTATION_CONTEXT(2) 
PARAMETRIC_REPRESENTATION_CONTEXT() REPRESENTATION_CONTEXT('2D SPACE',''
  ) );
#8733 = ORIENTED_EDGE('',*,*,#8734,.F.);
#8734 = EDGE_CURVE('',#8626,#8707,#8735,.T.);
#8735 = SURFACE_CURVE('',#8736,(#8740,#8747),.PCURVE_S1.);
#8736 = LINE('',#8737,#8738);
#8737 = CARTESIAN_POINT('',(0.32,-15.56,0.));
#8738 = VECTOR('',#8739,1.);
#8739 = DIRECTION('',(0.,1.,0.));
#8740 = PCURVE('',#8641,#8741);
#8741 = DEFINITIONAL_REPRESENTATION('',(#8742),#8746);
#8742 = LINE('',#8743,#8744);
#8743 = CARTESIAN_POINT('',(0.,0.));
#8744 = VECTOR('',#8745,1.);
#8745 = DIRECTION('',(1.,0.));
#8746 = ( GEOMETRIC_REPRESENTATION_CONTEXT(2) 
PARAMETRIC_REPRESENTATION_CONTEXT() REPRESENTATION_CONTEXT('2D SPACE',''
  ) );
#8747 = PCURVE('',#8667,#8748);
#8748 = DEFINITIONAL_REPRESENTATION('',(#8749),#8753);
#8749 = LINE('',#8750,#8751);
#8750 = CARTESIAN_POINT('',(0.32,-0.32));
#8751 = VECTOR('',#8752,1.);
#8752 = DIRECTION('',(0.,1.));
#8753 = ( GEOMETRIC_REPRESENTATION_CONTEXT(2) 
PARAMETRIC_REPRESENTATION_CONTEXT() REPRESENTATION_CONTEXT('2D SPACE',''
  ) );
#8754 = ADVANCED_FACE('',(#8755),#8722,.T.);
#8755 = FACE_BOUND('',#8756,.T.);
#8756 = EDGE_LOOP('',(#8757,#8758,#8781,#8804));
#8757 = ORIENTED_EDGE('',*,*,#8706,.T.);
#8758 = ORIENTED_EDGE('',*,*,#8759,.T.);
#8759 = EDGE_CURVE('',#8684,#8760,#8762,.T.);
#8760 = VERTEX_POINT('',#8761);
#8761 = CARTESIAN_POINT('',(-0.32,-14.92,-2.64));
#8762 = SURFACE_CURVE('',#8763,(#8767,#8774),.PCURVE_S1.);
#8763 = LINE('',#8764,#8765);
#8764 = CARTESIAN_POINT('',(0.32,-14.92,-2.64));
#8765 = VECTOR('',#8766,1.);
#8766 = DIRECTION('',(-1.,0.,0.));
#8767 = PCURVE('',#8722,#8768);
#8768 = DEFINITIONAL_REPRESENTATION('',(#8769),#8773);
#8769 = LINE('',#8770,#8771);
#8770 = CARTESIAN_POINT('',(0.,-2.64));
#8771 = VECTOR('',#8772,1.);
#8772 = DIRECTION('',(1.,0.));
#8773 = ( GEOMETRIC_REPRESENTATION_CONTEXT(2) 
PARAMETRIC_REPRESENTATION_CONTEXT() REPRESENTATION_CONTEXT('2D SPACE',''
  ) );
#8774 = PCURVE('',#8613,#8775);
#8775 = DEFINITIONAL_REPRESENTATION('',(#8776),#8780);
#8776 = LINE('',#8777,#8778);
#8777 = CARTESIAN_POINT('',(0.32,0.32));
#8778 = VECTOR('',#8779,1.);
#8779 = DIRECTION('',(-1.,0.));
#8780 = ( GEOMETRIC_REPRESENTATION_CONTEXT(2) 
PARAMETRIC_REPRESENTATION_CONTEXT() REPRESENTATION_CONTEXT('2D SPACE',''
  ) );
#8781 = ORIENTED_EDGE('',*,*,#8782,.F.);
#8782 = EDGE_CURVE('',#8783,#8760,#8785,.T.);
#8783 = VERTEX_POINT('',#8784);
#8784 = CARTESIAN_POINT('',(-0.32,-14.92,0.));
#8785 = SURFACE_CURVE('',#8786,(#8790,#8797),.PCURVE_S1.);
#8786 = LINE('',#8787,#8788);
#8787 = CARTESIAN_POINT('',(-0.32,-14.92,0.));
#8788 = VECTOR('',#8789,1.);
#8789 = DIRECTION('',(-0.,-0.,-1.));
#8790 = PCURVE('',#8722,#8791);
#8791 = DEFINITIONAL_REPRESENTATION('',(#8792),#8796);
#8792 = LINE('',#8793,#8794);
#8793 = CARTESIAN_POINT('',(0.64,0.));
#8794 = VECTOR('',#8795,1.);
#8795 = DIRECTION('',(0.,-1.));
#8796 = ( GEOMETRIC_REPRESENTATION_CONTEXT(2) 
PARAMETRIC_REPRESENTATION_CONTEXT() REPRESENTATION_CONTEXT('2D SPACE',''
  ) );
#8797 = PCURVE('',#8585,#8798);
#8798 = DEFINITIONAL_REPRESENTATION('',(#8799),#8803);
#8799 = LINE('',#8800,#8801);
#8800 = CARTESIAN_POINT('',(0.,0.));
#8801 = VECTOR('',#8802,1.);
#8802 = DIRECTION('',(0.,-1.));
#8803 = ( GEOMETRIC_REPRESENTATION_CONTEXT(2) 
PARAMETRIC_REPRESENTATION_CONTEXT() REPRESENTATION_CONTEXT('2D SPACE',''
  ) );
#8804 = ORIENTED_EDGE('',*,*,#8805,.F.);
#8805 = EDGE_CURVE('',#8707,#8783,#8806,.T.);
#8806 = SURFACE_CURVE('',#8807,(#8811,#8818),.PCURVE_S1.);
#8807 = LINE('',#8808,#8809);
#8808 = CARTESIAN_POINT('',(0.32,-14.92,0.));
#8809 = VECTOR('',#8810,1.);
#8810 = DIRECTION('',(-1.,0.,0.));
#8811 = PCURVE('',#8722,#8812);
#8812 = DEFINITIONAL_REPRESENTATION('',(#8813),#8817);
#8813 = LINE('',#8814,#8815);
#8814 = CARTESIAN_POINT('',(0.,0.));
#8815 = VECTOR('',#8816,1.);
#8816 = DIRECTION('',(1.,0.));
#8817 = ( GEOMETRIC_REPRESENTATION_CONTEXT(2) 
PARAMETRIC_REPRESENTATION_CONTEXT() REPRESENTATION_CONTEXT('2D SPACE',''
  ) );
#8818 = PCURVE('',#8667,#8819);
#8819 = DEFINITIONAL_REPRESENTATION('',(#8820),#8824);
#8820 = LINE('',#8821,#8822);
#8821 = CARTESIAN_POINT('',(0.32,0.32));
#8822 = VECTOR('',#8823,1.);
#8823 = DIRECTION('',(-1.,0.));
#8824 = ( GEOMETRIC_REPRESENTATION_CONTEXT(2) 
PARAMETRIC_REPRESENTATION_CONTEXT() REPRESENTATION_CONTEXT('2D SPACE',''
  ) );
#8825 = ADVANCED_FACE('',(#8826),#8585,.T.);
#8826 = FACE_BOUND('',#8827,.T.);
#8827 = EDGE_LOOP('',(#8828,#8829,#8850,#8851));
#8828 = ORIENTED_EDGE('',*,*,#8782,.T.);
#8829 = ORIENTED_EDGE('',*,*,#8830,.T.);
#8830 = EDGE_CURVE('',#8760,#8565,#8831,.T.);
#8831 = SURFACE_CURVE('',#8832,(#8836,#8843),.PCURVE_S1.);
#8832 = LINE('',#8833,#8834);
#8833 = CARTESIAN_POINT('',(-0.32,-14.92,-2.64));
#8834 = VECTOR('',#8835,1.);
#8835 = DIRECTION('',(0.,-1.,0.));
#8836 = PCURVE('',#8585,#8837);
#8837 = DEFINITIONAL_REPRESENTATION('',(#8838),#8842);
#8838 = LINE('',#8839,#8840);
#8839 = CARTESIAN_POINT('',(0.,-2.64));
#8840 = VECTOR('',#8841,1.);
#8841 = DIRECTION('',(1.,0.));
#8842 = ( GEOMETRIC_REPRESENTATION_CONTEXT(2) 
PARAMETRIC_REPRESENTATION_CONTEXT() REPRESENTATION_CONTEXT('2D SPACE',''
  ) );
#8843 = PCURVE('',#8613,#8844);
#8844 = DEFINITIONAL_REPRESENTATION('',(#8845),#8849);
#8845 = LINE('',#8846,#8847);
#8846 = CARTESIAN_POINT('',(-0.32,0.32));
#8847 = VECTOR('',#8848,1.);
#8848 = DIRECTION('',(0.,-1.));
#8849 = ( GEOMETRIC_REPRESENTATION_CONTEXT(2) 
PARAMETRIC_REPRESENTATION_CONTEXT() REPRESENTATION_CONTEXT('2D SPACE',''
  ) );
#8850 = ORIENTED_EDGE('',*,*,#8562,.F.);
#8851 = ORIENTED_EDGE('',*,*,#8852,.F.);
#8852 = EDGE_CURVE('',#8783,#8563,#8853,.T.);
#8853 = SURFACE_CURVE('',#8854,(#8858,#8865),.PCURVE_S1.);
#8854 = LINE('',#8855,#8856);
#8855 = CARTESIAN_POINT('',(-0.32,-14.92,0.));
#8856 = VECTOR('',#8857,1.);
#8857 = DIRECTION('',(0.,-1.,0.));
#8858 = PCURVE('',#8585,#8859);
#8859 = DEFINITIONAL_REPRESENTATION('',(#8860),#8864);
#8860 = LINE('',#8861,#8862);
#8861 = CARTESIAN_POINT('',(0.,0.));
#8862 = VECTOR('',#8863,1.);
#8863 = DIRECTION('',(1.,0.));
#8864 = ( GEOMETRIC_REPRESENTATION_CONTEXT(2) 
PARAMETRIC_REPRESENTATION_CONTEXT() REPRESENTATION_CONTEXT('2D SPACE',''
  ) );
#8865 = PCURVE('',#8667,#8866);
#8866 = DEFINITIONAL_REPRESENTATION('',(#8867),#8871);
#8867 = LINE('',#8868,#8869);
#8868 = CARTESIAN_POINT('',(-0.32,0.32));
#8869 = VECTOR('',#8870,1.);
#8870 = DIRECTION('',(0.,-1.));
#8871 = ( GEOMETRIC_REPRESENTATION_CONTEXT(2) 
PARAMETRIC_REPRESENTATION_CONTEXT() REPRESENTATION_CONTEXT('2D SPACE',''
  ) );
#8872 = ADVANCED_FACE('',(#8873),#8667,.T.);
#8873 = FACE_BOUND('',#8874,.T.);
#8874 = EDGE_LOOP('',(#8875,#8876,#8877,#8878));
#8875 = ORIENTED_EDGE('',*,*,#8653,.T.);
#8876 = ORIENTED_EDGE('',*,*,#8734,.T.);
#8877 = ORIENTED_EDGE('',*,*,#8805,.T.);
#8878 = ORIENTED_EDGE('',*,*,#8852,.T.);
#8879 = ADVANCED_FACE('',(#8880),#8613,.F.);
#8880 = FACE_BOUND('',#8881,.F.);
#8881 = EDGE_LOOP('',(#8882,#8883,#8884,#8885));
#8882 = ORIENTED_EDGE('',*,*,#8597,.T.);
#8883 = ORIENTED_EDGE('',*,*,#8683,.T.);
#8884 = ORIENTED_EDGE('',*,*,#8759,.T.);
#8885 = ORIENTED_EDGE('',*,*,#8830,.T.);
#8886 = ( GEOMETRIC_REPRESENTATION_CONTEXT(3) 
GLOBAL_UNCERTAINTY_ASSIGNED_CONTEXT((#8890)) 
GLOBAL_UNIT_ASSIGNED_CONTEXT((#8887,#8888,#8889)) REPRESENTATION_CONTEXT
('Context #1','3D Context with UNIT and UNCERTAINTY') );
#8887 = ( LENGTH_UNIT() NAMED_UNIT(*) SI_UNIT(.MILLI.,.METRE.) );
#8888 = ( NAMED_UNIT(*) PLANE_ANGLE_UNIT() SI_UNIT($,.RADIAN.) );
#8889 = ( NAMED_UNIT(*) SI_UNIT($,.STERADIAN.) SOLID_ANGLE_UNIT() );
#8890 = UNCERTAINTY_MEASURE_WITH_UNIT(LENGTH_MEASURE(1.E-07),#8887,
  'distance_accuracy_value','confusion accuracy');
#8891 = CONTEXT_DEPENDENT_SHAPE_REPRESENTATION(#8892,#8894);
#8892 = ( REPRESENTATION_RELATIONSHIP('','',#8555,#10) 
REPRESENTATION_RELATIONSHIP_WITH_TRANSFORMATION(#8893) 
SHAPE_REPRESENTATION_RELATIONSHIP() );
#8893 = ITEM_DEFINED_TRANSFORMATION('','',#11,#43);
#8894 = PRODUCT_DEFINITION_SHAPE('Placement','Placement of an item',
  #8895);
#8895 = NEXT_ASSEMBLY_USAGE_OCCURRENCE('8','tail_7','',#5,#8550,$);
#8896 = PRODUCT_RELATED_PRODUCT_CATEGORY('part',$,(#8552));
#8897 = SHAPE_DEFINITION_REPRESENTATION(#8898,#8904);
#8898 = PRODUCT_DEFINITION_SHAPE('','',#8899);
#8899 = PRODUCT_DEFINITION('design','',#8900,#8903);
#8900 = PRODUCT_DEFINITION_FORMATION('','',#8901);
#8901 = PRODUCT('tail_8','tail_8','',(#8902));
#8902 = PRODUCT_CONTEXT('',#2,'mechanical');
#8903 = PRODUCT_DEFINITION_CONTEXT('part definition',#2,'design');
#8904 = ADVANCED_BREP_SHAPE_REPRESENTATION('',(#11,#8905),#9235);
#8905 = MANIFOLD_SOLID_BREP('',#8906);
#8906 = CLOSED_SHELL('',(#8907,#9027,#9103,#9174,#9221,#9228));
#8907 = ADVANCED_FACE('',(#8908),#8922,.T.);
#8908 = FACE_BOUND('',#8909,.T.);
#8909 = EDGE_LOOP('',(#8910,#8945,#8973,#9001));
#8910 = ORIENTED_EDGE('',*,*,#8911,.T.);
#8911 = EDGE_CURVE('',#8912,#8914,#8916,.T.);
#8912 = VERTEX_POINT('',#8913);
#8913 = CARTESIAN_POINT('',(-0.32,-18.1,0.));
#8914 = VERTEX_POINT('',#8915);
#8915 = CARTESIAN_POINT('',(-0.32,-18.1,-2.64));
#8916 = SURFACE_CURVE('',#8917,(#8921,#8933),.PCURVE_S1.);
#8917 = LINE('',#8918,#8919);
#8918 = CARTESIAN_POINT('',(-0.32,-18.1,0.));
#8919 = VECTOR('',#8920,1.);
#8920 = DIRECTION('',(-0.,-0.,-1.));
#8921 = PCURVE('',#8922,#8927);
#8922 = PLANE('',#8923);
#8923 = AXIS2_PLACEMENT_3D('',#8924,#8925,#8926);
#8924 = CARTESIAN_POINT('',(-0.32,-18.1,0.));
#8925 = DIRECTION('',(0.,-1.,0.));
#8926 = DIRECTION('',(1.,0.,0.));
#8927 = DEFINITIONAL_REPRESENTATION('',(#8928),#8932);
#8928 = LINE('',#8929,#8930);
#8929 = CARTESIAN_POINT('',(0.,0.));
#8930 = VECTOR('',#8931,1.);
#8931 = DIRECTION('',(0.,-1.));
#8932 = ( GEOMETRIC_REPRESENTATION_CONTEXT(2) 
PARAMETRIC_REPRESENTATION_CONTEXT() REPRESENTATION_CONTEXT('2D SPACE',''
  ) );
#8933 = PCURVE('',#8934,#8939);
#8934 = PLANE('',#8935);
#8935 = AXIS2_PLACEMENT_3D('',#8936,#8937,#8938);
#8936 = CARTESIAN_POINT('',(-0.32,-17.46,0.));
#8937 = DIRECTION('',(-1.,0.,0.));
#8938 = DIRECTION('',(0.,-1.,0.));
#8939 = DEFINITIONAL_REPRESENTATION('',(#8940),#8944);
#8940 = LINE('',#8941,#8942);
#8941 = CARTESIAN_POINT('',(0.64,0.));
#8942 = VECTOR('',#8943,1.);
#8943 = DIRECTION('',(0.,-1.));
#8944 = ( GEOMETRIC_REPRESENTATION_CONTEXT(2) 
PARAMETRIC_REPRESENTATION_CONTEXT() REPRESENTATION_CONTEXT('2D SPACE',''
  ) );
#8945 = ORIENTED_EDGE('',*,*,#8946,.T.);
#8946 = EDGE_CURVE('',#8914,#8947,#8949,.T.);
#8947 = VERTEX_POINT('',#8948);
#8948 = CARTESIAN_POINT('',(0.32,-18.1,-2.64));
#8949 = SURFACE_CURVE('',#8950,(#8954,#8961),.PCURVE_S1.);
#8950 = LINE('',#8951,#8952);
#8951 = CARTESIAN_POINT('',(-0.32,-18.1,-2.64));
#8952 = VECTOR('',#8953,1.);
#8953 = DIRECTION('',(1.,0.,0.));
#8954 = PCURVE('',#8922,#8955);
#8955 = DEFINITIONAL_REPRESENTATION('',(#8956),#8960);
#8956 = LINE('',#8957,#8958);
#8957 = CARTESIAN_POINT('',(0.,-2.64));
#8958 = VECTOR('',#8959,1.);
#8959 = DIRECTION('',(1.,0.));
#8960 = ( GEOMETRIC_REPRESENTATION_CONTEXT(2) 
PARAMETRIC_REPRESENTATION_CONTEXT() REPRESENTATION_CONTEXT('2D SPACE',''
  ) );
#8961 = PCURVE('',#8962,#8967);
#8962 = PLANE('',#8963);
#8963 = AXIS2_PLACEMENT_3D('',#8964,#8965,#8966);
#8964 = CARTESIAN_POINT('',(1.084202172486E-17,-17.78,-2.64));
#8965 = DIRECTION('',(0.,0.,1.));
#8966 = DIRECTION('',(1.,0.,-0.));
#8967 = DEFINITIONAL_REPRESENTATION('',(#8968),#8972);
#8968 = LINE('',#8969,#8970);
#8969 = CARTESIAN_POINT('',(-0.32,-0.32));
#8970 = VECTOR('',#8971,1.);
#8971 = DIRECTION('',(1.,0.));
#8972 = ( GEOMETRIC_REPRESENTATION_CONTEXT(2) 
PARAMETRIC_REPRESENTATION_CONTEXT() REPRESENTATION_CONTEXT('2D SPACE',''
  ) );
#8973 = ORIENTED_EDGE('',*,*,#8974,.F.);
#8974 = EDGE_CURVE('',#8975,#8947,#8977,.T.);
#8975 = VERTEX_POINT('',#8976);
#8976 = CARTESIAN_POINT('',(0.32,-18.1,0.));
#8977 = SURFACE_CURVE('',#8978,(#8982,#8989),.PCURVE_S1.);
#8978 = LINE('',#8979,#8980);
#8979 = CARTESIAN_POINT('',(0.32,-18.1,0.));
#8980 = VECTOR('',#8981,1.);
#8981 = DIRECTION('',(-0.,-0.,-1.));
#8982 = PCURVE('',#8922,#8983);
#8983 = DEFINITIONAL_REPRESENTATION('',(#8984),#8988);
#8984 = LINE('',#8985,#8986);
#8985 = CARTESIAN_POINT('',(0.64,0.));
#8986 = VECTOR('',#8987,1.);
#8987 = DIRECTION('',(0.,-1.));
#8988 = ( GEOMETRIC_REPRESENTATION_CONTEXT(2) 
PARAMETRIC_REPRESENTATION_CONTEXT() REPRESENTATION_CONTEXT('2D SPACE',''
  ) );
#8989 = PCURVE('',#8990,#8995);
#8990 = PLANE('',#8991);
#8991 = AXIS2_PLACEMENT_3D('',#8992,#8993,#8994);
#8992 = CARTESIAN_POINT('',(0.32,-18.1,0.));
#8993 = DIRECTION('',(1.,0.,0.));
#8994 = DIRECTION('',(-0.,1.,0.));
#8995 = DEFINITIONAL_REPRESENTATION('',(#8996),#9000);
#8996 = LINE('',#8997,#8998);
#8997 = CARTESIAN_POINT('',(0.,0.));
#8998 = VECTOR('',#8999,1.);
#8999 = DIRECTION('',(0.,-1.));
#9000 = ( GEOMETRIC_REPRESENTATION_CONTEXT(2) 
PARAMETRIC_REPRESENTATION_CONTEXT() REPRESENTATION_CONTEXT('2D SPACE',''
  ) );
#9001 = ORIENTED_EDGE('',*,*,#9002,.F.);
#9002 = EDGE_CURVE('',#8912,#8975,#9003,.T.);
#9003 = SURFACE_CURVE('',#9004,(#9008,#9015),.PCURVE_S1.);
#9004 = LINE('',#9005,#9006);
#9005 = CARTESIAN_POINT('',(-0.32,-18.1,0.));
#9006 = VECTOR('',#9007,1.);
#9007 = DIRECTION('',(1.,0.,0.));
#9008 = PCURVE('',#8922,#9009);
#9009 = DEFINITIONAL_REPRESENTATION('',(#9010),#9014);
#9010 = LINE('',#9011,#9012);
#9011 = CARTESIAN_POINT('',(0.,0.));
#9012 = VECTOR('',#9013,1.);
#9013 = DIRECTION('',(1.,0.));
#9014 = ( GEOMETRIC_REPRESENTATION_CONTEXT(2) 
PARAMETRIC_REPRESENTATION_CONTEXT() REPRESENTATION_CONTEXT('2D SPACE',''
  ) );
#9015 = PCURVE('',#9016,#9021);
#9016 = PLANE('',#9017);
#9017 = AXIS2_PLACEMENT_3D('',#9018,#9019,#9020);
#9018 = CARTESIAN_POINT('',(1.084202172486E-17,-17.78,0.));
#9019 = DIRECTION('',(0.,0.,1.));
#9020 = DIRECTION('',(1.,0.,-0.));
#9021 = DEFINITIONAL_REPRESENTATION('',(#9022),#9026);
#9022 = LINE('',#9023,#9024);
#9023 = CARTESIAN_POINT('',(-0.32,-0.32));
#9024 = VECTOR('',#9025,1.);
#9025 = DIRECTION('',(1.,0.));
#9026 = ( GEOMETRIC_REPRESENTATION_CONTEXT(2) 
PARAMETRIC_REPRESENTATION_CONTEXT() REPRESENTATION_CONTEXT('2D SPACE',''
  ) );
#9027 = ADVANCED_FACE('',(#9028),#8990,.T.);
#9028 = FACE_BOUND('',#9029,.T.);
#9029 = EDGE_LOOP('',(#9030,#9031,#9054,#9082));
#9030 = ORIENTED_EDGE('',*,*,#8974,.T.);
#9031 = ORIENTED_EDGE('',*,*,#9032,.T.);
#9032 = EDGE_CURVE('',#8947,#9033,#9035,.T.);
#9033 = VERTEX_POINT('',#9034);
#9034 = CARTESIAN_POINT('',(0.32,-17.46,-2.64));
#9035 = SURFACE_CURVE('',#9036,(#9040,#9047),.PCURVE_S1.);
#9036 = LINE('',#9037,#9038);
#9037 = CARTESIAN_POINT('',(0.32,-18.1,-2.64));
#9038 = VECTOR('',#9039,1.);
#9039 = DIRECTION('',(0.,1.,0.));
#9040 = PCURVE('',#8990,#9041);
#9041 = DEFINITIONAL_REPRESENTATION('',(#9042),#9046);
#9042 = LINE('',#9043,#9044);
#9043 = CARTESIAN_POINT('',(0.,-2.64));
#9044 = VECTOR('',#9045,1.);
#9045 = DIRECTION('',(1.,0.));
#9046 = ( GEOMETRIC_REPRESENTATION_CONTEXT(2) 
PARAMETRIC_REPRESENTATION_CONTEXT() REPRESENTATION_CONTEXT('2D SPACE',''
  ) );
#9047 = PCURVE('',#8962,#9048);
#9048 = DEFINITIONAL_REPRESENTATION('',(#9049),#9053);
#9049 = LINE('',#9050,#9051);
#9050 = CARTESIAN_POINT('',(0.32,-0.32));
#9051 = VECTOR('',#9052,1.);
#9052 = DIRECTION('',(0.,1.));
#9053 = ( GEOMETRIC_REPRESENTATION_CONTEXT(2) 
PARAMETRIC_REPRESENTATION_CONTEXT() REPRESENTATION_CONTEXT('2D SPACE',''
  ) );
#9054 = ORIENTED_EDGE('',*,*,#9055,.F.);
#9055 = EDGE_CURVE('',#9056,#9033,#9058,.T.);
#9056 = VERTEX_POINT('',#9057);
#9057 = CARTESIAN_POINT('',(0.32,-17.46,0.));
#9058 = SURFACE_CURVE('',#9059,(#9063,#9070),.PCURVE_S1.);
#9059 = LINE('',#9060,#9061);
#9060 = CARTESIAN_POINT('',(0.32,-17.46,0.));
#9061 = VECTOR('',#9062,1.);
#9062 = DIRECTION('',(-0.,-0.,-1.));
#9063 = PCURVE('',#8990,#9064);
#9064 = DEFINITIONAL_REPRESENTATION('',(#9065),#9069);
#9065 = LINE('',#9066,#9067);
#9066 = CARTESIAN_POINT('',(0.64,0.));
#9067 = VECTOR('',#9068,1.);
#9068 = DIRECTION('',(0.,-1.));
#9069 = ( GEOMETRIC_REPRESENTATION_CONTEXT(2) 
PARAMETRIC_REPRESENTATION_CONTEXT() REPRESENTATION_CONTEXT('2D SPACE',''
  ) );
#9070 = PCURVE('',#9071,#9076);
#9071 = PLANE('',#9072);
#9072 = AXIS2_PLACEMENT_3D('',#9073,#9074,#9075);
#9073 = CARTESIAN_POINT('',(0.32,-17.46,0.));
#9074 = DIRECTION('',(0.,1.,-0.));
#9075 = DIRECTION('',(-1.,0.,0.));
#9076 = DEFINITIONAL_REPRESENTATION('',(#9077),#9081);
#9077 = LINE('',#9078,#9079);
#9078 = CARTESIAN_POINT('',(0.,0.));
#9079 = VECTOR('',#9080,1.);
#9080 = DIRECTION('',(0.,-1.));
#9081 = ( GEOMETRIC_REPRESENTATION_CONTEXT(2) 
PARAMETRIC_REPRESENTATION_CONTEXT() REPRESENTATION_CONTEXT('2D SPACE',''
  ) );
#9082 = ORIENTED_EDGE('',*,*,#9083,.F.);
#9083 = EDGE_CURVE('',#8975,#9056,#9084,.T.);
#9084 = SURFACE_CURVE('',#9085,(#9089,#9096),.PCURVE_S1.);
#9085 = LINE('',#9086,#9087);
#9086 = CARTESIAN_POINT('',(0.32,-18.1,0.));
#9087 = VECTOR('',#9088,1.);
#9088 = DIRECTION('',(0.,1.,0.));
#9089 = PCURVE('',#8990,#9090);
#9090 = DEFINITIONAL_REPRESENTATION('',(#9091),#9095);
#9091 = LINE('',#9092,#9093);
#9092 = CARTESIAN_POINT('',(0.,0.));
#9093 = VECTOR('',#9094,1.);
#9094 = DIRECTION('',(1.,0.));
#9095 = ( GEOMETRIC_REPRESENTATION_CONTEXT(2) 
PARAMETRIC_REPRESENTATION_CONTEXT() REPRESENTATION_CONTEXT('2D SPACE',''
  ) );
#9096 = PCURVE('',#9016,#9097);
#9097 = DEFINITIONAL_REPRESENTATION('',(#9098),#9102);
#9098 = LINE('',#9099,#9100);
#9099 = CARTESIAN_POINT('',(0.32,-0.32));
#9100 = VECTOR('',#9101,1.);
#9101 = DIRECTION('',(0.,1.));
#9102 = ( GEOMETRIC_REPRESENTATION_CONTEXT(2) 
PARAMETRIC_REPRESENTATION_CONTEXT() REPRESENTATION_CONTEXT('2D SPACE',''
  ) );
#9103 = ADVANCED_FACE('',(#9104),#9071,.T.);
#9104 = FACE_BOUND('',#9105,.T.);
#9105 = EDGE_LOOP('',(#9106,#9107,#9130,#9153));
#9106 = ORIENTED_EDGE('',*,*,#9055,.T.);
#9107 = ORIENTED_EDGE('',*,*,#9108,.T.);
#9108 = EDGE_CURVE('',#9033,#9109,#9111,.T.);
#9109 = VERTEX_POINT('',#9110);
#9110 = CARTESIAN_POINT('',(-0.32,-17.46,-2.64));
#9111 = SURFACE_CURVE('',#9112,(#9116,#9123),.PCURVE_S1.);
#9112 = LINE('',#9113,#9114);
#9113 = CARTESIAN_POINT('',(0.32,-17.46,-2.64));
#9114 = VECTOR('',#9115,1.);
#9115 = DIRECTION('',(-1.,0.,0.));
#9116 = PCURVE('',#9071,#9117);
#9117 = DEFINITIONAL_REPRESENTATION('',(#9118),#9122);
#9118 = LINE('',#9119,#9120);
#9119 = CARTESIAN_POINT('',(0.,-2.64));
#9120 = VECTOR('',#9121,1.);
#9121 = DIRECTION('',(1.,0.));
#9122 = ( GEOMETRIC_REPRESENTATION_CONTEXT(2) 
PARAMETRIC_REPRESENTATION_CONTEXT() REPRESENTATION_CONTEXT('2D SPACE',''
  ) );
#9123 = PCURVE('',#8962,#9124);
#9124 = DEFINITIONAL_REPRESENTATION('',(#9125),#9129);
#9125 = LINE('',#9126,#9127);
#9126 = CARTESIAN_POINT('',(0.32,0.32));
#9127 = VECTOR('',#9128,1.);
#9128 = DIRECTION('',(-1.,0.));
#9129 = ( GEOMETRIC_REPRESENTATION_CONTEXT(2) 
PARAMETRIC_REPRESENTATION_CONTEXT() REPRESENTATION_CONTEXT('2D SPACE',''
  ) );
#9130 = ORIENTED_EDGE('',*,*,#9131,.F.);
#9131 = EDGE_CURVE('',#9132,#9109,#9134,.T.);
#9132 = VERTEX_POINT('',#9133);
#9133 = CARTESIAN_POINT('',(-0.32,-17.46,0.));
#9134 = SURFACE_CURVE('',#9135,(#9139,#9146),.PCURVE_S1.);
#9135 = LINE('',#9136,#9137);
#9136 = CARTESIAN_POINT('',(-0.32,-17.46,0.));
#9137 = VECTOR('',#9138,1.);
#9138 = DIRECTION('',(-0.,-0.,-1.));
#9139 = PCURVE('',#9071,#9140);
#9140 = DEFINITIONAL_REPRESENTATION('',(#9141),#9145);
#9141 = LINE('',#9142,#9143);
#9142 = CARTESIAN_POINT('',(0.64,0.));
#9143 = VECTOR('',#9144,1.);
#9144 = DIRECTION('',(0.,-1.));
#9145 = ( GEOMETRIC_REPRESENTATION_CONTEXT(2) 
PARAMETRIC_REPRESENTATION_CONTEXT() REPRESENTATION_CONTEXT('2D SPACE',''
  ) );
#9146 = PCURVE('',#8934,#9147);
#9147 = DEFINITIONAL_REPRESENTATION('',(#9148),#9152);
#9148 = LINE('',#9149,#9150);
#9149 = CARTESIAN_POINT('',(0.,0.));
#9150 = VECTOR('',#9151,1.);
#9151 = DIRECTION('',(0.,-1.));
#9152 = ( GEOMETRIC_REPRESENTATION_CONTEXT(2) 
PARAMETRIC_REPRESENTATION_CONTEXT() REPRESENTATION_CONTEXT('2D SPACE',''
  ) );
#9153 = ORIENTED_EDGE('',*,*,#9154,.F.);
#9154 = EDGE_CURVE('',#9056,#9132,#9155,.T.);
#9155 = SURFACE_CURVE('',#9156,(#9160,#9167),.PCURVE_S1.);
#9156 = LINE('',#9157,#9158);
#9157 = CARTESIAN_POINT('',(0.32,-17.46,0.));
#9158 = VECTOR('',#9159,1.);
#9159 = DIRECTION('',(-1.,0.,0.));
#9160 = PCURVE('',#9071,#9161);
#9161 = DEFINITIONAL_REPRESENTATION('',(#9162),#9166);
#9162 = LINE('',#9163,#9164);
#9163 = CARTESIAN_POINT('',(0.,0.));
#9164 = VECTOR('',#9165,1.);
#9165 = DIRECTION('',(1.,0.));
#9166 = ( GEOMETRIC_REPRESENTATION_CONTEXT(2) 
PARAMETRIC_REPRESENTATION_CONTEXT() REPRESENTATION_CONTEXT('2D SPACE',''
  ) );
#9167 = PCURVE('',#9016,#9168);
#9168 = DEFINITIONAL_REPRESENTATION('',(#9169),#9173);
#9169 = LINE('',#9170,#9171);
#9170 = CARTESIAN_POINT('',(0.32,0.32));
#9171 = VECTOR('',#9172,1.);
#9172 = DIRECTION('',(-1.,0.));
#9173 = ( GEOMETRIC_REPRESENTATION_CONTEXT(2) 
PARAMETRIC_REPRESENTATION_CONTEXT() REPRESENTATION_CONTEXT('2D SPACE',''
  ) );
#9174 = ADVANCED_FACE('',(#9175),#8934,.T.);
#9175 = FACE_BOUND('',#9176,.T.);
#9176 = EDGE_LOOP('',(#9177,#9178,#9199,#9200));
#9177 = ORIENTED_EDGE('',*,*,#9131,.T.);
#9178 = ORIENTED_EDGE('',*,*,#9179,.T.);
#9179 = EDGE_CURVE('',#9109,#8914,#9180,.T.);
#9180 = SURFACE_CURVE('',#9181,(#9185,#9192),.PCURVE_S1.);
#9181 = LINE('',#9182,#9183);
#9182 = CARTESIAN_POINT('',(-0.32,-17.46,-2.64));
#9183 = VECTOR('',#9184,1.);
#9184 = DIRECTION('',(0.,-1.,0.));
#9185 = PCURVE('',#8934,#9186);
#9186 = DEFINITIONAL_REPRESENTATION('',(#9187),#9191);
#9187 = LINE('',#9188,#9189);
#9188 = CARTESIAN_POINT('',(0.,-2.64));
#9189 = VECTOR('',#9190,1.);
#9190 = DIRECTION('',(1.,0.));
#9191 = ( GEOMETRIC_REPRESENTATION_CONTEXT(2) 
PARAMETRIC_REPRESENTATION_CONTEXT() REPRESENTATION_CONTEXT('2D SPACE',''
  ) );
#9192 = PCURVE('',#8962,#9193);
#9193 = DEFINITIONAL_REPRESENTATION('',(#9194),#9198);
#9194 = LINE('',#9195,#9196);
#9195 = CARTESIAN_POINT('',(-0.32,0.32));
#9196 = VECTOR('',#9197,1.);
#9197 = DIRECTION('',(0.,-1.));
#9198 = ( GEOMETRIC_REPRESENTATION_CONTEXT(2) 
PARAMETRIC_REPRESENTATION_CONTEXT() REPRESENTATION_CONTEXT('2D SPACE',''
  ) );
#9199 = ORIENTED_EDGE('',*,*,#8911,.F.);
#9200 = ORIENTED_EDGE('',*,*,#9201,.F.);
#9201 = EDGE_CURVE('',#9132,#8912,#9202,.T.);
#9202 = SURFACE_CURVE('',#9203,(#9207,#9214),.PCURVE_S1.);
#9203 = LINE('',#9204,#9205);
#9204 = CARTESIAN_POINT('',(-0.32,-17.46,0.));
#9205 = VECTOR('',#9206,1.);
#9206 = DIRECTION('',(0.,-1.,0.));
#9207 = PCURVE('',#8934,#9208);
#9208 = DEFINITIONAL_REPRESENTATION('',(#9209),#9213);
#9209 = LINE('',#9210,#9211);
#9210 = CARTESIAN_POINT('',(0.,0.));
#9211 = VECTOR('',#9212,1.);
#9212 = DIRECTION('',(1.,0.));
#9213 = ( GEOMETRIC_REPRESENTATION_CONTEXT(2) 
PARAMETRIC_REPRESENTATION_CONTEXT() REPRESENTATION_CONTEXT('2D SPACE',''
  ) );
#9214 = PCURVE('',#9016,#9215);
#9215 = DEFINITIONAL_REPRESENTATION('',(#9216),#9220);
#9216 = LINE('',#9217,#9218);
#9217 = CARTESIAN_POINT('',(-0.32,0.32));
#9218 = VECTOR('',#9219,1.);
#9219 = DIRECTION('',(0.,-1.));
#9220 = ( GEOMETRIC_REPRESENTATION_CONTEXT(2) 
PARAMETRIC_REPRESENTATION_CONTEXT() REPRESENTATION_CONTEXT('2D SPACE',''
  ) );
#9221 = ADVANCED_FACE('',(#9222),#9016,.T.);
#9222 = FACE_BOUND('',#9223,.T.);
#9223 = EDGE_LOOP('',(#9224,#9225,#9226,#9227));
#9224 = ORIENTED_EDGE('',*,*,#9002,.T.);
#9225 = ORIENTED_EDGE('',*,*,#9083,.T.);
#9226 = ORIENTED_EDGE('',*,*,#9154,.T.);
#9227 = ORIENTED_EDGE('',*,*,#9201,.T.);
#9228 = ADVANCED_FACE('',(#9229),#8962,.F.);
#9229 = FACE_BOUND('',#9230,.F.);
#9230 = EDGE_LOOP('',(#9231,#9232,#9233,#9234));
#9231 = ORIENTED_EDGE('',*,*,#8946,.T.);
#9232 = ORIENTED_EDGE('',*,*,#9032,.T.);
#9233 = ORIENTED_EDGE('',*,*,#9108,.T.);
#9234 = ORIENTED_EDGE('',*,*,#9179,.T.);
#9235 = ( GEOMETRIC_REPRESENTATION_CONTEXT(3) 
GLOBAL_UNCERTAINTY_ASSIGNED_CONTEXT((#9239)) 
GLOBAL_UNIT_ASSIGNED_CONTEXT((#9236,#9237,#9238)) REPRESENTATION_CONTEXT
('Context #1','3D Context with UNIT and UNCERTAINTY') );
#9236 = ( LENGTH_UNIT() NAMED_UNIT(*) SI_UNIT(.MILLI.,.METRE.) );
#9237 = ( NAMED_UNIT(*) PLANE_ANGLE_UNIT() SI_UNIT($,.RADIAN.) );
#9238 = ( NAMED_UNIT(*) SI_UNIT($,.STERADIAN.) SOLID_ANGLE_UNIT() );
#9239 = UNCERTAINTY_MEASURE_WITH_UNIT(LENGTH_MEASURE(1.E-07),#9236,
  'distance_accuracy_value','confusion accuracy');
#9240 = CONTEXT_DEPENDENT_SHAPE_REPRESENTATION(#9241,#9243);
#9241 = ( REPRESENTATION_RELATIONSHIP('','',#8904,#10) 
REPRESENTATION_RELATIONSHIP_WITH_TRANSFORMATION(#9242) 
SHAPE_REPRESENTATION_RELATIONSHIP() );
#9242 = ITEM_DEFINED_TRANSFORMATION('','',#11,#47);
#9243 = PRODUCT_DEFINITION_SHAPE('Placement','Placement of an item',
  #9244);
#9244 = NEXT_ASSEMBLY_USAGE_OCCURRENCE('9','tail_8','',#5,#8899,$);
#9245 = PRODUCT_RELATED_PRODUCT_CATEGORY('part',$,(#8901));
#9246 = SHAPE_DEFINITION_REPRESENTATION(#9247,#9253);
#9247 = PRODUCT_DEFINITION_SHAPE('','',#9248);
#9248 = PRODUCT_DEFINITION('design','',#9249,#9252);
#9249 = PRODUCT_DEFINITION_FORMATION('','',#9250);
#9250 = PRODUCT('tail_9','tail_9','',(#9251));
#9251 = PRODUCT_CONTEXT('',#2,'mechanical');
#9252 = PRODUCT_DEFINITION_CONTEXT('part definition',#2,'design');
#9253 = ADVANCED_BREP_SHAPE_REPRESENTATION('',(#11,#9254),#9584);
#9254 = MANIFOLD_SOLID_BREP('',#9255);
#9255 = CLOSED_SHELL('',(#9256,#9376,#9452,#9523,#9570,#9577));
#9256 = ADVANCED_FACE('',(#9257),#9271,.T.);
#9257 = FACE_BOUND('',#9258,.T.);
#9258 = EDGE_LOOP('',(#9259,#9294,#9322,#9350));
#9259 = ORIENTED_EDGE('',*,*,#9260,.T.);
#9260 = EDGE_CURVE('',#9261,#9263,#9265,.T.);
#9261 = VERTEX_POINT('',#9262);
#9262 = CARTESIAN_POINT('',(-0.32,-20.64,0.));
#9263 = VERTEX_POINT('',#9264);
#9264 = CARTESIAN_POINT('',(-0.32,-20.64,-2.64));
#9265 = SURFACE_CURVE('',#9266,(#9270,#9282),.PCURVE_S1.);
#9266 = LINE('',#9267,#9268);
#9267 = CARTESIAN_POINT('',(-0.32,-20.64,0.));
#9268 = VECTOR('',#9269,1.);
#9269 = DIRECTION('',(-0.,-0.,-1.));
#9270 = PCURVE('',#9271,#9276);
#9271 = PLANE('',#9272);
#9272 = AXIS2_PLACEMENT_3D('',#9273,#9274,#9275);
#9273 = CARTESIAN_POINT('',(-0.32,-20.64,0.));
#9274 = DIRECTION('',(0.,-1.,0.));
#9275 = DIRECTION('',(1.,0.,0.));
#9276 = DEFINITIONAL_REPRESENTATION('',(#9277),#9281);
#9277 = LINE('',#9278,#9279);
#9278 = CARTESIAN_POINT('',(0.,0.));
#9279 = VECTOR('',#9280,1.);
#9280 = DIRECTION('',(0.,-1.));
#9281 = ( GEOMETRIC_REPRESENTATION_CONTEXT(2) 
PARAMETRIC_REPRESENTATION_CONTEXT() REPRESENTATION_CONTEXT('2D SPACE',''
  ) );
#9282 = PCURVE('',#9283,#9288);
#9283 = PLANE('',#9284);
#9284 = AXIS2_PLACEMENT_3D('',#9285,#9286,#9287);
#9285 = CARTESIAN_POINT('',(-0.32,-20.,0.));
#9286 = DIRECTION('',(-1.,0.,0.));
#9287 = DIRECTION('',(0.,-1.,0.));
#9288 = DEFINITIONAL_REPRESENTATION('',(#9289),#9293);
#9289 = LINE('',#9290,#9291);
#9290 = CARTESIAN_POINT('',(0.64,0.));
#9291 = VECTOR('',#9292,1.);
#9292 = DIRECTION('',(0.,-1.));
#9293 = ( GEOMETRIC_REPRESENTATION_CONTEXT(2) 
PARAMETRIC_REPRESENTATION_CONTEXT() REPRESENTATION_CONTEXT('2D SPACE',''
  ) );
#9294 = ORIENTED_EDGE('',*,*,#9295,.T.);
#9295 = EDGE_CURVE('',#9263,#9296,#9298,.T.);
#9296 = VERTEX_POINT('',#9297);
#9297 = CARTESIAN_POINT('',(0.32,-20.64,-2.64));
#9298 = SURFACE_CURVE('',#9299,(#9303,#9310),.PCURVE_S1.);
#9299 = LINE('',#9300,#9301);
#9300 = CARTESIAN_POINT('',(-0.32,-20.64,-2.64));
#9301 = VECTOR('',#9302,1.);
#9302 = DIRECTION('',(1.,0.,0.));
#9303 = PCURVE('',#9271,#9304);
#9304 = DEFINITIONAL_REPRESENTATION('',(#9305),#9309);
#9305 = LINE('',#9306,#9307);
#9306 = CARTESIAN_POINT('',(0.,-2.64));
#9307 = VECTOR('',#9308,1.);
#9308 = DIRECTION('',(1.,0.));
#9309 = ( GEOMETRIC_REPRESENTATION_CONTEXT(2) 
PARAMETRIC_REPRESENTATION_CONTEXT() REPRESENTATION_CONTEXT('2D SPACE',''
  ) );
#9310 = PCURVE('',#9311,#9316);
#9311 = PLANE('',#9312);
#9312 = AXIS2_PLACEMENT_3D('',#9313,#9314,#9315);
#9313 = CARTESIAN_POINT('',(1.084202172486E-17,-20.32,-2.64));
#9314 = DIRECTION('',(0.,0.,1.));
#9315 = DIRECTION('',(1.,0.,-0.));
#9316 = DEFINITIONAL_REPRESENTATION('',(#9317),#9321);
#9317 = LINE('',#9318,#9319);
#9318 = CARTESIAN_POINT('',(-0.32,-0.32));
#9319 = VECTOR('',#9320,1.);
#9320 = DIRECTION('',(1.,0.));
#9321 = ( GEOMETRIC_REPRESENTATION_CONTEXT(2) 
PARAMETRIC_REPRESENTATION_CONTEXT() REPRESENTATION_CONTEXT('2D SPACE',''
  ) );
#9322 = ORIENTED_EDGE('',*,*,#9323,.F.);
#9323 = EDGE_CURVE('',#9324,#9296,#9326,.T.);
#9324 = VERTEX_POINT('',#9325);
#9325 = CARTESIAN_POINT('',(0.32,-20.64,0.));
#9326 = SURFACE_CURVE('',#9327,(#9331,#9338),.PCURVE_S1.);
#9327 = LINE('',#9328,#9329);
#9328 = CARTESIAN_POINT('',(0.32,-20.64,0.));
#9329 = VECTOR('',#9330,1.);
#9330 = DIRECTION('',(-0.,-0.,-1.));
#9331 = PCURVE('',#9271,#9332);
#9332 = DEFINITIONAL_REPRESENTATION('',(#9333),#9337);
#9333 = LINE('',#9334,#9335);
#9334 = CARTESIAN_POINT('',(0.64,0.));
#9335 = VECTOR('',#9336,1.);
#9336 = DIRECTION('',(0.,-1.));
#9337 = ( GEOMETRIC_REPRESENTATION_CONTEXT(2) 
PARAMETRIC_REPRESENTATION_CONTEXT() REPRESENTATION_CONTEXT('2D SPACE',''
  ) );
#9338 = PCURVE('',#9339,#9344);
#9339 = PLANE('',#9340);
#9340 = AXIS2_PLACEMENT_3D('',#9341,#9342,#9343);
#9341 = CARTESIAN_POINT('',(0.32,-20.64,0.));
#9342 = DIRECTION('',(1.,0.,0.));
#9343 = DIRECTION('',(-0.,1.,0.));
#9344 = DEFINITIONAL_REPRESENTATION('',(#9345),#9349);
#9345 = LINE('',#9346,#9347);
#9346 = CARTESIAN_POINT('',(0.,0.));
#9347 = VECTOR('',#9348,1.);
#9348 = DIRECTION('',(0.,-1.));
#9349 = ( GEOMETRIC_REPRESENTATION_CONTEXT(2) 
PARAMETRIC_REPRESENTATION_CONTEXT() REPRESENTATION_CONTEXT('2D SPACE',''
  ) );
#9350 = ORIENTED_EDGE('',*,*,#9351,.F.);
#9351 = EDGE_CURVE('',#9261,#9324,#9352,.T.);
#9352 = SURFACE_CURVE('',#9353,(#9357,#9364),.PCURVE_S1.);
#9353 = LINE('',#9354,#9355);
#9354 = CARTESIAN_POINT('',(-0.32,-20.64,0.));
#9355 = VECTOR('',#9356,1.);
#9356 = DIRECTION('',(1.,0.,0.));
#9357 = PCURVE('',#9271,#9358);
#9358 = DEFINITIONAL_REPRESENTATION('',(#9359),#9363);
#9359 = LINE('',#9360,#9361);
#9360 = CARTESIAN_POINT('',(0.,0.));
#9361 = VECTOR('',#9362,1.);
#9362 = DIRECTION('',(1.,0.));
#9363 = ( GEOMETRIC_REPRESENTATION_CONTEXT(2) 
PARAMETRIC_REPRESENTATION_CONTEXT() REPRESENTATION_CONTEXT('2D SPACE',''
  ) );
#9364 = PCURVE('',#9365,#9370);
#9365 = PLANE('',#9366);
#9366 = AXIS2_PLACEMENT_3D('',#9367,#9368,#9369);
#9367 = CARTESIAN_POINT('',(1.084202172486E-17,-20.32,0.));
#9368 = DIRECTION('',(0.,0.,1.));
#9369 = DIRECTION('',(1.,0.,-0.));
#9370 = DEFINITIONAL_REPRESENTATION('',(#9371),#9375);
#9371 = LINE('',#9372,#9373);
#9372 = CARTESIAN_POINT('',(-0.32,-0.32));
#9373 = VECTOR('',#9374,1.);
#9374 = DIRECTION('',(1.,0.));
#9375 = ( GEOMETRIC_REPRESENTATION_CONTEXT(2) 
PARAMETRIC_REPRESENTATION_CONTEXT() REPRESENTATION_CONTEXT('2D SPACE',''
  ) );
#9376 = ADVANCED_FACE('',(#9377),#9339,.T.);
#9377 = FACE_BOUND('',#9378,.T.);
#9378 = EDGE_LOOP('',(#9379,#9380,#9403,#9431));
#9379 = ORIENTED_EDGE('',*,*,#9323,.T.);
#9380 = ORIENTED_EDGE('',*,*,#9381,.T.);
#9381 = EDGE_CURVE('',#9296,#9382,#9384,.T.);
#9382 = VERTEX_POINT('',#9383);
#9383 = CARTESIAN_POINT('',(0.32,-20.,-2.64));
#9384 = SURFACE_CURVE('',#9385,(#9389,#9396),.PCURVE_S1.);
#9385 = LINE('',#9386,#9387);
#9386 = CARTESIAN_POINT('',(0.32,-20.64,-2.64));
#9387 = VECTOR('',#9388,1.);
#9388 = DIRECTION('',(0.,1.,0.));
#9389 = PCURVE('',#9339,#9390);
#9390 = DEFINITIONAL_REPRESENTATION('',(#9391),#9395);
#9391 = LINE('',#9392,#9393);
#9392 = CARTESIAN_POINT('',(0.,-2.64));
#9393 = VECTOR('',#9394,1.);
#9394 = DIRECTION('',(1.,0.));
#9395 = ( GEOMETRIC_REPRESENTATION_CONTEXT(2) 
PARAMETRIC_REPRESENTATION_CONTEXT() REPRESENTATION_CONTEXT('2D SPACE',''
  ) );
#9396 = PCURVE('',#9311,#9397);
#9397 = DEFINITIONAL_REPRESENTATION('',(#9398),#9402);
#9398 = LINE('',#9399,#9400);
#9399 = CARTESIAN_POINT('',(0.32,-0.32));
#9400 = VECTOR('',#9401,1.);
#9401 = DIRECTION('',(0.,1.));
#9402 = ( GEOMETRIC_REPRESENTATION_CONTEXT(2) 
PARAMETRIC_REPRESENTATION_CONTEXT() REPRESENTATION_CONTEXT('2D SPACE',''
  ) );
#9403 = ORIENTED_EDGE('',*,*,#9404,.F.);
#9404 = EDGE_CURVE('',#9405,#9382,#9407,.T.);
#9405 = VERTEX_POINT('',#9406);
#9406 = CARTESIAN_POINT('',(0.32,-20.,0.));
#9407 = SURFACE_CURVE('',#9408,(#9412,#9419),.PCURVE_S1.);
#9408 = LINE('',#9409,#9410);
#9409 = CARTESIAN_POINT('',(0.32,-20.,0.));
#9410 = VECTOR('',#9411,1.);
#9411 = DIRECTION('',(-0.,-0.,-1.));
#9412 = PCURVE('',#9339,#9413);
#9413 = DEFINITIONAL_REPRESENTATION('',(#9414),#9418);
#9414 = LINE('',#9415,#9416);
#9415 = CARTESIAN_POINT('',(0.64,0.));
#9416 = VECTOR('',#9417,1.);
#9417 = DIRECTION('',(0.,-1.));
#9418 = ( GEOMETRIC_REPRESENTATION_CONTEXT(2) 
PARAMETRIC_REPRESENTATION_CONTEXT() REPRESENTATION_CONTEXT('2D SPACE',''
  ) );
#9419 = PCURVE('',#9420,#9425);
#9420 = PLANE('',#9421);
#9421 = AXIS2_PLACEMENT_3D('',#9422,#9423,#9424);
#9422 = CARTESIAN_POINT('',(0.32,-20.,0.));
#9423 = DIRECTION('',(0.,1.,-0.));
#9424 = DIRECTION('',(-1.,0.,0.));
#9425 = DEFINITIONAL_REPRESENTATION('',(#9426),#9430);
#9426 = LINE('',#9427,#9428);
#9427 = CARTESIAN_POINT('',(0.,0.));
#9428 = VECTOR('',#9429,1.);
#9429 = DIRECTION('',(0.,-1.));
#9430 = ( GEOMETRIC_REPRESENTATION_CONTEXT(2) 
PARAMETRIC_REPRESENTATION_CONTEXT() REPRESENTATION_CONTEXT('2D SPACE',''
  ) );
#9431 = ORIENTED_EDGE('',*,*,#9432,.F.);
#9432 = EDGE_CURVE('',#9324,#9405,#9433,.T.);
#9433 = SURFACE_CURVE('',#9434,(#9438,#9445),.PCURVE_S1.);
#9434 = LINE('',#9435,#9436);
#9435 = CARTESIAN_POINT('',(0.32,-20.64,0.));
#9436 = VECTOR('',#9437,1.);
#9437 = DIRECTION('',(0.,1.,0.));
#9438 = PCURVE('',#9339,#9439);
#9439 = DEFINITIONAL_REPRESENTATION('',(#9440),#9444);
#9440 = LINE('',#9441,#9442);
#9441 = CARTESIAN_POINT('',(0.,0.));
#9442 = VECTOR('',#9443,1.);
#9443 = DIRECTION('',(1.,0.));
#9444 = ( GEOMETRIC_REPRESENTATION_CONTEXT(2) 
PARAMETRIC_REPRESENTATION_CONTEXT() REPRESENTATION_CONTEXT('2D SPACE',''
  ) );
#9445 = PCURVE('',#9365,#9446);
#9446 = DEFINITIONAL_REPRESENTATION('',(#9447),#9451);
#9447 = LINE('',#9448,#9449);
#9448 = CARTESIAN_POINT('',(0.32,-0.32));
#9449 = VECTOR('',#9450,1.);
#9450 = DIRECTION('',(0.,1.));
#9451 = ( GEOMETRIC_REPRESENTATION_CONTEXT(2) 
PARAMETRIC_REPRESENTATION_CONTEXT() REPRESENTATION_CONTEXT('2D SPACE',''
  ) );
#9452 = ADVANCED_FACE('',(#9453),#9420,.T.);
#9453 = FACE_BOUND('',#9454,.T.);
#9454 = EDGE_LOOP('',(#9455,#9456,#9479,#9502));
#9455 = ORIENTED_EDGE('',*,*,#9404,.T.);
#9456 = ORIENTED_EDGE('',*,*,#9457,.T.);
#9457 = EDGE_CURVE('',#9382,#9458,#9460,.T.);
#9458 = VERTEX_POINT('',#9459);
#9459 = CARTESIAN_POINT('',(-0.32,-20.,-2.64));
#9460 = SURFACE_CURVE('',#9461,(#9465,#9472),.PCURVE_S1.);
#9461 = LINE('',#9462,#9463);
#9462 = CARTESIAN_POINT('',(0.32,-20.,-2.64));
#9463 = VECTOR('',#9464,1.);
#9464 = DIRECTION('',(-1.,0.,0.));
#9465 = PCURVE('',#9420,#9466);
#9466 = DEFINITIONAL_REPRESENTATION('',(#9467),#9471);
#9467 = LINE('',#9468,#9469);
#9468 = CARTESIAN_POINT('',(0.,-2.64));
#9469 = VECTOR('',#9470,1.);
#9470 = DIRECTION('',(1.,0.));
#9471 = ( GEOMETRIC_REPRESENTATION_CONTEXT(2) 
PARAMETRIC_REPRESENTATION_CONTEXT() REPRESENTATION_CONTEXT('2D SPACE',''
  ) );
#9472 = PCURVE('',#9311,#9473);
#9473 = DEFINITIONAL_REPRESENTATION('',(#9474),#9478);
#9474 = LINE('',#9475,#9476);
#9475 = CARTESIAN_POINT('',(0.32,0.32));
#9476 = VECTOR('',#9477,1.);
#9477 = DIRECTION('',(-1.,0.));
#9478 = ( GEOMETRIC_REPRESENTATION_CONTEXT(2) 
PARAMETRIC_REPRESENTATION_CONTEXT() REPRESENTATION_CONTEXT('2D SPACE',''
  ) );
#9479 = ORIENTED_EDGE('',*,*,#9480,.F.);
#9480 = EDGE_CURVE('',#9481,#9458,#9483,.T.);
#9481 = VERTEX_POINT('',#9482);
#9482 = CARTESIAN_POINT('',(-0.32,-20.,0.));
#9483 = SURFACE_CURVE('',#9484,(#9488,#9495),.PCURVE_S1.);
#9484 = LINE('',#9485,#9486);
#9485 = CARTESIAN_POINT('',(-0.32,-20.,0.));
#9486 = VECTOR('',#9487,1.);
#9487 = DIRECTION('',(-0.,-0.,-1.));
#9488 = PCURVE('',#9420,#9489);
#9489 = DEFINITIONAL_REPRESENTATION('',(#9490),#9494);
#9490 = LINE('',#9491,#9492);
#9491 = CARTESIAN_POINT('',(0.64,0.));
#9492 = VECTOR('',#9493,1.);
#9493 = DIRECTION('',(0.,-1.));
#9494 = ( GEOMETRIC_REPRESENTATION_CONTEXT(2) 
PARAMETRIC_REPRESENTATION_CONTEXT() REPRESENTATION_CONTEXT('2D SPACE',''
  ) );
#9495 = PCURVE('',#9283,#9496);
#9496 = DEFINITIONAL_REPRESENTATION('',(#9497),#9501);
#9497 = LINE('',#9498,#9499);
#9498 = CARTESIAN_POINT('',(0.,0.));
#9499 = VECTOR('',#9500,1.);
#9500 = DIRECTION('',(0.,-1.));
#9501 = ( GEOMETRIC_REPRESENTATION_CONTEXT(2) 
PARAMETRIC_REPRESENTATION_CONTEXT() REPRESENTATION_CONTEXT('2D SPACE',''
  ) );
#9502 = ORIENTED_EDGE('',*,*,#9503,.F.);
#9503 = EDGE_CURVE('',#9405,#9481,#9504,.T.);
#9504 = SURFACE_CURVE('',#9505,(#9509,#9516),.PCURVE_S1.);
#9505 = LINE('',#9506,#9507);
#9506 = CARTESIAN_POINT('',(0.32,-20.,0.));
#9507 = VECTOR('',#9508,1.);
#9508 = DIRECTION('',(-1.,0.,0.));
#9509 = PCURVE('',#9420,#9510);
#9510 = DEFINITIONAL_REPRESENTATION('',(#9511),#9515);
#9511 = LINE('',#9512,#9513);
#9512 = CARTESIAN_POINT('',(0.,0.));
#9513 = VECTOR('',#9514,1.);
#9514 = DIRECTION('',(1.,0.));
#9515 = ( GEOMETRIC_REPRESENTATION_CONTEXT(2) 
PARAMETRIC_REPRESENTATION_CONTEXT() REPRESENTATION_CONTEXT('2D SPACE',''
  ) );
#9516 = PCURVE('',#9365,#9517);
#9517 = DEFINITIONAL_REPRESENTATION('',(#9518),#9522);
#9518 = LINE('',#9519,#9520);
#9519 = CARTESIAN_POINT('',(0.32,0.32));
#9520 = VECTOR('',#9521,1.);
#9521 = DIRECTION('',(-1.,0.));
#9522 = ( GEOMETRIC_REPRESENTATION_CONTEXT(2) 
PARAMETRIC_REPRESENTATION_CONTEXT() REPRESENTATION_CONTEXT('2D SPACE',''
  ) );
#9523 = ADVANCED_FACE('',(#9524),#9283,.T.);
#9524 = FACE_BOUND('',#9525,.T.);
#9525 = EDGE_LOOP('',(#9526,#9527,#9548,#9549));
#9526 = ORIENTED_EDGE('',*,*,#9480,.T.);
#9527 = ORIENTED_EDGE('',*,*,#9528,.T.);
#9528 = EDGE_CURVE('',#9458,#9263,#9529,.T.);
#9529 = SURFACE_CURVE('',#9530,(#9534,#9541),.PCURVE_S1.);
#9530 = LINE('',#9531,#9532);
#9531 = CARTESIAN_POINT('',(-0.32,-20.,-2.64));
#9532 = VECTOR('',#9533,1.);
#9533 = DIRECTION('',(0.,-1.,0.));
#9534 = PCURVE('',#9283,#9535);
#9535 = DEFINITIONAL_REPRESENTATION('',(#9536),#9540);
#9536 = LINE('',#9537,#9538);
#9537 = CARTESIAN_POINT('',(0.,-2.64));
#9538 = VECTOR('',#9539,1.);
#9539 = DIRECTION('',(1.,0.));
#9540 = ( GEOMETRIC_REPRESENTATION_CONTEXT(2) 
PARAMETRIC_REPRESENTATION_CONTEXT() REPRESENTATION_CONTEXT('2D SPACE',''
  ) );
#9541 = PCURVE('',#9311,#9542);
#9542 = DEFINITIONAL_REPRESENTATION('',(#9543),#9547);
#9543 = LINE('',#9544,#9545);
#9544 = CARTESIAN_POINT('',(-0.32,0.32));
#9545 = VECTOR('',#9546,1.);
#9546 = DIRECTION('',(0.,-1.));
#9547 = ( GEOMETRIC_REPRESENTATION_CONTEXT(2) 
PARAMETRIC_REPRESENTATION_CONTEXT() REPRESENTATION_CONTEXT('2D SPACE',''
  ) );
#9548 = ORIENTED_EDGE('',*,*,#9260,.F.);
#9549 = ORIENTED_EDGE('',*,*,#9550,.F.);
#9550 = EDGE_CURVE('',#9481,#9261,#9551,.T.);
#9551 = SURFACE_CURVE('',#9552,(#9556,#9563),.PCURVE_S1.);
#9552 = LINE('',#9553,#9554);
#9553 = CARTESIAN_POINT('',(-0.32,-20.,0.));
#9554 = VECTOR('',#9555,1.);
#9555 = DIRECTION('',(0.,-1.,0.));
#9556 = PCURVE('',#9283,#9557);
#9557 = DEFINITIONAL_REPRESENTATION('',(#9558),#9562);
#9558 = LINE('',#9559,#9560);
#9559 = CARTESIAN_POINT('',(0.,0.));
#9560 = VECTOR('',#9561,1.);
#9561 = DIRECTION('',(1.,0.));
#9562 = ( GEOMETRIC_REPRESENTATION_CONTEXT(2) 
PARAMETRIC_REPRESENTATION_CONTEXT() REPRESENTATION_CONTEXT('2D SPACE',''
  ) );
#9563 = PCURVE('',#9365,#9564);
#9564 = DEFINITIONAL_REPRESENTATION('',(#9565),#9569);
#9565 = LINE('',#9566,#9567);
#9566 = CARTESIAN_POINT('',(-0.32,0.32));
#9567 = VECTOR('',#9568,1.);
#9568 = DIRECTION('',(0.,-1.));
#9569 = ( GEOMETRIC_REPRESENTATION_CONTEXT(2) 
PARAMETRIC_REPRESENTATION_CONTEXT() REPRESENTATION_CONTEXT('2D SPACE',''
  ) );
#9570 = ADVANCED_FACE('',(#9571),#9365,.T.);
#9571 = FACE_BOUND('',#9572,.T.);
#9572 = EDGE_LOOP('',(#9573,#9574,#9575,#9576));
#9573 = ORIENTED_EDGE('',*,*,#9351,.T.);
#9574 = ORIENTED_EDGE('',*,*,#9432,.T.);
#9575 = ORIENTED_EDGE('',*,*,#9503,.T.);
#9576 = ORIENTED_EDGE('',*,*,#9550,.T.);
#9577 = ADVANCED_FACE('',(#9578),#9311,.F.);
#9578 = FACE_BOUND('',#9579,.F.);
#9579 = EDGE_LOOP('',(#9580,#9581,#9582,#9583));
#9580 = ORIENTED_EDGE('',*,*,#9295,.T.);
#9581 = ORIENTED_EDGE('',*,*,#9381,.T.);
#9582 = ORIENTED_EDGE('',*,*,#9457,.T.);
#9583 = ORIENTED_EDGE('',*,*,#9528,.T.);
#9584 = ( GEOMETRIC_REPRESENTATION_CONTEXT(3) 
GLOBAL_UNCERTAINTY_ASSIGNED_CONTEXT((#9588)) 
GLOBAL_UNIT_ASSIGNED_CONTEXT((#9585,#9586,#9587)) REPRESENTATION_CONTEXT
('Context #1','3D Context with UNIT and UNCERTAINTY') );
#9585 = ( LENGTH_UNIT() NAMED_UNIT(*) SI_UNIT(.MILLI.,.METRE.) );
#9586 = ( NAMED_UNIT(*) PLANE_ANGLE_UNIT() SI_UNIT($,.RADIAN.) );
#9587 = ( NAMED_UNIT(*) SI_UNIT($,.STERADIAN.) SOLID_ANGLE_UNIT() );
#9588 = UNCERTAINTY_MEASURE_WITH_UNIT(LENGTH_MEASURE(1.E-07),#9585,
  'distance_accuracy_value','confusion accuracy');
#9589 = CONTEXT_DEPENDENT_SHAPE_REPRESENTATION(#9590,#9592);
#9590 = ( REPRESENTATION_RELATIONSHIP('','',#9253,#10) 
REPRESENTATION_RELATIONSHIP_WITH_TRANSFORMATION(#9591) 
SHAPE_REPRESENTATION_RELATIONSHIP() );
#9591 = ITEM_DEFINED_TRANSFORMATION('','',#11,#51);
#9592 = PRODUCT_DEFINITION_SHAPE('Placement','Placement of an item',
  #9593);
#9593 = NEXT_ASSEMBLY_USAGE_OCCURRENCE('10','tail_9','',#5,#9248,$);
#9594 = PRODUCT_RELATED_PRODUCT_CATEGORY('part',$,(#9250));
#9595 = SHAPE_DEFINITION_REPRESENTATION(#9596,#9602);
#9596 = PRODUCT_DEFINITION_SHAPE('','',#9597);
#9597 = PRODUCT_DEFINITION('design','',#9598,#9601);
#9598 = PRODUCT_DEFINITION_FORMATION('','',#9599);
#9599 = PRODUCT('tail_10','tail_10','',(#9600));
#9600 = PRODUCT_CONTEXT('',#2,'mechanical');
#9601 = PRODUCT_DEFINITION_CONTEXT('part definition',#2,'design');
#9602 = ADVANCED_BREP_SHAPE_REPRESENTATION('',(#11,#9603),#9933);
#9603 = MANIFOLD_SOLID_BREP('',#9604);
#9604 = CLOSED_SHELL('',(#9605,#9725,#9801,#9872,#9919,#9926));
#9605 = ADVANCED_FACE('',(#9606),#9620,.T.);
#9606 = FACE_BOUND('',#9607,.T.);
#9607 = EDGE_LOOP('',(#9608,#9643,#9671,#9699));
#9608 = ORIENTED_EDGE('',*,*,#9609,.T.);
#9609 = EDGE_CURVE('',#9610,#9612,#9614,.T.);
#9610 = VERTEX_POINT('',#9611);
#9611 = CARTESIAN_POINT('',(-0.32,-23.18,0.));
#9612 = VERTEX_POINT('',#9613);
#9613 = CARTESIAN_POINT('',(-0.32,-23.18,-2.64));
#9614 = SURFACE_CURVE('',#9615,(#9619,#9631),.PCURVE_S1.);
#9615 = LINE('',#9616,#9617);
#9616 = CARTESIAN_POINT('',(-0.32,-23.18,0.));
#9617 = VECTOR('',#9618,1.);
#9618 = DIRECTION('',(-0.,-0.,-1.));
#9619 = PCURVE('',#9620,#9625);
#9620 = PLANE('',#9621);
#9621 = AXIS2_PLACEMENT_3D('',#9622,#9623,#9624);
#9622 = CARTESIAN_POINT('',(-0.32,-23.18,0.));
#9623 = DIRECTION('',(0.,-1.,0.));
#9624 = DIRECTION('',(1.,0.,0.));
#9625 = DEFINITIONAL_REPRESENTATION('',(#9626),#9630);
#9626 = LINE('',#9627,#9628);
#9627 = CARTESIAN_POINT('',(0.,0.));
#9628 = VECTOR('',#9629,1.);
#9629 = DIRECTION('',(0.,-1.));
#9630 = ( GEOMETRIC_REPRESENTATION_CONTEXT(2) 
PARAMETRIC_REPRESENTATION_CONTEXT() REPRESENTATION_CONTEXT('2D SPACE',''
  ) );
#9631 = PCURVE('',#9632,#9637);
#9632 = PLANE('',#9633);
#9633 = AXIS2_PLACEMENT_3D('',#9634,#9635,#9636);
#9634 = CARTESIAN_POINT('',(-0.32,-22.54,0.));
#9635 = DIRECTION('',(-1.,0.,0.));
#9636 = DIRECTION('',(0.,-1.,0.));
#9637 = DEFINITIONAL_REPRESENTATION('',(#9638),#9642);
#9638 = LINE('',#9639,#9640);
#9639 = CARTESIAN_POINT('',(0.64,0.));
#9640 = VECTOR('',#9641,1.);
#9641 = DIRECTION('',(0.,-1.));
#9642 = ( GEOMETRIC_REPRESENTATION_CONTEXT(2) 
PARAMETRIC_REPRESENTATION_CONTEXT() REPRESENTATION_CONTEXT('2D SPACE',''
  ) );
#9643 = ORIENTED_EDGE('',*,*,#9644,.T.);
#9644 = EDGE_CURVE('',#9612,#9645,#9647,.T.);
#9645 = VERTEX_POINT('',#9646);
#9646 = CARTESIAN_POINT('',(0.32,-23.18,-2.64));
#9647 = SURFACE_CURVE('',#9648,(#9652,#9659),.PCURVE_S1.);
#9648 = LINE('',#9649,#9650);
#9649 = CARTESIAN_POINT('',(-0.32,-23.18,-2.64));
#9650 = VECTOR('',#9651,1.);
#9651 = DIRECTION('',(1.,0.,0.));
#9652 = PCURVE('',#9620,#9653);
#9653 = DEFINITIONAL_REPRESENTATION('',(#9654),#9658);
#9654 = LINE('',#9655,#9656);
#9655 = CARTESIAN_POINT('',(0.,-2.64));
#9656 = VECTOR('',#9657,1.);
#9657 = DIRECTION('',(1.,0.));
#9658 = ( GEOMETRIC_REPRESENTATION_CONTEXT(2) 
PARAMETRIC_REPRESENTATION_CONTEXT() REPRESENTATION_CONTEXT('2D SPACE',''
  ) );
#9659 = PCURVE('',#9660,#9665);
#9660 = PLANE('',#9661);
#9661 = AXIS2_PLACEMENT_3D('',#9662,#9663,#9664);
#9662 = CARTESIAN_POINT('',(1.084202172486E-17,-22.86,-2.64));
#9663 = DIRECTION('',(0.,0.,1.));
#9664 = DIRECTION('',(1.,0.,-0.));
#9665 = DEFINITIONAL_REPRESENTATION('',(#9666),#9670);
#9666 = LINE('',#9667,#9668);
#9667 = CARTESIAN_POINT('',(-0.32,-0.32));
#9668 = VECTOR('',#9669,1.);
#9669 = DIRECTION('',(1.,0.));
#9670 = ( GEOMETRIC_REPRESENTATION_CONTEXT(2) 
PARAMETRIC_REPRESENTATION_CONTEXT() REPRESENTATION_CONTEXT('2D SPACE',''
  ) );
#9671 = ORIENTED_EDGE('',*,*,#9672,.F.);
#9672 = EDGE_CURVE('',#9673,#9645,#9675,.T.);
#9673 = VERTEX_POINT('',#9674);
#9674 = CARTESIAN_POINT('',(0.32,-23.18,0.));
#9675 = SURFACE_CURVE('',#9676,(#9680,#9687),.PCURVE_S1.);
#9676 = LINE('',#9677,#9678);
#9677 = CARTESIAN_POINT('',(0.32,-23.18,0.));
#9678 = VECTOR('',#9679,1.);
#9679 = DIRECTION('',(-0.,-0.,-1.));
#9680 = PCURVE('',#9620,#9681);
#9681 = DEFINITIONAL_REPRESENTATION('',(#9682),#9686);
#9682 = LINE('',#9683,#9684);
#9683 = CARTESIAN_POINT('',(0.64,0.));
#9684 = VECTOR('',#9685,1.);
#9685 = DIRECTION('',(0.,-1.));
#9686 = ( GEOMETRIC_REPRESENTATION_CONTEXT(2) 
PARAMETRIC_REPRESENTATION_CONTEXT() REPRESENTATION_CONTEXT('2D SPACE',''
  ) );
#9687 = PCURVE('',#9688,#9693);
#9688 = PLANE('',#9689);
#9689 = AXIS2_PLACEMENT_3D('',#9690,#9691,#9692);
#9690 = CARTESIAN_POINT('',(0.32,-23.18,0.));
#9691 = DIRECTION('',(1.,0.,0.));
#9692 = DIRECTION('',(-0.,1.,0.));
#9693 = DEFINITIONAL_REPRESENTATION('',(#9694),#9698);
#9694 = LINE('',#9695,#9696);
#9695 = CARTESIAN_POINT('',(0.,0.));
#9696 = VECTOR('',#9697,1.);
#9697 = DIRECTION('',(0.,-1.));
#9698 = ( GEOMETRIC_REPRESENTATION_CONTEXT(2) 
PARAMETRIC_REPRESENTATION_CONTEXT() REPRESENTATION_CONTEXT('2D SPACE',''
  ) );
#9699 = ORIENTED_EDGE('',*,*,#9700,.F.);
#9700 = EDGE_CURVE('',#9610,#9673,#9701,.T.);
#9701 = SURFACE_CURVE('',#9702,(#9706,#9713),.PCURVE_S1.);
#9702 = LINE('',#9703,#9704);
#9703 = CARTESIAN_POINT('',(-0.32,-23.18,0.));
#9704 = VECTOR('',#9705,1.);
#9705 = DIRECTION('',(1.,0.,0.));
#9706 = PCURVE('',#9620,#9707);
#9707 = DEFINITIONAL_REPRESENTATION('',(#9708),#9712);
#9708 = LINE('',#9709,#9710);
#9709 = CARTESIAN_POINT('',(0.,0.));
#9710 = VECTOR('',#9711,1.);
#9711 = DIRECTION('',(1.,0.));
#9712 = ( GEOMETRIC_REPRESENTATION_CONTEXT(2) 
PARAMETRIC_REPRESENTATION_CONTEXT() REPRESENTATION_CONTEXT('2D SPACE',''
  ) );
#9713 = PCURVE('',#9714,#9719);
#9714 = PLANE('',#9715);
#9715 = AXIS2_PLACEMENT_3D('',#9716,#9717,#9718);
#9716 = CARTESIAN_POINT('',(1.084202172486E-17,-22.86,0.));
#9717 = DIRECTION('',(0.,0.,1.));
#9718 = DIRECTION('',(1.,0.,-0.));
#9719 = DEFINITIONAL_REPRESENTATION('',(#9720),#9724);
#9720 = LINE('',#9721,#9722);
#9721 = CARTESIAN_POINT('',(-0.32,-0.32));
#9722 = VECTOR('',#9723,1.);
#9723 = DIRECTION('',(1.,0.));
#9724 = ( GEOMETRIC_REPRESENTATION_CONTEXT(2) 
PARAMETRIC_REPRESENTATION_CONTEXT() REPRESENTATION_CONTEXT('2D SPACE',''
  ) );
#9725 = ADVANCED_FACE('',(#9726),#9688,.T.);
#9726 = FACE_BOUND('',#9727,.T.);
#9727 = EDGE_LOOP('',(#9728,#9729,#9752,#9780));
#9728 = ORIENTED_EDGE('',*,*,#9672,.T.);
#9729 = ORIENTED_EDGE('',*,*,#9730,.T.);
#9730 = EDGE_CURVE('',#9645,#9731,#9733,.T.);
#9731 = VERTEX_POINT('',#9732);
#9732 = CARTESIAN_POINT('',(0.32,-22.54,-2.64));
#9733 = SURFACE_CURVE('',#9734,(#9738,#9745),.PCURVE_S1.);
#9734 = LINE('',#9735,#9736);
#9735 = CARTESIAN_POINT('',(0.32,-23.18,-2.64));
#9736 = VECTOR('',#9737,1.);
#9737 = DIRECTION('',(0.,1.,0.));
#9738 = PCURVE('',#9688,#9739);
#9739 = DEFINITIONAL_REPRESENTATION('',(#9740),#9744);
#9740 = LINE('',#9741,#9742);
#9741 = CARTESIAN_POINT('',(0.,-2.64));
#9742 = VECTOR('',#9743,1.);
#9743 = DIRECTION('',(1.,0.));
#9744 = ( GEOMETRIC_REPRESENTATION_CONTEXT(2) 
PARAMETRIC_REPRESENTATION_CONTEXT() REPRESENTATION_CONTEXT('2D SPACE',''
  ) );
#9745 = PCURVE('',#9660,#9746);
#9746 = DEFINITIONAL_REPRESENTATION('',(#9747),#9751);
#9747 = LINE('',#9748,#9749);
#9748 = CARTESIAN_POINT('',(0.32,-0.32));
#9749 = VECTOR('',#9750,1.);
#9750 = DIRECTION('',(0.,1.));
#9751 = ( GEOMETRIC_REPRESENTATION_CONTEXT(2) 
PARAMETRIC_REPRESENTATION_CONTEXT() REPRESENTATION_CONTEXT('2D SPACE',''
  ) );
#9752 = ORIENTED_EDGE('',*,*,#9753,.F.);
#9753 = EDGE_CURVE('',#9754,#9731,#9756,.T.);
#9754 = VERTEX_POINT('',#9755);
#9755 = CARTESIAN_POINT('',(0.32,-22.54,0.));
#9756 = SURFACE_CURVE('',#9757,(#9761,#9768),.PCURVE_S1.);
#9757 = LINE('',#9758,#9759);
#9758 = CARTESIAN_POINT('',(0.32,-22.54,0.));
#9759 = VECTOR('',#9760,1.);
#9760 = DIRECTION('',(-0.,-0.,-1.));
#9761 = PCURVE('',#9688,#9762);
#9762 = DEFINITIONAL_REPRESENTATION('',(#9763),#9767);
#9763 = LINE('',#9764,#9765);
#9764 = CARTESIAN_POINT('',(0.64,0.));
#9765 = VECTOR('',#9766,1.);
#9766 = DIRECTION('',(0.,-1.));
#9767 = ( GEOMETRIC_REPRESENTATION_CONTEXT(2) 
PARAMETRIC_REPRESENTATION_CONTEXT() REPRESENTATION_CONTEXT('2D SPACE',''
  ) );
#9768 = PCURVE('',#9769,#9774);
#9769 = PLANE('',#9770);
#9770 = AXIS2_PLACEMENT_3D('',#9771,#9772,#9773);
#9771 = CARTESIAN_POINT('',(0.32,-22.54,0.));
#9772 = DIRECTION('',(0.,1.,-0.));
#9773 = DIRECTION('',(-1.,0.,0.));
#9774 = DEFINITIONAL_REPRESENTATION('',(#9775),#9779);
#9775 = LINE('',#9776,#9777);
#9776 = CARTESIAN_POINT('',(0.,0.));
#9777 = VECTOR('',#9778,1.);
#9778 = DIRECTION('',(0.,-1.));
#9779 = ( GEOMETRIC_REPRESENTATION_CONTEXT(2) 
PARAMETRIC_REPRESENTATION_CONTEXT() REPRESENTATION_CONTEXT('2D SPACE',''
  ) );
#9780 = ORIENTED_EDGE('',*,*,#9781,.F.);
#9781 = EDGE_CURVE('',#9673,#9754,#9782,.T.);
#9782 = SURFACE_CURVE('',#9783,(#9787,#9794),.PCURVE_S1.);
#9783 = LINE('',#9784,#9785);
#9784 = CARTESIAN_POINT('',(0.32,-23.18,0.));
#9785 = VECTOR('',#9786,1.);
#9786 = DIRECTION('',(0.,1.,0.));
#9787 = PCURVE('',#9688,#9788);
#9788 = DEFINITIONAL_REPRESENTATION('',(#9789),#9793);
#9789 = LINE('',#9790,#9791);
#9790 = CARTESIAN_POINT('',(0.,0.));
#9791 = VECTOR('',#9792,1.);
#9792 = DIRECTION('',(1.,0.));
#9793 = ( GEOMETRIC_REPRESENTATION_CONTEXT(2) 
PARAMETRIC_REPRESENTATION_CONTEXT() REPRESENTATION_CONTEXT('2D SPACE',''
  ) );
#9794 = PCURVE('',#9714,#9795);
#9795 = DEFINITIONAL_REPRESENTATION('',(#9796),#9800);
#9796 = LINE('',#9797,#9798);
#9797 = CARTESIAN_POINT('',(0.32,-0.32));
#9798 = VECTOR('',#9799,1.);
#9799 = DIRECTION('',(0.,1.));
#9800 = ( GEOMETRIC_REPRESENTATION_CONTEXT(2) 
PARAMETRIC_REPRESENTATION_CONTEXT() REPRESENTATION_CONTEXT('2D SPACE',''
  ) );
#9801 = ADVANCED_FACE('',(#9802),#9769,.T.);
#9802 = FACE_BOUND('',#9803,.T.);
#9803 = EDGE_LOOP('',(#9804,#9805,#9828,#9851));
#9804 = ORIENTED_EDGE('',*,*,#9753,.T.);
#9805 = ORIENTED_EDGE('',*,*,#9806,.T.);
#9806 = EDGE_CURVE('',#9731,#9807,#9809,.T.);
#9807 = VERTEX_POINT('',#9808);
#9808 = CARTESIAN_POINT('',(-0.32,-22.54,-2.64));
#9809 = SURFACE_CURVE('',#9810,(#9814,#9821),.PCURVE_S1.);
#9810 = LINE('',#9811,#9812);
#9811 = CARTESIAN_POINT('',(0.32,-22.54,-2.64));
#9812 = VECTOR('',#9813,1.);
#9813 = DIRECTION('',(-1.,0.,0.));
#9814 = PCURVE('',#9769,#9815);
#9815 = DEFINITIONAL_REPRESENTATION('',(#9816),#9820);
#9816 = LINE('',#9817,#9818);
#9817 = CARTESIAN_POINT('',(0.,-2.64));
#9818 = VECTOR('',#9819,1.);
#9819 = DIRECTION('',(1.,0.));
#9820 = ( GEOMETRIC_REPRESENTATION_CONTEXT(2) 
PARAMETRIC_REPRESENTATION_CONTEXT() REPRESENTATION_CONTEXT('2D SPACE',''
  ) );
#9821 = PCURVE('',#9660,#9822);
#9822 = DEFINITIONAL_REPRESENTATION('',(#9823),#9827);
#9823 = LINE('',#9824,#9825);
#9824 = CARTESIAN_POINT('',(0.32,0.32));
#9825 = VECTOR('',#9826,1.);
#9826 = DIRECTION('',(-1.,0.));
#9827 = ( GEOMETRIC_REPRESENTATION_CONTEXT(2) 
PARAMETRIC_REPRESENTATION_CONTEXT() REPRESENTATION_CONTEXT('2D SPACE',''
  ) );
#9828 = ORIENTED_EDGE('',*,*,#9829,.F.);
#9829 = EDGE_CURVE('',#9830,#9807,#9832,.T.);
#9830 = VERTEX_POINT('',#9831);
#9831 = CARTESIAN_POINT('',(-0.32,-22.54,0.));
#9832 = SURFACE_CURVE('',#9833,(#9837,#9844),.PCURVE_S1.);
#9833 = LINE('',#9834,#9835);
#9834 = CARTESIAN_POINT('',(-0.32,-22.54,0.));
#9835 = VECTOR('',#9836,1.);
#9836 = DIRECTION('',(-0.,-0.,-1.));
#9837 = PCURVE('',#9769,#9838);
#9838 = DEFINITIONAL_REPRESENTATION('',(#9839),#9843);
#9839 = LINE('',#9840,#9841);
#9840 = CARTESIAN_POINT('',(0.64,0.));
#9841 = VECTOR('',#9842,1.);
#9842 = DIRECTION('',(0.,-1.));
#9843 = ( GEOMETRIC_REPRESENTATION_CONTEXT(2) 
PARAMETRIC_REPRESENTATION_CONTEXT() REPRESENTATION_CONTEXT('2D SPACE',''
  ) );
#9844 = PCURVE('',#9632,#9845);
#9845 = DEFINITIONAL_REPRESENTATION('',(#9846),#9850);
#9846 = LINE('',#9847,#9848);
#9847 = CARTESIAN_POINT('',(0.,0.));
#9848 = VECTOR('',#9849,1.);
#9849 = DIRECTION('',(0.,-1.));
#9850 = ( GEOMETRIC_REPRESENTATION_CONTEXT(2) 
PARAMETRIC_REPRESENTATION_CONTEXT() REPRESENTATION_CONTEXT('2D SPACE',''
  ) );
#9851 = ORIENTED_EDGE('',*,*,#9852,.F.);
#9852 = EDGE_CURVE('',#9754,#9830,#9853,.T.);
#9853 = SURFACE_CURVE('',#9854,(#9858,#9865),.PCURVE_S1.);
#9854 = LINE('',#9855,#9856);
#9855 = CARTESIAN_POINT('',(0.32,-22.54,0.));
#9856 = VECTOR('',#9857,1.);
#9857 = DIRECTION('',(-1.,0.,0.));
#9858 = PCURVE('',#9769,#9859);
#9859 = DEFINITIONAL_REPRESENTATION('',(#9860),#9864);
#9860 = LINE('',#9861,#9862);
#9861 = CARTESIAN_POINT('',(0.,0.));
#9862 = VECTOR('',#9863,1.);
#9863 = DIRECTION('',(1.,0.));
#9864 = ( GEOMETRIC_REPRESENTATION_CONTEXT(2) 
PARAMETRIC_REPRESENTATION_CONTEXT() REPRESENTATION_CONTEXT('2D SPACE',''
  ) );
#9865 = PCURVE('',#9714,#9866);
#9866 = DEFINITIONAL_REPRESENTATION('',(#9867),#9871);
#9867 = LINE('',#9868,#9869);
#9868 = CARTESIAN_POINT('',(0.32,0.32));
#9869 = VECTOR('',#9870,1.);
#9870 = DIRECTION('',(-1.,0.));
#9871 = ( GEOMETRIC_REPRESENTATION_CONTEXT(2) 
PARAMETRIC_REPRESENTATION_CONTEXT() REPRESENTATION_CONTEXT('2D SPACE',''
  ) );
#9872 = ADVANCED_FACE('',(#9873),#9632,.T.);
#9873 = FACE_BOUND('',#9874,.T.);
#9874 = EDGE_LOOP('',(#9875,#9876,#9897,#9898));
#9875 = ORIENTED_EDGE('',*,*,#9829,.T.);
#9876 = ORIENTED_EDGE('',*,*,#9877,.T.);
#9877 = EDGE_CURVE('',#9807,#9612,#9878,.T.);
#9878 = SURFACE_CURVE('',#9879,(#9883,#9890),.PCURVE_S1.);
#9879 = LINE('',#9880,#9881);
#9880 = CARTESIAN_POINT('',(-0.32,-22.54,-2.64));
#9881 = VECTOR('',#9882,1.);
#9882 = DIRECTION('',(0.,-1.,0.));
#9883 = PCURVE('',#9632,#9884);
#9884 = DEFINITIONAL_REPRESENTATION('',(#9885),#9889);
#9885 = LINE('',#9886,#9887);
#9886 = CARTESIAN_POINT('',(0.,-2.64));
#9887 = VECTOR('',#9888,1.);
#9888 = DIRECTION('',(1.,0.));
#9889 = ( GEOMETRIC_REPRESENTATION_CONTEXT(2) 
PARAMETRIC_REPRESENTATION_CONTEXT() REPRESENTATION_CONTEXT('2D SPACE',''
  ) );
#9890 = PCURVE('',#9660,#9891);
#9891 = DEFINITIONAL_REPRESENTATION('',(#9892),#9896);
#9892 = LINE('',#9893,#9894);
#9893 = CARTESIAN_POINT('',(-0.32,0.32));
#9894 = VECTOR('',#9895,1.);
#9895 = DIRECTION('',(0.,-1.));
#9896 = ( GEOMETRIC_REPRESENTATION_CONTEXT(2) 
PARAMETRIC_REPRESENTATION_CONTEXT() REPRESENTATION_CONTEXT('2D SPACE',''
  ) );
#9897 = ORIENTED_EDGE('',*,*,#9609,.F.);
#9898 = ORIENTED_EDGE('',*,*,#9899,.F.);
#9899 = EDGE_CURVE('',#9830,#9610,#9900,.T.);
#9900 = SURFACE_CURVE('',#9901,(#9905,#9912),.PCURVE_S1.);
#9901 = LINE('',#9902,#9903);
#9902 = CARTESIAN_POINT('',(-0.32,-22.54,0.));
#9903 = VECTOR('',#9904,1.);
#9904 = DIRECTION('',(0.,-1.,0.));
#9905 = PCURVE('',#9632,#9906);
#9906 = DEFINITIONAL_REPRESENTATION('',(#9907),#9911);
#9907 = LINE('',#9908,#9909);
#9908 = CARTESIAN_POINT('',(0.,0.));
#9909 = VECTOR('',#9910,1.);
#9910 = DIRECTION('',(1.,0.));
#9911 = ( GEOMETRIC_REPRESENTATION_CONTEXT(2) 
PARAMETRIC_REPRESENTATION_CONTEXT() REPRESENTATION_CONTEXT('2D SPACE',''
  ) );
#9912 = PCURVE('',#9714,#9913);
#9913 = DEFINITIONAL_REPRESENTATION('',(#9914),#9918);
#9914 = LINE('',#9915,#9916);
#9915 = CARTESIAN_POINT('',(-0.32,0.32));
#9916 = VECTOR('',#9917,1.);
#9917 = DIRECTION('',(0.,-1.));
#9918 = ( GEOMETRIC_REPRESENTATION_CONTEXT(2) 
PARAMETRIC_REPRESENTATION_CONTEXT() REPRESENTATION_CONTEXT('2D SPACE',''
  ) );
#9919 = ADVANCED_FACE('',(#9920),#9714,.T.);
#9920 = FACE_BOUND('',#9921,.T.);
#9921 = EDGE_LOOP('',(#9922,#9923,#9924,#9925));
#9922 = ORIENTED_EDGE('',*,*,#9700,.T.);
#9923 = ORIENTED_EDGE('',*,*,#9781,.T.);
#9924 = ORIENTED_EDGE('',*,*,#9852,.T.);
#9925 = ORIENTED_EDGE('',*,*,#9899,.T.);
#9926 = ADVANCED_FACE('',(#9927),#9660,.F.);
#9927 = FACE_BOUND('',#9928,.F.);
#9928 = EDGE_LOOP('',(#9929,#9930,#9931,#9932));
#9929 = ORIENTED_EDGE('',*,*,#9644,.T.);
#9930 = ORIENTED_EDGE('',*,*,#9730,.T.);
#9931 = ORIENTED_EDGE('',*,*,#9806,.T.);
#9932 = ORIENTED_EDGE('',*,*,#9877,.T.);
#9933 = ( GEOMETRIC_REPRESENTATION_CONTEXT(3) 
GLOBAL_UNCERTAINTY_ASSIGNED_CONTEXT((#9937)) 
GLOBAL_UNIT_ASSIGNED_CONTEXT((#9934,#9935,#9936)) REPRESENTATION_CONTEXT
('Context #1','3D Context with UNIT and UNCERTAINTY') );
#9934 = ( LENGTH_UNIT() NAMED_UNIT(*) SI_UNIT(.MILLI.,.METRE.) );
#9935 = ( NAMED_UNIT(*) PLANE_ANGLE_UNIT() SI_UNIT($,.RADIAN.) );
#9936 = ( NAMED_UNIT(*) SI_UNIT($,.STERADIAN.) SOLID_ANGLE_UNIT() );
#9937 = UNCERTAINTY_MEASURE_WITH_UNIT(LENGTH_MEASURE(1.E-07),#9934,
  'distance_accuracy_value','confusion accuracy');
#9938 = CONTEXT_DEPENDENT_SHAPE_REPRESENTATION(#9939,#9941);
#9939 = ( REPRESENTATION_RELATIONSHIP('','',#9602,#10) 
REPRESENTATION_RELATIONSHIP_WITH_TRANSFORMATION(#9940) 
SHAPE_REPRESENTATION_RELATIONSHIP() );
#9940 = ITEM_DEFINED_TRANSFORMATION('','',#11,#55);
#9941 = PRODUCT_DEFINITION_SHAPE('Placement','Placement of an item',
  #9942);
#9942 = NEXT_ASSEMBLY_USAGE_OCCURRENCE('11','tail_10','',#5,#9597,$);
#9943 = PRODUCT_RELATED_PRODUCT_CATEGORY('part',$,(#9599));
#9944 = SHAPE_DEFINITION_REPRESENTATION(#9945,#9951);
#9945 = PRODUCT_DEFINITION_SHAPE('','',#9946);
#9946 = PRODUCT_DEFINITION('design','',#9947,#9950);
#9947 = PRODUCT_DEFINITION_FORMATION('','',#9948);
#9948 = PRODUCT('tail_11','tail_11','',(#9949));
#9949 = PRODUCT_CONTEXT('',#2,'mechanical');
#9950 = PRODUCT_DEFINITION_CONTEXT('part definition',#2,'design');
#9951 = ADVANCED_BREP_SHAPE_REPRESENTATION('',(#11,#9952),#10282);
#9952 = MANIFOLD_SOLID_BREP('',#9953);
#9953 = CLOSED_SHELL('',(#9954,#10074,#10150,#10221,#10268,#10275));
#9954 = ADVANCED_FACE('',(#9955),#9969,.T.);
#9955 = FACE_BOUND('',#9956,.T.);
#9956 = EDGE_LOOP('',(#9957,#9992,#10020,#10048));
#9957 = ORIENTED_EDGE('',*,*,#9958,.T.);
#9958 = EDGE_CURVE('',#9959,#9961,#9963,.T.);
#9959 = VERTEX_POINT('',#9960);
#9960 = CARTESIAN_POINT('',(-0.32,-25.72,0.));
#9961 = VERTEX_POINT('',#9962);
#9962 = CARTESIAN_POINT('',(-0.32,-25.72,-2.64));
#9963 = SURFACE_CURVE('',#9964,(#9968,#9980),.PCURVE_S1.);
#9964 = LINE('',#9965,#9966);
#9965 = CARTESIAN_POINT('',(-0.32,-25.72,0.));
#9966 = VECTOR('',#9967,1.);
#9967 = DIRECTION('',(-0.,-0.,-1.));
#9968 = PCURVE('',#9969,#9974);
#9969 = PLANE('',#9970);
#9970 = AXIS2_PLACEMENT_3D('',#9971,#9972,#9973);
#9971 = CARTESIAN_POINT('',(-0.32,-25.72,0.));
#9972 = DIRECTION('',(0.,-1.,0.));
#9973 = DIRECTION('',(1.,0.,0.));
#9974 = DEFINITIONAL_REPRESENTATION('',(#9975),#9979);
#9975 = LINE('',#9976,#9977);
#9976 = CARTESIAN_POINT('',(0.,0.));
#9977 = VECTOR('',#9978,1.);
#9978 = DIRECTION('',(0.,-1.));
#9979 = ( GEOMETRIC_REPRESENTATION_CONTEXT(2) 
PARAMETRIC_REPRESENTATION_CONTEXT() REPRESENTATION_CONTEXT('2D SPACE',''
  ) );
#9980 = PCURVE('',#9981,#9986);
#9981 = PLANE('',#9982);
#9982 = AXIS2_PLACEMENT_3D('',#9983,#9984,#9985);
#9983 = CARTESIAN_POINT('',(-0.32,-25.08,0.));
#9984 = DIRECTION('',(-1.,0.,0.));
#9985 = DIRECTION('',(0.,-1.,0.));
#9986 = DEFINITIONAL_REPRESENTATION('',(#9987),#9991);
#9987 = LINE('',#9988,#9989);
#9988 = CARTESIAN_POINT('',(0.64,0.));
#9989 = VECTOR('',#9990,1.);
#9990 = DIRECTION('',(0.,-1.));
#9991 = ( GEOMETRIC_REPRESENTATION_CONTEXT(2) 
PARAMETRIC_REPRESENTATION_CONTEXT() REPRESENTATION_CONTEXT('2D SPACE',''
  ) );
#9992 = ORIENTED_EDGE('',*,*,#9993,.T.);
#9993 = EDGE_CURVE('',#9961,#9994,#9996,.T.);
#9994 = VERTEX_POINT('',#9995);
#9995 = CARTESIAN_POINT('',(0.32,-25.72,-2.64));
#9996 = SURFACE_CURVE('',#9997,(#10001,#10008),.PCURVE_S1.);
#9997 = LINE('',#9998,#9999);
#9998 = CARTESIAN_POINT('',(-0.32,-25.72,-2.64));
#9999 = VECTOR('',#10000,1.);
#10000 = DIRECTION('',(1.,0.,0.));
#10001 = PCURVE('',#9969,#10002);
#10002 = DEFINITIONAL_REPRESENTATION('',(#10003),#10007);
#10003 = LINE('',#10004,#10005);
#10004 = CARTESIAN_POINT('',(0.,-2.64));
#10005 = VECTOR('',#10006,1.);
#10006 = DIRECTION('',(1.,0.));
#10007 = ( GEOMETRIC_REPRESENTATION_CONTEXT(2) 
PARAMETRIC_REPRESENTATION_CONTEXT() REPRESENTATION_CONTEXT('2D SPACE',''
  ) );
#10008 = PCURVE('',#10009,#10014);
#10009 = PLANE('',#10010);
#10010 = AXIS2_PLACEMENT_3D('',#10011,#10012,#10013);
#10011 = CARTESIAN_POINT('',(1.084202172486E-17,-25.4,-2.64));
#10012 = DIRECTION('',(0.,0.,1.));
#10013 = DIRECTION('',(1.,0.,-0.));
#10014 = DEFINITIONAL_REPRESENTATION('',(#10015),#10019);
#10015 = LINE('',#10016,#10017);
#10016 = CARTESIAN_POINT('',(-0.32,-0.32));
#10017 = VECTOR('',#10018,1.);
#10018 = DIRECTION('',(1.,0.));
#10019 = ( GEOMETRIC_REPRESENTATION_CONTEXT(2) 
PARAMETRIC_REPRESENTATION_CONTEXT() REPRESENTATION_CONTEXT('2D SPACE',''
  ) );
#10020 = ORIENTED_EDGE('',*,*,#10021,.F.);
#10021 = EDGE_CURVE('',#10022,#9994,#10024,.T.);
#10022 = VERTEX_POINT('',#10023);
#10023 = CARTESIAN_POINT('',(0.32,-25.72,0.));
#10024 = SURFACE_CURVE('',#10025,(#10029,#10036),.PCURVE_S1.);
#10025 = LINE('',#10026,#10027);
#10026 = CARTESIAN_POINT('',(0.32,-25.72,0.));
#10027 = VECTOR('',#10028,1.);
#10028 = DIRECTION('',(-0.,-0.,-1.));
#10029 = PCURVE('',#9969,#10030);
#10030 = DEFINITIONAL_REPRESENTATION('',(#10031),#10035);
#10031 = LINE('',#10032,#10033);
#10032 = CARTESIAN_POINT('',(0.64,0.));
#10033 = VECTOR('',#10034,1.);
#10034 = DIRECTION('',(0.,-1.));
#10035 = ( GEOMETRIC_REPRESENTATION_CONTEXT(2) 
PARAMETRIC_REPRESENTATION_CONTEXT() REPRESENTATION_CONTEXT('2D SPACE',''
  ) );
#10036 = PCURVE('',#10037,#10042);
#10037 = PLANE('',#10038);
#10038 = AXIS2_PLACEMENT_3D('',#10039,#10040,#10041);
#10039 = CARTESIAN_POINT('',(0.32,-25.72,0.));
#10040 = DIRECTION('',(1.,0.,0.));
#10041 = DIRECTION('',(-0.,1.,0.));
#10042 = DEFINITIONAL_REPRESENTATION('',(#10043),#10047);
#10043 = LINE('',#10044,#10045);
#10044 = CARTESIAN_POINT('',(0.,0.));
#10045 = VECTOR('',#10046,1.);
#10046 = DIRECTION('',(0.,-1.));
#10047 = ( GEOMETRIC_REPRESENTATION_CONTEXT(2) 
PARAMETRIC_REPRESENTATION_CONTEXT() REPRESENTATION_CONTEXT('2D SPACE',''
  ) );
#10048 = ORIENTED_EDGE('',*,*,#10049,.F.);
#10049 = EDGE_CURVE('',#9959,#10022,#10050,.T.);
#10050 = SURFACE_CURVE('',#10051,(#10055,#10062),.PCURVE_S1.);
#10051 = LINE('',#10052,#10053);
#10052 = CARTESIAN_POINT('',(-0.32,-25.72,0.));
#10053 = VECTOR('',#10054,1.);
#10054 = DIRECTION('',(1.,0.,0.));
#10055 = PCURVE('',#9969,#10056);
#10056 = DEFINITIONAL_REPRESENTATION('',(#10057),#10061);
#10057 = LINE('',#10058,#10059);
#10058 = CARTESIAN_POINT('',(0.,0.));
#10059 = VECTOR('',#10060,1.);
#10060 = DIRECTION('',(1.,0.));
#10061 = ( GEOMETRIC_REPRESENTATION_CONTEXT(2) 
PARAMETRIC_REPRESENTATION_CONTEXT() REPRESENTATION_CONTEXT('2D SPACE',''
  ) );
#10062 = PCURVE('',#10063,#10068);
#10063 = PLANE('',#10064);
#10064 = AXIS2_PLACEMENT_3D('',#10065,#10066,#10067);
#10065 = CARTESIAN_POINT('',(1.084202172486E-17,-25.4,0.));
#10066 = DIRECTION('',(0.,0.,1.));
#10067 = DIRECTION('',(1.,0.,-0.));
#10068 = DEFINITIONAL_REPRESENTATION('',(#10069),#10073);
#10069 = LINE('',#10070,#10071);
#10070 = CARTESIAN_POINT('',(-0.32,-0.32));
#10071 = VECTOR('',#10072,1.);
#10072 = DIRECTION('',(1.,0.));
#10073 = ( GEOMETRIC_REPRESENTATION_CONTEXT(2) 
PARAMETRIC_REPRESENTATION_CONTEXT() REPRESENTATION_CONTEXT('2D SPACE',''
  ) );
#10074 = ADVANCED_FACE('',(#10075),#10037,.T.);
#10075 = FACE_BOUND('',#10076,.T.);
#10076 = EDGE_LOOP('',(#10077,#10078,#10101,#10129));
#10077 = ORIENTED_EDGE('',*,*,#10021,.T.);
#10078 = ORIENTED_EDGE('',*,*,#10079,.T.);
#10079 = EDGE_CURVE('',#9994,#10080,#10082,.T.);
#10080 = VERTEX_POINT('',#10081);
#10081 = CARTESIAN_POINT('',(0.32,-25.08,-2.64));
#10082 = SURFACE_CURVE('',#10083,(#10087,#10094),.PCURVE_S1.);
#10083 = LINE('',#10084,#10085);
#10084 = CARTESIAN_POINT('',(0.32,-25.72,-2.64));
#10085 = VECTOR('',#10086,1.);
#10086 = DIRECTION('',(0.,1.,0.));
#10087 = PCURVE('',#10037,#10088);
#10088 = DEFINITIONAL_REPRESENTATION('',(#10089),#10093);
#10089 = LINE('',#10090,#10091);
#10090 = CARTESIAN_POINT('',(0.,-2.64));
#10091 = VECTOR('',#10092,1.);
#10092 = DIRECTION('',(1.,0.));
#10093 = ( GEOMETRIC_REPRESENTATION_CONTEXT(2) 
PARAMETRIC_REPRESENTATION_CONTEXT() REPRESENTATION_CONTEXT('2D SPACE',''
  ) );
#10094 = PCURVE('',#10009,#10095);
#10095 = DEFINITIONAL_REPRESENTATION('',(#10096),#10100);
#10096 = LINE('',#10097,#10098);
#10097 = CARTESIAN_POINT('',(0.32,-0.32));
#10098 = VECTOR('',#10099,1.);
#10099 = DIRECTION('',(0.,1.));
#10100 = ( GEOMETRIC_REPRESENTATION_CONTEXT(2) 
PARAMETRIC_REPRESENTATION_CONTEXT() REPRESENTATION_CONTEXT('2D SPACE',''
  ) );
#10101 = ORIENTED_EDGE('',*,*,#10102,.F.);
#10102 = EDGE_CURVE('',#10103,#10080,#10105,.T.);
#10103 = VERTEX_POINT('',#10104);
#10104 = CARTESIAN_POINT('',(0.32,-25.08,0.));
#10105 = SURFACE_CURVE('',#10106,(#10110,#10117),.PCURVE_S1.);
#10106 = LINE('',#10107,#10108);
#10107 = CARTESIAN_POINT('',(0.32,-25.08,0.));
#10108 = VECTOR('',#10109,1.);
#10109 = DIRECTION('',(-0.,-0.,-1.));
#10110 = PCURVE('',#10037,#10111);
#10111 = DEFINITIONAL_REPRESENTATION('',(#10112),#10116);
#10112 = LINE('',#10113,#10114);
#10113 = CARTESIAN_POINT('',(0.64,0.));
#10114 = VECTOR('',#10115,1.);
#10115 = DIRECTION('',(0.,-1.));
#10116 = ( GEOMETRIC_REPRESENTATION_CONTEXT(2) 
PARAMETRIC_REPRESENTATION_CONTEXT() REPRESENTATION_CONTEXT('2D SPACE',''
  ) );
#10117 = PCURVE('',#10118,#10123);
#10118 = PLANE('',#10119);
#10119 = AXIS2_PLACEMENT_3D('',#10120,#10121,#10122);
#10120 = CARTESIAN_POINT('',(0.32,-25.08,0.));
#10121 = DIRECTION('',(0.,1.,-0.));
#10122 = DIRECTION('',(-1.,0.,0.));
#10123 = DEFINITIONAL_REPRESENTATION('',(#10124),#10128);
#10124 = LINE('',#10125,#10126);
#10125 = CARTESIAN_POINT('',(0.,0.));
#10126 = VECTOR('',#10127,1.);
#10127 = DIRECTION('',(0.,-1.));
#10128 = ( GEOMETRIC_REPRESENTATION_CONTEXT(2) 
PARAMETRIC_REPRESENTATION_CONTEXT() REPRESENTATION_CONTEXT('2D SPACE',''
  ) );
#10129 = ORIENTED_EDGE('',*,*,#10130,.F.);
#10130 = EDGE_CURVE('',#10022,#10103,#10131,.T.);
#10131 = SURFACE_CURVE('',#10132,(#10136,#10143),.PCURVE_S1.);
#10132 = LINE('',#10133,#10134);
#10133 = CARTESIAN_POINT('',(0.32,-25.72,0.));
#10134 = VECTOR('',#10135,1.);
#10135 = DIRECTION('',(0.,1.,0.));
#10136 = PCURVE('',#10037,#10137);
#10137 = DEFINITIONAL_REPRESENTATION('',(#10138),#10142);
#10138 = LINE('',#10139,#10140);
#10139 = CARTESIAN_POINT('',(0.,0.));
#10140 = VECTOR('',#10141,1.);
#10141 = DIRECTION('',(1.,0.));
#10142 = ( GEOMETRIC_REPRESENTATION_CONTEXT(2) 
PARAMETRIC_REPRESENTATION_CONTEXT() REPRESENTATION_CONTEXT('2D SPACE',''
  ) );
#10143 = PCURVE('',#10063,#10144);
#10144 = DEFINITIONAL_REPRESENTATION('',(#10145),#10149);
#10145 = LINE('',#10146,#10147);
#10146 = CARTESIAN_POINT('',(0.32,-0.32));
#10147 = VECTOR('',#10148,1.);
#10148 = DIRECTION('',(0.,1.));
#10149 = ( GEOMETRIC_REPRESENTATION_CONTEXT(2) 
PARAMETRIC_REPRESENTATION_CONTEXT() REPRESENTATION_CONTEXT('2D SPACE',''
  ) );
#10150 = ADVANCED_FACE('',(#10151),#10118,.T.);
#10151 = FACE_BOUND('',#10152,.T.);
#10152 = EDGE_LOOP('',(#10153,#10154,#10177,#10200));
#10153 = ORIENTED_EDGE('',*,*,#10102,.T.);
#10154 = ORIENTED_EDGE('',*,*,#10155,.T.);
#10155 = EDGE_CURVE('',#10080,#10156,#10158,.T.);
#10156 = VERTEX_POINT('',#10157);
#10157 = CARTESIAN_POINT('',(-0.32,-25.08,-2.64));
#10158 = SURFACE_CURVE('',#10159,(#10163,#10170),.PCURVE_S1.);
#10159 = LINE('',#10160,#10161);
#10160 = CARTESIAN_POINT('',(0.32,-25.08,-2.64));
#10161 = VECTOR('',#10162,1.);
#10162 = DIRECTION('',(-1.,0.,0.));
#10163 = PCURVE('',#10118,#10164);
#10164 = DEFINITIONAL_REPRESENTATION('',(#10165),#10169);
#10165 = LINE('',#10166,#10167);
#10166 = CARTESIAN_POINT('',(0.,-2.64));
#10167 = VECTOR('',#10168,1.);
#10168 = DIRECTION('',(1.,0.));
#10169 = ( GEOMETRIC_REPRESENTATION_CONTEXT(2) 
PARAMETRIC_REPRESENTATION_CONTEXT() REPRESENTATION_CONTEXT('2D SPACE',''
  ) );
#10170 = PCURVE('',#10009,#10171);
#10171 = DEFINITIONAL_REPRESENTATION('',(#10172),#10176);
#10172 = LINE('',#10173,#10174);
#10173 = CARTESIAN_POINT('',(0.32,0.32));
#10174 = VECTOR('',#10175,1.);
#10175 = DIRECTION('',(-1.,0.));
#10176 = ( GEOMETRIC_REPRESENTATION_CONTEXT(2) 
PARAMETRIC_REPRESENTATION_CONTEXT() REPRESENTATION_CONTEXT('2D SPACE',''
  ) );
#10177 = ORIENTED_EDGE('',*,*,#10178,.F.);
#10178 = EDGE_CURVE('',#10179,#10156,#10181,.T.);
#10179 = VERTEX_POINT('',#10180);
#10180 = CARTESIAN_POINT('',(-0.32,-25.08,0.));
#10181 = SURFACE_CURVE('',#10182,(#10186,#10193),.PCURVE_S1.);
#10182 = LINE('',#10183,#10184);
#10183 = CARTESIAN_POINT('',(-0.32,-25.08,0.));
#10184 = VECTOR('',#10185,1.);
#10185 = DIRECTION('',(-0.,-0.,-1.));
#10186 = PCURVE('',#10118,#10187);
#10187 = DEFINITIONAL_REPRESENTATION('',(#10188),#10192);
#10188 = LINE('',#10189,#10190);
#10189 = CARTESIAN_POINT('',(0.64,0.));
#10190 = VECTOR('',#10191,1.);
#10191 = DIRECTION('',(0.,-1.));
#10192 = ( GEOMETRIC_REPRESENTATION_CONTEXT(2) 
PARAMETRIC_REPRESENTATION_CONTEXT() REPRESENTATION_CONTEXT('2D SPACE',''
  ) );
#10193 = PCURVE('',#9981,#10194);
#10194 = DEFINITIONAL_REPRESENTATION('',(#10195),#10199);
#10195 = LINE('',#10196,#10197);
#10196 = CARTESIAN_POINT('',(0.,0.));
#10197 = VECTOR('',#10198,1.);
#10198 = DIRECTION('',(0.,-1.));
#10199 = ( GEOMETRIC_REPRESENTATION_CONTEXT(2) 
PARAMETRIC_REPRESENTATION_CONTEXT() REPRESENTATION_CONTEXT('2D SPACE',''
  ) );
#10200 = ORIENTED_EDGE('',*,*,#10201,.F.);
#10201 = EDGE_CURVE('',#10103,#10179,#10202,.T.);
#10202 = SURFACE_CURVE('',#10203,(#10207,#10214),.PCURVE_S1.);
#10203 = LINE('',#10204,#10205);
#10204 = CARTESIAN_POINT('',(0.32,-25.08,0.));
#10205 = VECTOR('',#10206,1.);
#10206 = DIRECTION('',(-1.,0.,0.));
#10207 = PCURVE('',#10118,#10208);
#10208 = DEFINITIONAL_REPRESENTATION('',(#10209),#10213);
#10209 = LINE('',#10210,#10211);
#10210 = CARTESIAN_POINT('',(0.,0.));
#10211 = VECTOR('',#10212,1.);
#10212 = DIRECTION('',(1.,0.));
#10213 = ( GEOMETRIC_REPRESENTATION_CONTEXT(2) 
PARAMETRIC_REPRESENTATION_CONTEXT() REPRESENTATION_CONTEXT('2D SPACE',''
  ) );
#10214 = PCURVE('',#10063,#10215);
#10215 = DEFINITIONAL_REPRESENTATION('',(#10216),#10220);
#10216 = LINE('',#10217,#10218);
#10217 = CARTESIAN_POINT('',(0.32,0.32));
#10218 = VECTOR('',#10219,1.);
#10219 = DIRECTION('',(-1.,0.));
#10220 = ( GEOMETRIC_REPRESENTATION_CONTEXT(2) 
PARAMETRIC_REPRESENTATION_CONTEXT() REPRESENTATION_CONTEXT('2D SPACE',''
  ) );
#10221 = ADVANCED_FACE('',(#10222),#9981,.T.);
#10222 = FACE_BOUND('',#10223,.T.);
#10223 = EDGE_LOOP('',(#10224,#10225,#10246,#10247));
#10224 = ORIENTED_EDGE('',*,*,#10178,.T.);
#10225 = ORIENTED_EDGE('',*,*,#10226,.T.);
#10226 = EDGE_CURVE('',#10156,#9961,#10227,.T.);
#10227 = SURFACE_CURVE('',#10228,(#10232,#10239),.PCURVE_S1.);
#10228 = LINE('',#10229,#10230);
#10229 = CARTESIAN_POINT('',(-0.32,-25.08,-2.64));
#10230 = VECTOR('',#10231,1.);
#10231 = DIRECTION('',(0.,-1.,0.));
#10232 = PCURVE('',#9981,#10233);
#10233 = DEFINITIONAL_REPRESENTATION('',(#10234),#10238);
#10234 = LINE('',#10235,#10236);
#10235 = CARTESIAN_POINT('',(0.,-2.64));
#10236 = VECTOR('',#10237,1.);
#10237 = DIRECTION('',(1.,0.));
#10238 = ( GEOMETRIC_REPRESENTATION_CONTEXT(2) 
PARAMETRIC_REPRESENTATION_CONTEXT() REPRESENTATION_CONTEXT('2D SPACE',''
  ) );
#10239 = PCURVE('',#10009,#10240);
#10240 = DEFINITIONAL_REPRESENTATION('',(#10241),#10245);
#10241 = LINE('',#10242,#10243);
#10242 = CARTESIAN_POINT('',(-0.32,0.32));
#10243 = VECTOR('',#10244,1.);
#10244 = DIRECTION('',(0.,-1.));
#10245 = ( GEOMETRIC_REPRESENTATION_CONTEXT(2) 
PARAMETRIC_REPRESENTATION_CONTEXT() REPRESENTATION_CONTEXT('2D SPACE',''
  ) );
#10246 = ORIENTED_EDGE('',*,*,#9958,.F.);
#10247 = ORIENTED_EDGE('',*,*,#10248,.F.);
#10248 = EDGE_CURVE('',#10179,#9959,#10249,.T.);
#10249 = SURFACE_CURVE('',#10250,(#10254,#10261),.PCURVE_S1.);
#10250 = LINE('',#10251,#10252);
#10251 = CARTESIAN_POINT('',(-0.32,-25.08,0.));
#10252 = VECTOR('',#10253,1.);
#10253 = DIRECTION('',(0.,-1.,0.));
#10254 = PCURVE('',#9981,#10255);
#10255 = DEFINITIONAL_REPRESENTATION('',(#10256),#10260);
#10256 = LINE('',#10257,#10258);
#10257 = CARTESIAN_POINT('',(0.,0.));
#10258 = VECTOR('',#10259,1.);
#10259 = DIRECTION('',(1.,0.));
#10260 = ( GEOMETRIC_REPRESENTATION_CONTEXT(2) 
PARAMETRIC_REPRESENTATION_CONTEXT() REPRESENTATION_CONTEXT('2D SPACE',''
  ) );
#10261 = PCURVE('',#10063,#10262);
#10262 = DEFINITIONAL_REPRESENTATION('',(#10263),#10267);
#10263 = LINE('',#10264,#10265);
#10264 = CARTESIAN_POINT('',(-0.32,0.32));
#10265 = VECTOR('',#10266,1.);
#10266 = DIRECTION('',(0.,-1.));
#10267 = ( GEOMETRIC_REPRESENTATION_CONTEXT(2) 
PARAMETRIC_REPRESENTATION_CONTEXT() REPRESENTATION_CONTEXT('2D SPACE',''
  ) );
#10268 = ADVANCED_FACE('',(#10269),#10063,.T.);
#10269 = FACE_BOUND('',#10270,.T.);
#10270 = EDGE_LOOP('',(#10271,#10272,#10273,#10274));
#10271 = ORIENTED_EDGE('',*,*,#10049,.T.);
#10272 = ORIENTED_EDGE('',*,*,#10130,.T.);
#10273 = ORIENTED_EDGE('',*,*,#10201,.T.);
#10274 = ORIENTED_EDGE('',*,*,#10248,.T.);
#10275 = ADVANCED_FACE('',(#10276),#10009,.F.);
#10276 = FACE_BOUND('',#10277,.F.);
#10277 = EDGE_LOOP('',(#10278,#10279,#10280,#10281));
#10278 = ORIENTED_EDGE('',*,*,#9993,.T.);
#10279 = ORIENTED_EDGE('',*,*,#10079,.T.);
#10280 = ORIENTED_EDGE('',*,*,#10155,.T.);
#10281 = ORIENTED_EDGE('',*,*,#10226,.T.);
#10282 = ( GEOMETRIC_REPRESENTATION_CONTEXT(3) 
GLOBAL_UNCERTAINTY_ASSIGNED_CONTEXT((#10286)) 
GLOBAL_UNIT_ASSIGNED_CONTEXT((#10283,#10284,#10285)) 
REPRESENTATION_CONTEXT('Context #1',
  '3D Context with UNIT and UNCERTAINTY') );
#10283 = ( LENGTH_UNIT() NAMED_UNIT(*) SI_UNIT(.MILLI.,.METRE.) );
#10284 = ( NAMED_UNIT(*) PLANE_ANGLE_UNIT() SI_UNIT($,.RADIAN.) );
#10285 = ( NAMED_UNIT(*) SI_UNIT($,.STERADIAN.) SOLID_ANGLE_UNIT() );
#10286 = UNCERTAINTY_MEASURE_WITH_UNIT(LENGTH_MEASURE(1.E-07),#10283,
  'distance_accuracy_value','confusion accuracy');
#10287 = CONTEXT_DEPENDENT_SHAPE_REPRESENTATION(#10288,#10290);
#10288 = ( REPRESENTATION_RELATIONSHIP('','',#9951,#10) 
REPRESENTATION_RELATIONSHIP_WITH_TRANSFORMATION(#10289) 
SHAPE_REPRESENTATION_RELATIONSHIP() );
#10289 = ITEM_DEFINED_TRANSFORMATION('','',#11,#59);
#10290 = PRODUCT_DEFINITION_SHAPE('Placement','Placement of an item',
  #10291);
#10291 = NEXT_ASSEMBLY_USAGE_OCCURRENCE('12','tail_11','',#5,#9946,$);
#10292 = PRODUCT_RELATED_PRODUCT_CATEGORY('part',$,(#9948));
#10293 = SHAPE_DEFINITION_REPRESENTATION(#10294,#10300);
#10294 = PRODUCT_DEFINITION_SHAPE('','',#10295);
#10295 = PRODUCT_DEFINITION('design','',#10296,#10299);
#10296 = PRODUCT_DEFINITION_FORMATION('','',#10297);
#10297 = PRODUCT('tail_12','tail_12','',(#10298));
#10298 = PRODUCT_CONTEXT('',#2,'mechanical');
#10299 = PRODUCT_DEFINITION_CONTEXT('part definition',#2,'design');
#10300 = ADVANCED_BREP_SHAPE_REPRESENTATION('',(#11,#10301),#10631);
#10301 = MANIFOLD_SOLID_BREP('',#10302);
#10302 = CLOSED_SHELL('',(#10303,#10423,#10499,#10570,#10617,#10624));
#10303 = ADVANCED_FACE('',(#10304),#10318,.T.);
#10304 = FACE_BOUND('',#10305,.T.);
#10305 = EDGE_LOOP('',(#10306,#10341,#10369,#10397));
#10306 = ORIENTED_EDGE('',*,*,#10307,.T.);
#10307 = EDGE_CURVE('',#10308,#10310,#10312,.T.);
#10308 = VERTEX_POINT('',#10309);
#10309 = CARTESIAN_POINT('',(-0.32,-28.26,0.));
#10310 = VERTEX_POINT('',#10311);
#10311 = CARTESIAN_POINT('',(-0.32,-28.26,-2.64));
#10312 = SURFACE_CURVE('',#10313,(#10317,#10329),.PCURVE_S1.);
#10313 = LINE('',#10314,#10315);
#10314 = CARTESIAN_POINT('',(-0.32,-28.26,0.));
#10315 = VECTOR('',#10316,1.);
#10316 = DIRECTION('',(-0.,-0.,-1.));
#10317 = PCURVE('',#10318,#10323);
#10318 = PLANE('',#10319);
#10319 = AXIS2_PLACEMENT_3D('',#10320,#10321,#10322);
#10320 = CARTESIAN_POINT('',(-0.32,-28.26,0.));
#10321 = DIRECTION('',(0.,-1.,0.));
#10322 = DIRECTION('',(1.,0.,0.));
#10323 = DEFINITIONAL_REPRESENTATION('',(#10324),#10328);
#10324 = LINE('',#10325,#10326);
#10325 = CARTESIAN_POINT('',(0.,0.));
#10326 = VECTOR('',#10327,1.);
#10327 = DIRECTION('',(0.,-1.));
#10328 = ( GEOMETRIC_REPRESENTATION_CONTEXT(2) 
PARAMETRIC_REPRESENTATION_CONTEXT() REPRESENTATION_CONTEXT('2D SPACE',''
  ) );
#10329 = PCURVE('',#10330,#10335);
#10330 = PLANE('',#10331);
#10331 = AXIS2_PLACEMENT_3D('',#10332,#10333,#10334);
#10332 = CARTESIAN_POINT('',(-0.32,-27.62,0.));
#10333 = DIRECTION('',(-1.,0.,0.));
#10334 = DIRECTION('',(0.,-1.,0.));
#10335 = DEFINITIONAL_REPRESENTATION('',(#10336),#10340);
#10336 = LINE('',#10337,#10338);
#10337 = CARTESIAN_POINT('',(0.64,0.));
#10338 = VECTOR('',#10339,1.);
#10339 = DIRECTION('',(0.,-1.));
#10340 = ( GEOMETRIC_REPRESENTATION_CONTEXT(2) 
PARAMETRIC_REPRESENTATION_CONTEXT() REPRESENTATION_CONTEXT('2D SPACE',''
  ) );
#10341 = ORIENTED_EDGE('',*,*,#10342,.T.);
#10342 = EDGE_CURVE('',#10310,#10343,#10345,.T.);
#10343 = VERTEX_POINT('',#10344);
#10344 = CARTESIAN_POINT('',(0.32,-28.26,-2.64));
#10345 = SURFACE_CURVE('',#10346,(#10350,#10357),.PCURVE_S1.);
#10346 = LINE('',#10347,#10348);
#10347 = CARTESIAN_POINT('',(-0.32,-28.26,-2.64));
#10348 = VECTOR('',#10349,1.);
#10349 = DIRECTION('',(1.,0.,0.));
#10350 = PCURVE('',#10318,#10351);
#10351 = DEFINITIONAL_REPRESENTATION('',(#10352),#10356);
#10352 = LINE('',#10353,#10354);
#10353 = CARTESIAN_POINT('',(0.,-2.64));
#10354 = VECTOR('',#10355,1.);
#10355 = DIRECTION('',(1.,0.));
#10356 = ( GEOMETRIC_REPRESENTATION_CONTEXT(2) 
PARAMETRIC_REPRESENTATION_CONTEXT() REPRESENTATION_CONTEXT('2D SPACE',''
  ) );
#10357 = PCURVE('',#10358,#10363);
#10358 = PLANE('',#10359);
#10359 = AXIS2_PLACEMENT_3D('',#10360,#10361,#10362);
#10360 = CARTESIAN_POINT('',(1.084202172486E-17,-27.94,-2.64));
#10361 = DIRECTION('',(0.,0.,1.));
#10362 = DIRECTION('',(1.,0.,-0.));
#10363 = DEFINITIONAL_REPRESENTATION('',(#10364),#10368);
#10364 = LINE('',#10365,#10366);
#10365 = CARTESIAN_POINT('',(-0.32,-0.32));
#10366 = VECTOR('',#10367,1.);
#10367 = DIRECTION('',(1.,0.));
#10368 = ( GEOMETRIC_REPRESENTATION_CONTEXT(2) 
PARAMETRIC_REPRESENTATION_CONTEXT() REPRESENTATION_CONTEXT('2D SPACE',''
  ) );
#10369 = ORIENTED_EDGE('',*,*,#10370,.F.);
#10370 = EDGE_CURVE('',#10371,#10343,#10373,.T.);
#10371 = VERTEX_POINT('',#10372);
#10372 = CARTESIAN_POINT('',(0.32,-28.26,0.));
#10373 = SURFACE_CURVE('',#10374,(#10378,#10385),.PCURVE_S1.);
#10374 = LINE('',#10375,#10376);
#10375 = CARTESIAN_POINT('',(0.32,-28.26,0.));
#10376 = VECTOR('',#10377,1.);
#10377 = DIRECTION('',(-0.,-0.,-1.));
#10378 = PCURVE('',#10318,#10379);
#10379 = DEFINITIONAL_REPRESENTATION('',(#10380),#10384);
#10380 = LINE('',#10381,#10382);
#10381 = CARTESIAN_POINT('',(0.64,0.));
#10382 = VECTOR('',#10383,1.);
#10383 = DIRECTION('',(0.,-1.));
#10384 = ( GEOMETRIC_REPRESENTATION_CONTEXT(2) 
PARAMETRIC_REPRESENTATION_CONTEXT() REPRESENTATION_CONTEXT('2D SPACE',''
  ) );
#10385 = PCURVE('',#10386,#10391);
#10386 = PLANE('',#10387);
#10387 = AXIS2_PLACEMENT_3D('',#10388,#10389,#10390);
#10388 = CARTESIAN_POINT('',(0.32,-28.26,0.));
#10389 = DIRECTION('',(1.,0.,0.));
#10390 = DIRECTION('',(-0.,1.,0.));
#10391 = DEFINITIONAL_REPRESENTATION('',(#10392),#10396);
#10392 = LINE('',#10393,#10394);
#10393 = CARTESIAN_POINT('',(0.,0.));
#10394 = VECTOR('',#10395,1.);
#10395 = DIRECTION('',(0.,-1.));
#10396 = ( GEOMETRIC_REPRESENTATION_CONTEXT(2) 
PARAMETRIC_REPRESENTATION_CONTEXT() REPRESENTATION_CONTEXT('2D SPACE',''
  ) );
#10397 = ORIENTED_EDGE('',*,*,#10398,.F.);
#10398 = EDGE_CURVE('',#10308,#10371,#10399,.T.);
#10399 = SURFACE_CURVE('',#10400,(#10404,#10411),.PCURVE_S1.);
#10400 = LINE('',#10401,#10402);
#10401 = CARTESIAN_POINT('',(-0.32,-28.26,0.));
#10402 = VECTOR('',#10403,1.);
#10403 = DIRECTION('',(1.,0.,0.));
#10404 = PCURVE('',#10318,#10405);
#10405 = DEFINITIONAL_REPRESENTATION('',(#10406),#10410);
#10406 = LINE('',#10407,#10408);
#10407 = CARTESIAN_POINT('',(0.,0.));
#10408 = VECTOR('',#10409,1.);
#10409 = DIRECTION('',(1.,0.));
#10410 = ( GEOMETRIC_REPRESENTATION_CONTEXT(2) 
PARAMETRIC_REPRESENTATION_CONTEXT() REPRESENTATION_CONTEXT('2D SPACE',''
  ) );
#10411 = PCURVE('',#10412,#10417);
#10412 = PLANE('',#10413);
#10413 = AXIS2_PLACEMENT_3D('',#10414,#10415,#10416);
#10414 = CARTESIAN_POINT('',(1.084202172486E-17,-27.94,0.));
#10415 = DIRECTION('',(0.,0.,1.));
#10416 = DIRECTION('',(1.,0.,-0.));
#10417 = DEFINITIONAL_REPRESENTATION('',(#10418),#10422);
#10418 = LINE('',#10419,#10420);
#10419 = CARTESIAN_POINT('',(-0.32,-0.32));
#10420 = VECTOR('',#10421,1.);
#10421 = DIRECTION('',(1.,0.));
#10422 = ( GEOMETRIC_REPRESENTATION_CONTEXT(2) 
PARAMETRIC_REPRESENTATION_CONTEXT() REPRESENTATION_CONTEXT('2D SPACE',''
  ) );
#10423 = ADVANCED_FACE('',(#10424),#10386,.T.);
#10424 = FACE_BOUND('',#10425,.T.);
#10425 = EDGE_LOOP('',(#10426,#10427,#10450,#10478));
#10426 = ORIENTED_EDGE('',*,*,#10370,.T.);
#10427 = ORIENTED_EDGE('',*,*,#10428,.T.);
#10428 = EDGE_CURVE('',#10343,#10429,#10431,.T.);
#10429 = VERTEX_POINT('',#10430);
#10430 = CARTESIAN_POINT('',(0.32,-27.62,-2.64));
#10431 = SURFACE_CURVE('',#10432,(#10436,#10443),.PCURVE_S1.);
#10432 = LINE('',#10433,#10434);
#10433 = CARTESIAN_POINT('',(0.32,-28.26,-2.64));
#10434 = VECTOR('',#10435,1.);
#10435 = DIRECTION('',(0.,1.,0.));
#10436 = PCURVE('',#10386,#10437);
#10437 = DEFINITIONAL_REPRESENTATION('',(#10438),#10442);
#10438 = LINE('',#10439,#10440);
#10439 = CARTESIAN_POINT('',(0.,-2.64));
#10440 = VECTOR('',#10441,1.);
#10441 = DIRECTION('',(1.,0.));
#10442 = ( GEOMETRIC_REPRESENTATION_CONTEXT(2) 
PARAMETRIC_REPRESENTATION_CONTEXT() REPRESENTATION_CONTEXT('2D SPACE',''
  ) );
#10443 = PCURVE('',#10358,#10444);
#10444 = DEFINITIONAL_REPRESENTATION('',(#10445),#10449);
#10445 = LINE('',#10446,#10447);
#10446 = CARTESIAN_POINT('',(0.32,-0.32));
#10447 = VECTOR('',#10448,1.);
#10448 = DIRECTION('',(0.,1.));
#10449 = ( GEOMETRIC_REPRESENTATION_CONTEXT(2) 
PARAMETRIC_REPRESENTATION_CONTEXT() REPRESENTATION_CONTEXT('2D SPACE',''
  ) );
#10450 = ORIENTED_EDGE('',*,*,#10451,.F.);
#10451 = EDGE_CURVE('',#10452,#10429,#10454,.T.);
#10452 = VERTEX_POINT('',#10453);
#10453 = CARTESIAN_POINT('',(0.32,-27.62,0.));
#10454 = SURFACE_CURVE('',#10455,(#10459,#10466),.PCURVE_S1.);
#10455 = LINE('',#10456,#10457);
#10456 = CARTESIAN_POINT('',(0.32,-27.62,0.));
#10457 = VECTOR('',#10458,1.);
#10458 = DIRECTION('',(-0.,-0.,-1.));
#10459 = PCURVE('',#10386,#10460);
#10460 = DEFINITIONAL_REPRESENTATION('',(#10461),#10465);
#10461 = LINE('',#10462,#10463);
#10462 = CARTESIAN_POINT('',(0.64,0.));
#10463 = VECTOR('',#10464,1.);
#10464 = DIRECTION('',(0.,-1.));
#10465 = ( GEOMETRIC_REPRESENTATION_CONTEXT(2) 
PARAMETRIC_REPRESENTATION_CONTEXT() REPRESENTATION_CONTEXT('2D SPACE',''
  ) );
#10466 = PCURVE('',#10467,#10472);
#10467 = PLANE('',#10468);
#10468 = AXIS2_PLACEMENT_3D('',#10469,#10470,#10471);
#10469 = CARTESIAN_POINT('',(0.32,-27.62,0.));
#10470 = DIRECTION('',(0.,1.,-0.));
#10471 = DIRECTION('',(-1.,0.,0.));
#10472 = DEFINITIONAL_REPRESENTATION('',(#10473),#10477);
#10473 = LINE('',#10474,#10475);
#10474 = CARTESIAN_POINT('',(0.,0.));
#10475 = VECTOR('',#10476,1.);
#10476 = DIRECTION('',(0.,-1.));
#10477 = ( GEOMETRIC_REPRESENTATION_CONTEXT(2) 
PARAMETRIC_REPRESENTATION_CONTEXT() REPRESENTATION_CONTEXT('2D SPACE',''
  ) );
#10478 = ORIENTED_EDGE('',*,*,#10479,.F.);
#10479 = EDGE_CURVE('',#10371,#10452,#10480,.T.);
#10480 = SURFACE_CURVE('',#10481,(#10485,#10492),.PCURVE_S1.);
#10481 = LINE('',#10482,#10483);
#10482 = CARTESIAN_POINT('',(0.32,-28.26,0.));
#10483 = VECTOR('',#10484,1.);
#10484 = DIRECTION('',(0.,1.,0.));
#10485 = PCURVE('',#10386,#10486);
#10486 = DEFINITIONAL_REPRESENTATION('',(#10487),#10491);
#10487 = LINE('',#10488,#10489);
#10488 = CARTESIAN_POINT('',(0.,0.));
#10489 = VECTOR('',#10490,1.);
#10490 = DIRECTION('',(1.,0.));
#10491 = ( GEOMETRIC_REPRESENTATION_CONTEXT(2) 
PARAMETRIC_REPRESENTATION_CONTEXT() REPRESENTATION_CONTEXT('2D SPACE',''
  ) );
#10492 = PCURVE('',#10412,#10493);
#10493 = DEFINITIONAL_REPRESENTATION('',(#10494),#10498);
#10494 = LINE('',#10495,#10496);
#10495 = CARTESIAN_POINT('',(0.32,-0.32));
#10496 = VECTOR('',#10497,1.);
#10497 = DIRECTION('',(0.,1.));
#10498 = ( GEOMETRIC_REPRESENTATION_CONTEXT(2) 
PARAMETRIC_REPRESENTATION_CONTEXT() REPRESENTATION_CONTEXT('2D SPACE',''
  ) );
#10499 = ADVANCED_FACE('',(#10500),#10467,.T.);
#10500 = FACE_BOUND('',#10501,.T.);
#10501 = EDGE_LOOP('',(#10502,#10503,#10526,#10549));
#10502 = ORIENTED_EDGE('',*,*,#10451,.T.);
#10503 = ORIENTED_EDGE('',*,*,#10504,.T.);
#10504 = EDGE_CURVE('',#10429,#10505,#10507,.T.);
#10505 = VERTEX_POINT('',#10506);
#10506 = CARTESIAN_POINT('',(-0.32,-27.62,-2.64));
#10507 = SURFACE_CURVE('',#10508,(#10512,#10519),.PCURVE_S1.);
#10508 = LINE('',#10509,#10510);
#10509 = CARTESIAN_POINT('',(0.32,-27.62,-2.64));
#10510 = VECTOR('',#10511,1.);
#10511 = DIRECTION('',(-1.,0.,0.));
#10512 = PCURVE('',#10467,#10513);
#10513 = DEFINITIONAL_REPRESENTATION('',(#10514),#10518);
#10514 = LINE('',#10515,#10516);
#10515 = CARTESIAN_POINT('',(0.,-2.64));
#10516 = VECTOR('',#10517,1.);
#10517 = DIRECTION('',(1.,0.));
#10518 = ( GEOMETRIC_REPRESENTATION_CONTEXT(2) 
PARAMETRIC_REPRESENTATION_CONTEXT() REPRESENTATION_CONTEXT('2D SPACE',''
  ) );
#10519 = PCURVE('',#10358,#10520);
#10520 = DEFINITIONAL_REPRESENTATION('',(#10521),#10525);
#10521 = LINE('',#10522,#10523);
#10522 = CARTESIAN_POINT('',(0.32,0.32));
#10523 = VECTOR('',#10524,1.);
#10524 = DIRECTION('',(-1.,0.));
#10525 = ( GEOMETRIC_REPRESENTATION_CONTEXT(2) 
PARAMETRIC_REPRESENTATION_CONTEXT() REPRESENTATION_CONTEXT('2D SPACE',''
  ) );
#10526 = ORIENTED_EDGE('',*,*,#10527,.F.);
#10527 = EDGE_CURVE('',#10528,#10505,#10530,.T.);
#10528 = VERTEX_POINT('',#10529);
#10529 = CARTESIAN_POINT('',(-0.32,-27.62,0.));
#10530 = SURFACE_CURVE('',#10531,(#10535,#10542),.PCURVE_S1.);
#10531 = LINE('',#10532,#10533);
#10532 = CARTESIAN_POINT('',(-0.32,-27.62,0.));
#10533 = VECTOR('',#10534,1.);
#10534 = DIRECTION('',(-0.,-0.,-1.));
#10535 = PCURVE('',#10467,#10536);
#10536 = DEFINITIONAL_REPRESENTATION('',(#10537),#10541);
#10537 = LINE('',#10538,#10539);
#10538 = CARTESIAN_POINT('',(0.64,0.));
#10539 = VECTOR('',#10540,1.);
#10540 = DIRECTION('',(0.,-1.));
#10541 = ( GEOMETRIC_REPRESENTATION_CONTEXT(2) 
PARAMETRIC_REPRESENTATION_CONTEXT() REPRESENTATION_CONTEXT('2D SPACE',''
  ) );
#10542 = PCURVE('',#10330,#10543);
#10543 = DEFINITIONAL_REPRESENTATION('',(#10544),#10548);
#10544 = LINE('',#10545,#10546);
#10545 = CARTESIAN_POINT('',(0.,0.));
#10546 = VECTOR('',#10547,1.);
#10547 = DIRECTION('',(0.,-1.));
#10548 = ( GEOMETRIC_REPRESENTATION_CONTEXT(2) 
PARAMETRIC_REPRESENTATION_CONTEXT() REPRESENTATION_CONTEXT('2D SPACE',''
  ) );
#10549 = ORIENTED_EDGE('',*,*,#10550,.F.);
#10550 = EDGE_CURVE('',#10452,#10528,#10551,.T.);
#10551 = SURFACE_CURVE('',#10552,(#10556,#10563),.PCURVE_S1.);
#10552 = LINE('',#10553,#10554);
#10553 = CARTESIAN_POINT('',(0.32,-27.62,0.));
#10554 = VECTOR('',#10555,1.);
#10555 = DIRECTION('',(-1.,0.,0.));
#10556 = PCURVE('',#10467,#10557);
#10557 = DEFINITIONAL_REPRESENTATION('',(#10558),#10562);
#10558 = LINE('',#10559,#10560);
#10559 = CARTESIAN_POINT('',(0.,0.));
#10560 = VECTOR('',#10561,1.);
#10561 = DIRECTION('',(1.,0.));
#10562 = ( GEOMETRIC_REPRESENTATION_CONTEXT(2) 
PARAMETRIC_REPRESENTATION_CONTEXT() REPRESENTATION_CONTEXT('2D SPACE',''
  ) );
#10563 = PCURVE('',#10412,#10564);
#10564 = DEFINITIONAL_REPRESENTATION('',(#10565),#10569);
#10565 = LINE('',#10566,#10567);
#10566 = CARTESIAN_POINT('',(0.32,0.32));
#10567 = VECTOR('',#10568,1.);
#10568 = DIRECTION('',(-1.,0.));
#10569 = ( GEOMETRIC_REPRESENTATION_CONTEXT(2) 
PARAMETRIC_REPRESENTATION_CONTEXT() REPRESENTATION_CONTEXT('2D SPACE',''
  ) );
#10570 = ADVANCED_FACE('',(#10571),#10330,.T.);
#10571 = FACE_BOUND('',#10572,.T.);
#10572 = EDGE_LOOP('',(#10573,#10574,#10595,#10596));
#10573 = ORIENTED_EDGE('',*,*,#10527,.T.);
#10574 = ORIENTED_EDGE('',*,*,#10575,.T.);
#10575 = EDGE_CURVE('',#10505,#10310,#10576,.T.);
#10576 = SURFACE_CURVE('',#10577,(#10581,#10588),.PCURVE_S1.);
#10577 = LINE('',#10578,#10579);
#10578 = CARTESIAN_POINT('',(-0.32,-27.62,-2.64));
#10579 = VECTOR('',#10580,1.);
#10580 = DIRECTION('',(0.,-1.,0.));
#10581 = PCURVE('',#10330,#10582);
#10582 = DEFINITIONAL_REPRESENTATION('',(#10583),#10587);
#10583 = LINE('',#10584,#10585);
#10584 = CARTESIAN_POINT('',(0.,-2.64));
#10585 = VECTOR('',#10586,1.);
#10586 = DIRECTION('',(1.,0.));
#10587 = ( GEOMETRIC_REPRESENTATION_CONTEXT(2) 
PARAMETRIC_REPRESENTATION_CONTEXT() REPRESENTATION_CONTEXT('2D SPACE',''
  ) );
#10588 = PCURVE('',#10358,#10589);
#10589 = DEFINITIONAL_REPRESENTATION('',(#10590),#10594);
#10590 = LINE('',#10591,#10592);
#10591 = CARTESIAN_POINT('',(-0.32,0.32));
#10592 = VECTOR('',#10593,1.);
#10593 = DIRECTION('',(0.,-1.));
#10594 = ( GEOMETRIC_REPRESENTATION_CONTEXT(2) 
PARAMETRIC_REPRESENTATION_CONTEXT() REPRESENTATION_CONTEXT('2D SPACE',''
  ) );
#10595 = ORIENTED_EDGE('',*,*,#10307,.F.);
#10596 = ORIENTED_EDGE('',*,*,#10597,.F.);
#10597 = EDGE_CURVE('',#10528,#10308,#10598,.T.);
#10598 = SURFACE_CURVE('',#10599,(#10603,#10610),.PCURVE_S1.);
#10599 = LINE('',#10600,#10601);
#10600 = CARTESIAN_POINT('',(-0.32,-27.62,0.));
#10601 = VECTOR('',#10602,1.);
#10602 = DIRECTION('',(0.,-1.,0.));
#10603 = PCURVE('',#10330,#10604);
#10604 = DEFINITIONAL_REPRESENTATION('',(#10605),#10609);
#10605 = LINE('',#10606,#10607);
#10606 = CARTESIAN_POINT('',(0.,0.));
#10607 = VECTOR('',#10608,1.);
#10608 = DIRECTION('',(1.,0.));
#10609 = ( GEOMETRIC_REPRESENTATION_CONTEXT(2) 
PARAMETRIC_REPRESENTATION_CONTEXT() REPRESENTATION_CONTEXT('2D SPACE',''
  ) );
#10610 = PCURVE('',#10412,#10611);
#10611 = DEFINITIONAL_REPRESENTATION('',(#10612),#10616);
#10612 = LINE('',#10613,#10614);
#10613 = CARTESIAN_POINT('',(-0.32,0.32));
#10614 = VECTOR('',#10615,1.);
#10615 = DIRECTION('',(0.,-1.));
#10616 = ( GEOMETRIC_REPRESENTATION_CONTEXT(2) 
PARAMETRIC_REPRESENTATION_CONTEXT() REPRESENTATION_CONTEXT('2D SPACE',''
  ) );
#10617 = ADVANCED_FACE('',(#10618),#10412,.T.);
#10618 = FACE_BOUND('',#10619,.T.);
#10619 = EDGE_LOOP('',(#10620,#10621,#10622,#10623));
#10620 = ORIENTED_EDGE('',*,*,#10398,.T.);
#10621 = ORIENTED_EDGE('',*,*,#10479,.T.);
#10622 = ORIENTED_EDGE('',*,*,#10550,.T.);
#10623 = ORIENTED_EDGE('',*,*,#10597,.T.);
#10624 = ADVANCED_FACE('',(#10625),#10358,.F.);
#10625 = FACE_BOUND('',#10626,.F.);
#10626 = EDGE_LOOP('',(#10627,#10628,#10629,#10630));
#10627 = ORIENTED_EDGE('',*,*,#10342,.T.);
#10628 = ORIENTED_EDGE('',*,*,#10428,.T.);
#10629 = ORIENTED_EDGE('',*,*,#10504,.T.);
#10630 = ORIENTED_EDGE('',*,*,#10575,.T.);
#10631 = ( GEOMETRIC_REPRESENTATION_CONTEXT(3) 
GLOBAL_UNCERTAINTY_ASSIGNED_CONTEXT((#10635)) 
GLOBAL_UNIT_ASSIGNED_CONTEXT((#10632,#10633,#10634)) 
REPRESENTATION_CONTEXT('Context #1',
  '3D Context with UNIT and UNCERTAINTY') );
#10632 = ( LENGTH_UNIT() NAMED_UNIT(*) SI_UNIT(.MILLI.,.METRE.) );
#10633 = ( NAMED_UNIT(*) PLANE_ANGLE_UNIT() SI_UNIT($,.RADIAN.) );
#10634 = ( NAMED_UNIT(*) SI_UNIT($,.STERADIAN.) SOLID_ANGLE_UNIT() );
#10635 = UNCERTAINTY_MEASURE_WITH_UNIT(LENGTH_MEASURE(1.E-07),#10632,
  'distance_accuracy_value','confusion accuracy');
#10636 = CONTEXT_DEPENDENT_SHAPE_REPRESENTATION(#10637,#10639);
#10637 = ( REPRESENTATION_RELATIONSHIP('','',#10300,#10) 
REPRESENTATION_RELATIONSHIP_WITH_TRANSFORMATION(#10638) 
SHAPE_REPRESENTATION_RELATIONSHIP() );
#10638 = ITEM_DEFINED_TRANSFORMATION('','',#11,#63);
#10639 = PRODUCT_DEFINITION_SHAPE('Placement','Placement of an item',
  #10640);
#10640 = NEXT_ASSEMBLY_USAGE_OCCURRENCE('13','tail_12','',#5,#10295,$);
#10641 = PRODUCT_RELATED_PRODUCT_CATEGORY('part',$,(#10297));
#10642 = SHAPE_DEFINITION_REPRESENTATION(#10643,#10649);
#10643 = PRODUCT_DEFINITION_SHAPE('','',#10644);
#10644 = PRODUCT_DEFINITION('design','',#10645,#10648);
#10645 = PRODUCT_DEFINITION_FORMATION('','',#10646);
#10646 = PRODUCT('tail_13','tail_13','',(#10647));
#10647 = PRODUCT_CONTEXT('',#2,'mechanical');
#10648 = PRODUCT_DEFINITION_CONTEXT('part definition',#2,'design');
#10649 = ADVANCED_BREP_SHAPE_REPRESENTATION('',(#11,#10650),#10980);
#10650 = MANIFOLD_SOLID_BREP('',#10651);
#10651 = CLOSED_SHELL('',(#10652,#10772,#10848,#10919,#10966,#10973));
#10652 = ADVANCED_FACE('',(#10653),#10667,.T.);
#10653 = FACE_BOUND('',#10654,.T.);
#10654 = EDGE_LOOP('',(#10655,#10690,#10718,#10746));
#10655 = ORIENTED_EDGE('',*,*,#10656,.T.);
#10656 = EDGE_CURVE('',#10657,#10659,#10661,.T.);
#10657 = VERTEX_POINT('',#10658);
#10658 = CARTESIAN_POINT('',(-0.32,-30.8,0.));
#10659 = VERTEX_POINT('',#10660);
#10660 = CARTESIAN_POINT('',(-0.32,-30.8,-2.64));
#10661 = SURFACE_CURVE('',#10662,(#10666,#10678),.PCURVE_S1.);
#10662 = LINE('',#10663,#10664);
#10663 = CARTESIAN_POINT('',(-0.32,-30.8,0.));
#10664 = VECTOR('',#10665,1.);
#10665 = DIRECTION('',(-0.,-0.,-1.));
#10666 = PCURVE('',#10667,#10672);
#10667 = PLANE('',#10668);
#10668 = AXIS2_PLACEMENT_3D('',#10669,#10670,#10671);
#10669 = CARTESIAN_POINT('',(-0.32,-30.8,0.));
#10670 = DIRECTION('',(0.,-1.,0.));
#10671 = DIRECTION('',(1.,0.,0.));
#10672 = DEFINITIONAL_REPRESENTATION('',(#10673),#10677);
#10673 = LINE('',#10674,#10675);
#10674 = CARTESIAN_POINT('',(0.,0.));
#10675 = VECTOR('',#10676,1.);
#10676 = DIRECTION('',(0.,-1.));
#10677 = ( GEOMETRIC_REPRESENTATION_CONTEXT(2) 
PARAMETRIC_REPRESENTATION_CONTEXT() REPRESENTATION_CONTEXT('2D SPACE',''
  ) );
#10678 = PCURVE('',#10679,#10684);
#10679 = PLANE('',#10680);
#10680 = AXIS2_PLACEMENT_3D('',#10681,#10682,#10683);
#10681 = CARTESIAN_POINT('',(-0.32,-30.16,0.));
#10682 = DIRECTION('',(-1.,0.,0.));
#10683 = DIRECTION('',(0.,-1.,0.));
#10684 = DEFINITIONAL_REPRESENTATION('',(#10685),#10689);
#10685 = LINE('',#10686,#10687);
#10686 = CARTESIAN_POINT('',(0.64,0.));
#10687 = VECTOR('',#10688,1.);
#10688 = DIRECTION('',(0.,-1.));
#10689 = ( GEOMETRIC_REPRESENTATION_CONTEXT(2) 
PARAMETRIC_REPRESENTATION_CONTEXT() REPRESENTATION_CONTEXT('2D SPACE',''
  ) );
#10690 = ORIENTED_EDGE('',*,*,#10691,.T.);
#10691 = EDGE_CURVE('',#10659,#10692,#10694,.T.);
#10692 = VERTEX_POINT('',#10693);
#10693 = CARTESIAN_POINT('',(0.32,-30.8,-2.64));
#10694 = SURFACE_CURVE('',#10695,(#10699,#10706),.PCURVE_S1.);
#10695 = LINE('',#10696,#10697);
#10696 = CARTESIAN_POINT('',(-0.32,-30.8,-2.64));
#10697 = VECTOR('',#10698,1.);
#10698 = DIRECTION('',(1.,0.,0.));
#10699 = PCURVE('',#10667,#10700);
#10700 = DEFINITIONAL_REPRESENTATION('',(#10701),#10705);
#10701 = LINE('',#10702,#10703);
#10702 = CARTESIAN_POINT('',(0.,-2.64));
#10703 = VECTOR('',#10704,1.);
#10704 = DIRECTION('',(1.,0.));
#10705 = ( GEOMETRIC_REPRESENTATION_CONTEXT(2) 
PARAMETRIC_REPRESENTATION_CONTEXT() REPRESENTATION_CONTEXT('2D SPACE',''
  ) );
#10706 = PCURVE('',#10707,#10712);
#10707 = PLANE('',#10708);
#10708 = AXIS2_PLACEMENT_3D('',#10709,#10710,#10711);
#10709 = CARTESIAN_POINT('',(1.084202172486E-17,-30.48,-2.64));
#10710 = DIRECTION('',(0.,0.,1.));
#10711 = DIRECTION('',(1.,0.,-0.));
#10712 = DEFINITIONAL_REPRESENTATION('',(#10713),#10717);
#10713 = LINE('',#10714,#10715);
#10714 = CARTESIAN_POINT('',(-0.32,-0.32));
#10715 = VECTOR('',#10716,1.);
#10716 = DIRECTION('',(1.,0.));
#10717 = ( GEOMETRIC_REPRESENTATION_CONTEXT(2) 
PARAMETRIC_REPRESENTATION_CONTEXT() REPRESENTATION_CONTEXT('2D SPACE',''
  ) );
#10718 = ORIENTED_EDGE('',*,*,#10719,.F.);
#10719 = EDGE_CURVE('',#10720,#10692,#10722,.T.);
#10720 = VERTEX_POINT('',#10721);
#10721 = CARTESIAN_POINT('',(0.32,-30.8,0.));
#10722 = SURFACE_CURVE('',#10723,(#10727,#10734),.PCURVE_S1.);
#10723 = LINE('',#10724,#10725);
#10724 = CARTESIAN_POINT('',(0.32,-30.8,0.));
#10725 = VECTOR('',#10726,1.);
#10726 = DIRECTION('',(-0.,-0.,-1.));
#10727 = PCURVE('',#10667,#10728);
#10728 = DEFINITIONAL_REPRESENTATION('',(#10729),#10733);
#10729 = LINE('',#10730,#10731);
#10730 = CARTESIAN_POINT('',(0.64,0.));
#10731 = VECTOR('',#10732,1.);
#10732 = DIRECTION('',(0.,-1.));
#10733 = ( GEOMETRIC_REPRESENTATION_CONTEXT(2) 
PARAMETRIC_REPRESENTATION_CONTEXT() REPRESENTATION_CONTEXT('2D SPACE',''
  ) );
#10734 = PCURVE('',#10735,#10740);
#10735 = PLANE('',#10736);
#10736 = AXIS2_PLACEMENT_3D('',#10737,#10738,#10739);
#10737 = CARTESIAN_POINT('',(0.32,-30.8,0.));
#10738 = DIRECTION('',(1.,0.,0.));
#10739 = DIRECTION('',(-0.,1.,0.));
#10740 = DEFINITIONAL_REPRESENTATION('',(#10741),#10745);
#10741 = LINE('',#10742,#10743);
#10742 = CARTESIAN_POINT('',(0.,0.));
#10743 = VECTOR('',#10744,1.);
#10744 = DIRECTION('',(0.,-1.));
#10745 = ( GEOMETRIC_REPRESENTATION_CONTEXT(2) 
PARAMETRIC_REPRESENTATION_CONTEXT() REPRESENTATION_CONTEXT('2D SPACE',''
  ) );
#10746 = ORIENTED_EDGE('',*,*,#10747,.F.);
#10747 = EDGE_CURVE('',#10657,#10720,#10748,.T.);
#10748 = SURFACE_CURVE('',#10749,(#10753,#10760),.PCURVE_S1.);
#10749 = LINE('',#10750,#10751);
#10750 = CARTESIAN_POINT('',(-0.32,-30.8,0.));
#10751 = VECTOR('',#10752,1.);
#10752 = DIRECTION('',(1.,0.,0.));
#10753 = PCURVE('',#10667,#10754);
#10754 = DEFINITIONAL_REPRESENTATION('',(#10755),#10759);
#10755 = LINE('',#10756,#10757);
#10756 = CARTESIAN_POINT('',(0.,0.));
#10757 = VECTOR('',#10758,1.);
#10758 = DIRECTION('',(1.,0.));
#10759 = ( GEOMETRIC_REPRESENTATION_CONTEXT(2) 
PARAMETRIC_REPRESENTATION_CONTEXT() REPRESENTATION_CONTEXT('2D SPACE',''
  ) );
#10760 = PCURVE('',#10761,#10766);
#10761 = PLANE('',#10762);
#10762 = AXIS2_PLACEMENT_3D('',#10763,#10764,#10765);
#10763 = CARTESIAN_POINT('',(1.084202172486E-17,-30.48,0.));
#10764 = DIRECTION('',(0.,0.,1.));
#10765 = DIRECTION('',(1.,0.,-0.));
#10766 = DEFINITIONAL_REPRESENTATION('',(#10767),#10771);
#10767 = LINE('',#10768,#10769);
#10768 = CARTESIAN_POINT('',(-0.32,-0.32));
#10769 = VECTOR('',#10770,1.);
#10770 = DIRECTION('',(1.,0.));
#10771 = ( GEOMETRIC_REPRESENTATION_CONTEXT(2) 
PARAMETRIC_REPRESENTATION_CONTEXT() REPRESENTATION_CONTEXT('2D SPACE',''
  ) );
#10772 = ADVANCED_FACE('',(#10773),#10735,.T.);
#10773 = FACE_BOUND('',#10774,.T.);
#10774 = EDGE_LOOP('',(#10775,#10776,#10799,#10827));
#10775 = ORIENTED_EDGE('',*,*,#10719,.T.);
#10776 = ORIENTED_EDGE('',*,*,#10777,.T.);
#10777 = EDGE_CURVE('',#10692,#10778,#10780,.T.);
#10778 = VERTEX_POINT('',#10779);
#10779 = CARTESIAN_POINT('',(0.32,-30.16,-2.64));
#10780 = SURFACE_CURVE('',#10781,(#10785,#10792),.PCURVE_S1.);
#10781 = LINE('',#10782,#10783);
#10782 = CARTESIAN_POINT('',(0.32,-30.8,-2.64));
#10783 = VECTOR('',#10784,1.);
#10784 = DIRECTION('',(0.,1.,0.));
#10785 = PCURVE('',#10735,#10786);
#10786 = DEFINITIONAL_REPRESENTATION('',(#10787),#10791);
#10787 = LINE('',#10788,#10789);
#10788 = CARTESIAN_POINT('',(0.,-2.64));
#10789 = VECTOR('',#10790,1.);
#10790 = DIRECTION('',(1.,0.));
#10791 = ( GEOMETRIC_REPRESENTATION_CONTEXT(2) 
PARAMETRIC_REPRESENTATION_CONTEXT() REPRESENTATION_CONTEXT('2D SPACE',''
  ) );
#10792 = PCURVE('',#10707,#10793);
#10793 = DEFINITIONAL_REPRESENTATION('',(#10794),#10798);
#10794 = LINE('',#10795,#10796);
#10795 = CARTESIAN_POINT('',(0.32,-0.32));
#10796 = VECTOR('',#10797,1.);
#10797 = DIRECTION('',(0.,1.));
#10798 = ( GEOMETRIC_REPRESENTATION_CONTEXT(2) 
PARAMETRIC_REPRESENTATION_CONTEXT() REPRESENTATION_CONTEXT('2D SPACE',''
  ) );
#10799 = ORIENTED_EDGE('',*,*,#10800,.F.);
#10800 = EDGE_CURVE('',#10801,#10778,#10803,.T.);
#10801 = VERTEX_POINT('',#10802);
#10802 = CARTESIAN_POINT('',(0.32,-30.16,0.));
#10803 = SURFACE_CURVE('',#10804,(#10808,#10815),.PCURVE_S1.);
#10804 = LINE('',#10805,#10806);
#10805 = CARTESIAN_POINT('',(0.32,-30.16,0.));
#10806 = VECTOR('',#10807,1.);
#10807 = DIRECTION('',(-0.,-0.,-1.));
#10808 = PCURVE('',#10735,#10809);
#10809 = DEFINITIONAL_REPRESENTATION('',(#10810),#10814);
#10810 = LINE('',#10811,#10812);
#10811 = CARTESIAN_POINT('',(0.64,0.));
#10812 = VECTOR('',#10813,1.);
#10813 = DIRECTION('',(0.,-1.));
#10814 = ( GEOMETRIC_REPRESENTATION_CONTEXT(2) 
PARAMETRIC_REPRESENTATION_CONTEXT() REPRESENTATION_CONTEXT('2D SPACE',''
  ) );
#10815 = PCURVE('',#10816,#10821);
#10816 = PLANE('',#10817);
#10817 = AXIS2_PLACEMENT_3D('',#10818,#10819,#10820);
#10818 = CARTESIAN_POINT('',(0.32,-30.16,0.));
#10819 = DIRECTION('',(0.,1.,-0.));
#10820 = DIRECTION('',(-1.,0.,0.));
#10821 = DEFINITIONAL_REPRESENTATION('',(#10822),#10826);
#10822 = LINE('',#10823,#10824);
#10823 = CARTESIAN_POINT('',(0.,0.));
#10824 = VECTOR('',#10825,1.);
#10825 = DIRECTION('',(0.,-1.));
#10826 = ( GEOMETRIC_REPRESENTATION_CONTEXT(2) 
PARAMETRIC_REPRESENTATION_CONTEXT() REPRESENTATION_CONTEXT('2D SPACE',''
  ) );
#10827 = ORIENTED_EDGE('',*,*,#10828,.F.);
#10828 = EDGE_CURVE('',#10720,#10801,#10829,.T.);
#10829 = SURFACE_CURVE('',#10830,(#10834,#10841),.PCURVE_S1.);
#10830 = LINE('',#10831,#10832);
#10831 = CARTESIAN_POINT('',(0.32,-30.8,0.));
#10832 = VECTOR('',#10833,1.);
#10833 = DIRECTION('',(0.,1.,0.));
#10834 = PCURVE('',#10735,#10835);
#10835 = DEFINITIONAL_REPRESENTATION('',(#10836),#10840);
#10836 = LINE('',#10837,#10838);
#10837 = CARTESIAN_POINT('',(0.,0.));
#10838 = VECTOR('',#10839,1.);
#10839 = DIRECTION('',(1.,0.));
#10840 = ( GEOMETRIC_REPRESENTATION_CONTEXT(2) 
PARAMETRIC_REPRESENTATION_CONTEXT() REPRESENTATION_CONTEXT('2D SPACE',''
  ) );
#10841 = PCURVE('',#10761,#10842);
#10842 = DEFINITIONAL_REPRESENTATION('',(#10843),#10847);
#10843 = LINE('',#10844,#10845);
#10844 = CARTESIAN_POINT('',(0.32,-0.32));
#10845 = VECTOR('',#10846,1.);
#10846 = DIRECTION('',(0.,1.));
#10847 = ( GEOMETRIC_REPRESENTATION_CONTEXT(2) 
PARAMETRIC_REPRESENTATION_CONTEXT() REPRESENTATION_CONTEXT('2D SPACE',''
  ) );
#10848 = ADVANCED_FACE('',(#10849),#10816,.T.);
#10849 = FACE_BOUND('',#10850,.T.);
#10850 = EDGE_LOOP('',(#10851,#10852,#10875,#10898));
#10851 = ORIENTED_EDGE('',*,*,#10800,.T.);
#10852 = ORIENTED_EDGE('',*,*,#10853,.T.);
#10853 = EDGE_CURVE('',#10778,#10854,#10856,.T.);
#10854 = VERTEX_POINT('',#10855);
#10855 = CARTESIAN_POINT('',(-0.32,-30.16,-2.64));
#10856 = SURFACE_CURVE('',#10857,(#10861,#10868),.PCURVE_S1.);
#10857 = LINE('',#10858,#10859);
#10858 = CARTESIAN_POINT('',(0.32,-30.16,-2.64));
#10859 = VECTOR('',#10860,1.);
#10860 = DIRECTION('',(-1.,0.,0.));
#10861 = PCURVE('',#10816,#10862);
#10862 = DEFINITIONAL_REPRESENTATION('',(#10863),#10867);
#10863 = LINE('',#10864,#10865);
#10864 = CARTESIAN_POINT('',(0.,-2.64));
#10865 = VECTOR('',#10866,1.);
#10866 = DIRECTION('',(1.,0.));
#10867 = ( GEOMETRIC_REPRESENTATION_CONTEXT(2) 
PARAMETRIC_REPRESENTATION_CONTEXT() REPRESENTATION_CONTEXT('2D SPACE',''
  ) );
#10868 = PCURVE('',#10707,#10869);
#10869 = DEFINITIONAL_REPRESENTATION('',(#10870),#10874);
#10870 = LINE('',#10871,#10872);
#10871 = CARTESIAN_POINT('',(0.32,0.32));
#10872 = VECTOR('',#10873,1.);
#10873 = DIRECTION('',(-1.,0.));
#10874 = ( GEOMETRIC_REPRESENTATION_CONTEXT(2) 
PARAMETRIC_REPRESENTATION_CONTEXT() REPRESENTATION_CONTEXT('2D SPACE',''
  ) );
#10875 = ORIENTED_EDGE('',*,*,#10876,.F.);
#10876 = EDGE_CURVE('',#10877,#10854,#10879,.T.);
#10877 = VERTEX_POINT('',#10878);
#10878 = CARTESIAN_POINT('',(-0.32,-30.16,0.));
#10879 = SURFACE_CURVE('',#10880,(#10884,#10891),.PCURVE_S1.);
#10880 = LINE('',#10881,#10882);
#10881 = CARTESIAN_POINT('',(-0.32,-30.16,0.));
#10882 = VECTOR('',#10883,1.);
#10883 = DIRECTION('',(-0.,-0.,-1.));
#10884 = PCURVE('',#10816,#10885);
#10885 = DEFINITIONAL_REPRESENTATION('',(#10886),#10890);
#10886 = LINE('',#10887,#10888);
#10887 = CARTESIAN_POINT('',(0.64,0.));
#10888 = VECTOR('',#10889,1.);
#10889 = DIRECTION('',(0.,-1.));
#10890 = ( GEOMETRIC_REPRESENTATION_CONTEXT(2) 
PARAMETRIC_REPRESENTATION_CONTEXT() REPRESENTATION_CONTEXT('2D SPACE',''
  ) );
#10891 = PCURVE('',#10679,#10892);
#10892 = DEFINITIONAL_REPRESENTATION('',(#10893),#10897);
#10893 = LINE('',#10894,#10895);
#10894 = CARTESIAN_POINT('',(0.,0.));
#10895 = VECTOR('',#10896,1.);
#10896 = DIRECTION('',(0.,-1.));
#10897 = ( GEOMETRIC_REPRESENTATION_CONTEXT(2) 
PARAMETRIC_REPRESENTATION_CONTEXT() REPRESENTATION_CONTEXT('2D SPACE',''
  ) );
#10898 = ORIENTED_EDGE('',*,*,#10899,.F.);
#10899 = EDGE_CURVE('',#10801,#10877,#10900,.T.);
#10900 = SURFACE_CURVE('',#10901,(#10905,#10912),.PCURVE_S1.);
#10901 = LINE('',#10902,#10903);
#10902 = CARTESIAN_POINT('',(0.32,-30.16,0.));
#10903 = VECTOR('',#10904,1.);
#10904 = DIRECTION('',(-1.,0.,0.));
#10905 = PCURVE('',#10816,#10906);
#10906 = DEFINITIONAL_REPRESENTATION('',(#10907),#10911);
#10907 = LINE('',#10908,#10909);
#10908 = CARTESIAN_POINT('',(0.,0.));
#10909 = VECTOR('',#10910,1.);
#10910 = DIRECTION('',(1.,0.));
#10911 = ( GEOMETRIC_REPRESENTATION_CONTEXT(2) 
PARAMETRIC_REPRESENTATION_CONTEXT() REPRESENTATION_CONTEXT('2D SPACE',''
  ) );
#10912 = PCURVE('',#10761,#10913);
#10913 = DEFINITIONAL_REPRESENTATION('',(#10914),#10918);
#10914 = LINE('',#10915,#10916);
#10915 = CARTESIAN_POINT('',(0.32,0.32));
#10916 = VECTOR('',#10917,1.);
#10917 = DIRECTION('',(-1.,0.));
#10918 = ( GEOMETRIC_REPRESENTATION_CONTEXT(2) 
PARAMETRIC_REPRESENTATION_CONTEXT() REPRESENTATION_CONTEXT('2D SPACE',''
  ) );
#10919 = ADVANCED_FACE('',(#10920),#10679,.T.);
#10920 = FACE_BOUND('',#10921,.T.);
#10921 = EDGE_LOOP('',(#10922,#10923,#10944,#10945));
#10922 = ORIENTED_EDGE('',*,*,#10876,.T.);
#10923 = ORIENTED_EDGE('',*,*,#10924,.T.);
#10924 = EDGE_CURVE('',#10854,#10659,#10925,.T.);
#10925 = SURFACE_CURVE('',#10926,(#10930,#10937),.PCURVE_S1.);
#10926 = LINE('',#10927,#10928);
#10927 = CARTESIAN_POINT('',(-0.32,-30.16,-2.64));
#10928 = VECTOR('',#10929,1.);
#10929 = DIRECTION('',(0.,-1.,0.));
#10930 = PCURVE('',#10679,#10931);
#10931 = DEFINITIONAL_REPRESENTATION('',(#10932),#10936);
#10932 = LINE('',#10933,#10934);
#10933 = CARTESIAN_POINT('',(0.,-2.64));
#10934 = VECTOR('',#10935,1.);
#10935 = DIRECTION('',(1.,0.));
#10936 = ( GEOMETRIC_REPRESENTATION_CONTEXT(2) 
PARAMETRIC_REPRESENTATION_CONTEXT() REPRESENTATION_CONTEXT('2D SPACE',''
  ) );
#10937 = PCURVE('',#10707,#10938);
#10938 = DEFINITIONAL_REPRESENTATION('',(#10939),#10943);
#10939 = LINE('',#10940,#10941);
#10940 = CARTESIAN_POINT('',(-0.32,0.32));
#10941 = VECTOR('',#10942,1.);
#10942 = DIRECTION('',(0.,-1.));
#10943 = ( GEOMETRIC_REPRESENTATION_CONTEXT(2) 
PARAMETRIC_REPRESENTATION_CONTEXT() REPRESENTATION_CONTEXT('2D SPACE',''
  ) );
#10944 = ORIENTED_EDGE('',*,*,#10656,.F.);
#10945 = ORIENTED_EDGE('',*,*,#10946,.F.);
#10946 = EDGE_CURVE('',#10877,#10657,#10947,.T.);
#10947 = SURFACE_CURVE('',#10948,(#10952,#10959),.PCURVE_S1.);
#10948 = LINE('',#10949,#10950);
#10949 = CARTESIAN_POINT('',(-0.32,-30.16,0.));
#10950 = VECTOR('',#10951,1.);
#10951 = DIRECTION('',(0.,-1.,0.));
#10952 = PCURVE('',#10679,#10953);
#10953 = DEFINITIONAL_REPRESENTATION('',(#10954),#10958);
#10954 = LINE('',#10955,#10956);
#10955 = CARTESIAN_POINT('',(0.,0.));
#10956 = VECTOR('',#10957,1.);
#10957 = DIRECTION('',(1.,0.));
#10958 = ( GEOMETRIC_REPRESENTATION_CONTEXT(2) 
PARAMETRIC_REPRESENTATION_CONTEXT() REPRESENTATION_CONTEXT('2D SPACE',''
  ) );
#10959 = PCURVE('',#10761,#10960);
#10960 = DEFINITIONAL_REPRESENTATION('',(#10961),#10965);
#10961 = LINE('',#10962,#10963);
#10962 = CARTESIAN_POINT('',(-0.32,0.32));
#10963 = VECTOR('',#10964,1.);
#10964 = DIRECTION('',(0.,-1.));
#10965 = ( GEOMETRIC_REPRESENTATION_CONTEXT(2) 
PARAMETRIC_REPRESENTATION_CONTEXT() REPRESENTATION_CONTEXT('2D SPACE',''
  ) );
#10966 = ADVANCED_FACE('',(#10967),#10761,.T.);
#10967 = FACE_BOUND('',#10968,.T.);
#10968 = EDGE_LOOP('',(#10969,#10970,#10971,#10972));
#10969 = ORIENTED_EDGE('',*,*,#10747,.T.);
#10970 = ORIENTED_EDGE('',*,*,#10828,.T.);
#10971 = ORIENTED_EDGE('',*,*,#10899,.T.);
#10972 = ORIENTED_EDGE('',*,*,#10946,.T.);
#10973 = ADVANCED_FACE('',(#10974),#10707,.F.);
#10974 = FACE_BOUND('',#10975,.F.);
#10975 = EDGE_LOOP('',(#10976,#10977,#10978,#10979));
#10976 = ORIENTED_EDGE('',*,*,#10691,.T.);
#10977 = ORIENTED_EDGE('',*,*,#10777,.T.);
#10978 = ORIENTED_EDGE('',*,*,#10853,.T.);
#10979 = ORIENTED_EDGE('',*,*,#10924,.T.);
#10980 = ( GEOMETRIC_REPRESENTATION_CONTEXT(3) 
GLOBAL_UNCERTAINTY_ASSIGNED_CONTEXT((#10984)) 
GLOBAL_UNIT_ASSIGNED_CONTEXT((#10981,#10982,#10983)) 
REPRESENTATION_CONTEXT('Context #1',
  '3D Context with UNIT and UNCERTAINTY') );
#10981 = ( LENGTH_UNIT() NAMED_UNIT(*) SI_UNIT(.MILLI.,.METRE.) );
#10982 = ( NAMED_UNIT(*) PLANE_ANGLE_UNIT() SI_UNIT($,.RADIAN.) );
#10983 = ( NAMED_UNIT(*) SI_UNIT($,.STERADIAN.) SOLID_ANGLE_UNIT() );
#10984 = UNCERTAINTY_MEASURE_WITH_UNIT(LENGTH_MEASURE(1.E-07),#10981,
  'distance_accuracy_value','confusion accuracy');
#10985 = CONTEXT_DEPENDENT_SHAPE_REPRESENTATION(#10986,#10988);
#10986 = ( REPRESENTATION_RELATIONSHIP('','',#10649,#10) 
REPRESENTATION_RELATIONSHIP_WITH_TRANSFORMATION(#10987) 
SHAPE_REPRESENTATION_RELATIONSHIP() );
#10987 = ITEM_DEFINED_TRANSFORMATION('','',#11,#67);
#10988 = PRODUCT_DEFINITION_SHAPE('Placement','Placement of an item',
  #10989);
#10989 = NEXT_ASSEMBLY_USAGE_OCCURRENCE('14','tail_13','',#5,#10644,$);
#10990 = PRODUCT_RELATED_PRODUCT_CATEGORY('part',$,(#10646));
#10991 = SHAPE_DEFINITION_REPRESENTATION(#10992,#10998);
#10992 = PRODUCT_DEFINITION_SHAPE('','',#10993);
#10993 = PRODUCT_DEFINITION('design','',#10994,#10997);
#10994 = PRODUCT_DEFINITION_FORMATION('','',#10995);
#10995 = PRODUCT('tail_14','tail_14','',(#10996));
#10996 = PRODUCT_CONTEXT('',#2,'mechanical');
#10997 = PRODUCT_DEFINITION_CONTEXT('part definition',#2,'design');
#10998 = ADVANCED_BREP_SHAPE_REPRESENTATION('',(#11,#10999),#11329);
#10999 = MANIFOLD_SOLID_BREP('',#11000);
#11000 = CLOSED_SHELL('',(#11001,#11121,#11197,#11268,#11315,#11322));
#11001 = ADVANCED_FACE('',(#11002),#11016,.T.);
#11002 = FACE_BOUND('',#11003,.T.);
#11003 = EDGE_LOOP('',(#11004,#11039,#11067,#11095));
#11004 = ORIENTED_EDGE('',*,*,#11005,.T.);
#11005 = EDGE_CURVE('',#11006,#11008,#11010,.T.);
#11006 = VERTEX_POINT('',#11007);
#11007 = CARTESIAN_POINT('',(-0.32,-33.34,0.));
#11008 = VERTEX_POINT('',#11009);
#11009 = CARTESIAN_POINT('',(-0.32,-33.34,-2.64));
#11010 = SURFACE_CURVE('',#11011,(#11015,#11027),.PCURVE_S1.);
#11011 = LINE('',#11012,#11013);
#11012 = CARTESIAN_POINT('',(-0.32,-33.34,0.));
#11013 = VECTOR('',#11014,1.);
#11014 = DIRECTION('',(-0.,-0.,-1.));
#11015 = PCURVE('',#11016,#11021);
#11016 = PLANE('',#11017);
#11017 = AXIS2_PLACEMENT_3D('',#11018,#11019,#11020);
#11018 = CARTESIAN_POINT('',(-0.32,-33.34,0.));
#11019 = DIRECTION('',(0.,-1.,0.));
#11020 = DIRECTION('',(1.,0.,0.));
#11021 = DEFINITIONAL_REPRESENTATION('',(#11022),#11026);
#11022 = LINE('',#11023,#11024);
#11023 = CARTESIAN_POINT('',(0.,0.));
#11024 = VECTOR('',#11025,1.);
#11025 = DIRECTION('',(0.,-1.));
#11026 = ( GEOMETRIC_REPRESENTATION_CONTEXT(2) 
PARAMETRIC_REPRESENTATION_CONTEXT() REPRESENTATION_CONTEXT('2D SPACE',''
  ) );
#11027 = PCURVE('',#11028,#11033);
#11028 = PLANE('',#11029);
#11029 = AXIS2_PLACEMENT_3D('',#11030,#11031,#11032);
#11030 = CARTESIAN_POINT('',(-0.32,-32.7,0.));
#11031 = DIRECTION('',(-1.,0.,0.));
#11032 = DIRECTION('',(0.,-1.,0.));
#11033 = DEFINITIONAL_REPRESENTATION('',(#11034),#11038);
#11034 = LINE('',#11035,#11036);
#11035 = CARTESIAN_POINT('',(0.64,0.));
#11036 = VECTOR('',#11037,1.);
#11037 = DIRECTION('',(0.,-1.));
#11038 = ( GEOMETRIC_REPRESENTATION_CONTEXT(2) 
PARAMETRIC_REPRESENTATION_CONTEXT() REPRESENTATION_CONTEXT('2D SPACE',''
  ) );
#11039 = ORIENTED_EDGE('',*,*,#11040,.T.);
#11040 = EDGE_CURVE('',#11008,#11041,#11043,.T.);
#11041 = VERTEX_POINT('',#11042);
#11042 = CARTESIAN_POINT('',(0.32,-33.34,-2.64));
#11043 = SURFACE_CURVE('',#11044,(#11048,#11055),.PCURVE_S1.);
#11044 = LINE('',#11045,#11046);
#11045 = CARTESIAN_POINT('',(-0.32,-33.34,-2.64));
#11046 = VECTOR('',#11047,1.);
#11047 = DIRECTION('',(1.,0.,0.));
#11048 = PCURVE('',#11016,#11049);
#11049 = DEFINITIONAL_REPRESENTATION('',(#11050),#11054);
#11050 = LINE('',#11051,#11052);
#11051 = CARTESIAN_POINT('',(0.,-2.64));
#11052 = VECTOR('',#11053,1.);
#11053 = DIRECTION('',(1.,0.));
#11054 = ( GEOMETRIC_REPRESENTATION_CONTEXT(2) 
PARAMETRIC_REPRESENTATION_CONTEXT() REPRESENTATION_CONTEXT('2D SPACE',''
  ) );
#11055 = PCURVE('',#11056,#11061);
#11056 = PLANE('',#11057);
#11057 = AXIS2_PLACEMENT_3D('',#11058,#11059,#11060);
#11058 = CARTESIAN_POINT('',(1.084202172486E-17,-33.02,-2.64));
#11059 = DIRECTION('',(0.,0.,1.));
#11060 = DIRECTION('',(1.,0.,-0.));
#11061 = DEFINITIONAL_REPRESENTATION('',(#11062),#11066);
#11062 = LINE('',#11063,#11064);
#11063 = CARTESIAN_POINT('',(-0.32,-0.32));
#11064 = VECTOR('',#11065,1.);
#11065 = DIRECTION('',(1.,0.));
#11066 = ( GEOMETRIC_REPRESENTATION_CONTEXT(2) 
PARAMETRIC_REPRESENTATION_CONTEXT() REPRESENTATION_CONTEXT('2D SPACE',''
  ) );
#11067 = ORIENTED_EDGE('',*,*,#11068,.F.);
#11068 = EDGE_CURVE('',#11069,#11041,#11071,.T.);
#11069 = VERTEX_POINT('',#11070);
#11070 = CARTESIAN_POINT('',(0.32,-33.34,0.));
#11071 = SURFACE_CURVE('',#11072,(#11076,#11083),.PCURVE_S1.);
#11072 = LINE('',#11073,#11074);
#11073 = CARTESIAN_POINT('',(0.32,-33.34,0.));
#11074 = VECTOR('',#11075,1.);
#11075 = DIRECTION('',(-0.,-0.,-1.));
#11076 = PCURVE('',#11016,#11077);
#11077 = DEFINITIONAL_REPRESENTATION('',(#11078),#11082);
#11078 = LINE('',#11079,#11080);
#11079 = CARTESIAN_POINT('',(0.64,0.));
#11080 = VECTOR('',#11081,1.);
#11081 = DIRECTION('',(0.,-1.));
#11082 = ( GEOMETRIC_REPRESENTATION_CONTEXT(2) 
PARAMETRIC_REPRESENTATION_CONTEXT() REPRESENTATION_CONTEXT('2D SPACE',''
  ) );
#11083 = PCURVE('',#11084,#11089);
#11084 = PLANE('',#11085);
#11085 = AXIS2_PLACEMENT_3D('',#11086,#11087,#11088);
#11086 = CARTESIAN_POINT('',(0.32,-33.34,0.));
#11087 = DIRECTION('',(1.,0.,0.));
#11088 = DIRECTION('',(-0.,1.,0.));
#11089 = DEFINITIONAL_REPRESENTATION('',(#11090),#11094);
#11090 = LINE('',#11091,#11092);
#11091 = CARTESIAN_POINT('',(0.,0.));
#11092 = VECTOR('',#11093,1.);
#11093 = DIRECTION('',(0.,-1.));
#11094 = ( GEOMETRIC_REPRESENTATION_CONTEXT(2) 
PARAMETRIC_REPRESENTATION_CONTEXT() REPRESENTATION_CONTEXT('2D SPACE',''
  ) );
#11095 = ORIENTED_EDGE('',*,*,#11096,.F.);
#11096 = EDGE_CURVE('',#11006,#11069,#11097,.T.);
#11097 = SURFACE_CURVE('',#11098,(#11102,#11109),.PCURVE_S1.);
#11098 = LINE('',#11099,#11100);
#11099 = CARTESIAN_POINT('',(-0.32,-33.34,0.));
#11100 = VECTOR('',#11101,1.);
#11101 = DIRECTION('',(1.,0.,0.));
#11102 = PCURVE('',#11016,#11103);
#11103 = DEFINITIONAL_REPRESENTATION('',(#11104),#11108);
#11104 = LINE('',#11105,#11106);
#11105 = CARTESIAN_POINT('',(0.,0.));
#11106 = VECTOR('',#11107,1.);
#11107 = DIRECTION('',(1.,0.));
#11108 = ( GEOMETRIC_REPRESENTATION_CONTEXT(2) 
PARAMETRIC_REPRESENTATION_CONTEXT() REPRESENTATION_CONTEXT('2D SPACE',''
  ) );
#11109 = PCURVE('',#11110,#11115);
#11110 = PLANE('',#11111);
#11111 = AXIS2_PLACEMENT_3D('',#11112,#11113,#11114);
#11112 = CARTESIAN_POINT('',(1.084202172486E-17,-33.02,0.));
#11113 = DIRECTION('',(0.,0.,1.));
#11114 = DIRECTION('',(1.,0.,-0.));
#11115 = DEFINITIONAL_REPRESENTATION('',(#11116),#11120);
#11116 = LINE('',#11117,#11118);
#11117 = CARTESIAN_POINT('',(-0.32,-0.32));
#11118 = VECTOR('',#11119,1.);
#11119 = DIRECTION('',(1.,0.));
#11120 = ( GEOMETRIC_REPRESENTATION_CONTEXT(2) 
PARAMETRIC_REPRESENTATION_CONTEXT() REPRESENTATION_CONTEXT('2D SPACE',''
  ) );
#11121 = ADVANCED_FACE('',(#11122),#11084,.T.);
#11122 = FACE_BOUND('',#11123,.T.);
#11123 = EDGE_LOOP('',(#11124,#11125,#11148,#11176));
#11124 = ORIENTED_EDGE('',*,*,#11068,.T.);
#11125 = ORIENTED_EDGE('',*,*,#11126,.T.);
#11126 = EDGE_CURVE('',#11041,#11127,#11129,.T.);
#11127 = VERTEX_POINT('',#11128);
#11128 = CARTESIAN_POINT('',(0.32,-32.7,-2.64));
#11129 = SURFACE_CURVE('',#11130,(#11134,#11141),.PCURVE_S1.);
#11130 = LINE('',#11131,#11132);
#11131 = CARTESIAN_POINT('',(0.32,-33.34,-2.64));
#11132 = VECTOR('',#11133,1.);
#11133 = DIRECTION('',(0.,1.,0.));
#11134 = PCURVE('',#11084,#11135);
#11135 = DEFINITIONAL_REPRESENTATION('',(#11136),#11140);
#11136 = LINE('',#11137,#11138);
#11137 = CARTESIAN_POINT('',(0.,-2.64));
#11138 = VECTOR('',#11139,1.);
#11139 = DIRECTION('',(1.,0.));
#11140 = ( GEOMETRIC_REPRESENTATION_CONTEXT(2) 
PARAMETRIC_REPRESENTATION_CONTEXT() REPRESENTATION_CONTEXT('2D SPACE',''
  ) );
#11141 = PCURVE('',#11056,#11142);
#11142 = DEFINITIONAL_REPRESENTATION('',(#11143),#11147);
#11143 = LINE('',#11144,#11145);
#11144 = CARTESIAN_POINT('',(0.32,-0.32));
#11145 = VECTOR('',#11146,1.);
#11146 = DIRECTION('',(0.,1.));
#11147 = ( GEOMETRIC_REPRESENTATION_CONTEXT(2) 
PARAMETRIC_REPRESENTATION_CONTEXT() REPRESENTATION_CONTEXT('2D SPACE',''
  ) );
#11148 = ORIENTED_EDGE('',*,*,#11149,.F.);
#11149 = EDGE_CURVE('',#11150,#11127,#11152,.T.);
#11150 = VERTEX_POINT('',#11151);
#11151 = CARTESIAN_POINT('',(0.32,-32.7,0.));
#11152 = SURFACE_CURVE('',#11153,(#11157,#11164),.PCURVE_S1.);
#11153 = LINE('',#11154,#11155);
#11154 = CARTESIAN_POINT('',(0.32,-32.7,0.));
#11155 = VECTOR('',#11156,1.);
#11156 = DIRECTION('',(-0.,-0.,-1.));
#11157 = PCURVE('',#11084,#11158);
#11158 = DEFINITIONAL_REPRESENTATION('',(#11159),#11163);
#11159 = LINE('',#11160,#11161);
#11160 = CARTESIAN_POINT('',(0.64,0.));
#11161 = VECTOR('',#11162,1.);
#11162 = DIRECTION('',(0.,-1.));
#11163 = ( GEOMETRIC_REPRESENTATION_CONTEXT(2) 
PARAMETRIC_REPRESENTATION_CONTEXT() REPRESENTATION_CONTEXT('2D SPACE',''
  ) );
#11164 = PCURVE('',#11165,#11170);
#11165 = PLANE('',#11166);
#11166 = AXIS2_PLACEMENT_3D('',#11167,#11168,#11169);
#11167 = CARTESIAN_POINT('',(0.32,-32.7,0.));
#11168 = DIRECTION('',(0.,1.,-0.));
#11169 = DIRECTION('',(-1.,0.,0.));
#11170 = DEFINITIONAL_REPRESENTATION('',(#11171),#11175);
#11171 = LINE('',#11172,#11173);
#11172 = CARTESIAN_POINT('',(0.,0.));
#11173 = VECTOR('',#11174,1.);
#11174 = DIRECTION('',(0.,-1.));
#11175 = ( GEOMETRIC_REPRESENTATION_CONTEXT(2) 
PARAMETRIC_REPRESENTATION_CONTEXT() REPRESENTATION_CONTEXT('2D SPACE',''
  ) );
#11176 = ORIENTED_EDGE('',*,*,#11177,.F.);
#11177 = EDGE_CURVE('',#11069,#11150,#11178,.T.);
#11178 = SURFACE_CURVE('',#11179,(#11183,#11190),.PCURVE_S1.);
#11179 = LINE('',#11180,#11181);
#11180 = CARTESIAN_POINT('',(0.32,-33.34,0.));
#11181 = VECTOR('',#11182,1.);
#11182 = DIRECTION('',(0.,1.,0.));
#11183 = PCURVE('',#11084,#11184);
#11184 = DEFINITIONAL_REPRESENTATION('',(#11185),#11189);
#11185 = LINE('',#11186,#11187);
#11186 = CARTESIAN_POINT('',(0.,0.));
#11187 = VECTOR('',#11188,1.);
#11188 = DIRECTION('',(1.,0.));
#11189 = ( GEOMETRIC_REPRESENTATION_CONTEXT(2) 
PARAMETRIC_REPRESENTATION_CONTEXT() REPRESENTATION_CONTEXT('2D SPACE',''
  ) );
#11190 = PCURVE('',#11110,#11191);
#11191 = DEFINITIONAL_REPRESENTATION('',(#11192),#11196);
#11192 = LINE('',#11193,#11194);
#11193 = CARTESIAN_POINT('',(0.32,-0.32));
#11194 = VECTOR('',#11195,1.);
#11195 = DIRECTION('',(0.,1.));
#11196 = ( GEOMETRIC_REPRESENTATION_CONTEXT(2) 
PARAMETRIC_REPRESENTATION_CONTEXT() REPRESENTATION_CONTEXT('2D SPACE',''
  ) );
#11197 = ADVANCED_FACE('',(#11198),#11165,.T.);
#11198 = FACE_BOUND('',#11199,.T.);
#11199 = EDGE_LOOP('',(#11200,#11201,#11224,#11247));
#11200 = ORIENTED_EDGE('',*,*,#11149,.T.);
#11201 = ORIENTED_EDGE('',*,*,#11202,.T.);
#11202 = EDGE_CURVE('',#11127,#11203,#11205,.T.);
#11203 = VERTEX_POINT('',#11204);
#11204 = CARTESIAN_POINT('',(-0.32,-32.7,-2.64));
#11205 = SURFACE_CURVE('',#11206,(#11210,#11217),.PCURVE_S1.);
#11206 = LINE('',#11207,#11208);
#11207 = CARTESIAN_POINT('',(0.32,-32.7,-2.64));
#11208 = VECTOR('',#11209,1.);
#11209 = DIRECTION('',(-1.,0.,0.));
#11210 = PCURVE('',#11165,#11211);
#11211 = DEFINITIONAL_REPRESENTATION('',(#11212),#11216);
#11212 = LINE('',#11213,#11214);
#11213 = CARTESIAN_POINT('',(0.,-2.64));
#11214 = VECTOR('',#11215,1.);
#11215 = DIRECTION('',(1.,0.));
#11216 = ( GEOMETRIC_REPRESENTATION_CONTEXT(2) 
PARAMETRIC_REPRESENTATION_CONTEXT() REPRESENTATION_CONTEXT('2D SPACE',''
  ) );
#11217 = PCURVE('',#11056,#11218);
#11218 = DEFINITIONAL_REPRESENTATION('',(#11219),#11223);
#11219 = LINE('',#11220,#11221);
#11220 = CARTESIAN_POINT('',(0.32,0.32));
#11221 = VECTOR('',#11222,1.);
#11222 = DIRECTION('',(-1.,0.));
#11223 = ( GEOMETRIC_REPRESENTATION_CONTEXT(2) 
PARAMETRIC_REPRESENTATION_CONTEXT() REPRESENTATION_CONTEXT('2D SPACE',''
  ) );
#11224 = ORIENTED_EDGE('',*,*,#11225,.F.);
#11225 = EDGE_CURVE('',#11226,#11203,#11228,.T.);
#11226 = VERTEX_POINT('',#11227);
#11227 = CARTESIAN_POINT('',(-0.32,-32.7,0.));
#11228 = SURFACE_CURVE('',#11229,(#11233,#11240),.PCURVE_S1.);
#11229 = LINE('',#11230,#11231);
#11230 = CARTESIAN_POINT('',(-0.32,-32.7,0.));
#11231 = VECTOR('',#11232,1.);
#11232 = DIRECTION('',(-0.,-0.,-1.));
#11233 = PCURVE('',#11165,#11234);
#11234 = DEFINITIONAL_REPRESENTATION('',(#11235),#11239);
#11235 = LINE('',#11236,#11237);
#11236 = CARTESIAN_POINT('',(0.64,0.));
#11237 = VECTOR('',#11238,1.);
#11238 = DIRECTION('',(0.,-1.));
#11239 = ( GEOMETRIC_REPRESENTATION_CONTEXT(2) 
PARAMETRIC_REPRESENTATION_CONTEXT() REPRESENTATION_CONTEXT('2D SPACE',''
  ) );
#11240 = PCURVE('',#11028,#11241);
#11241 = DEFINITIONAL_REPRESENTATION('',(#11242),#11246);
#11242 = LINE('',#11243,#11244);
#11243 = CARTESIAN_POINT('',(0.,0.));
#11244 = VECTOR('',#11245,1.);
#11245 = DIRECTION('',(0.,-1.));
#11246 = ( GEOMETRIC_REPRESENTATION_CONTEXT(2) 
PARAMETRIC_REPRESENTATION_CONTEXT() REPRESENTATION_CONTEXT('2D SPACE',''
  ) );
#11247 = ORIENTED_EDGE('',*,*,#11248,.F.);
#11248 = EDGE_CURVE('',#11150,#11226,#11249,.T.);
#11249 = SURFACE_CURVE('',#11250,(#11254,#11261),.PCURVE_S1.);
#11250 = LINE('',#11251,#11252);
#11251 = CARTESIAN_POINT('',(0.32,-32.7,0.));
#11252 = VECTOR('',#11253,1.);
#11253 = DIRECTION('',(-1.,0.,0.));
#11254 = PCURVE('',#11165,#11255);
#11255 = DEFINITIONAL_REPRESENTATION('',(#11256),#11260);
#11256 = LINE('',#11257,#11258);
#11257 = CARTESIAN_POINT('',(0.,0.));
#11258 = VECTOR('',#11259,1.);
#11259 = DIRECTION('',(1.,0.));
#11260 = ( GEOMETRIC_REPRESENTATION_CONTEXT(2) 
PARAMETRIC_REPRESENTATION_CONTEXT() REPRESENTATION_CONTEXT('2D SPACE',''
  ) );
#11261 = PCURVE('',#11110,#11262);
#11262 = DEFINITIONAL_REPRESENTATION('',(#11263),#11267);
#11263 = LINE('',#11264,#11265);
#11264 = CARTESIAN_POINT('',(0.32,0.32));
#11265 = VECTOR('',#11266,1.);
#11266 = DIRECTION('',(-1.,0.));
#11267 = ( GEOMETRIC_REPRESENTATION_CONTEXT(2) 
PARAMETRIC_REPRESENTATION_CONTEXT() REPRESENTATION_CONTEXT('2D SPACE',''
  ) );
#11268 = ADVANCED_FACE('',(#11269),#11028,.T.);
#11269 = FACE_BOUND('',#11270,.T.);
#11270 = EDGE_LOOP('',(#11271,#11272,#11293,#11294));
#11271 = ORIENTED_EDGE('',*,*,#11225,.T.);
#11272 = ORIENTED_EDGE('',*,*,#11273,.T.);
#11273 = EDGE_CURVE('',#11203,#11008,#11274,.T.);
#11274 = SURFACE_CURVE('',#11275,(#11279,#11286),.PCURVE_S1.);
#11275 = LINE('',#11276,#11277);
#11276 = CARTESIAN_POINT('',(-0.32,-32.7,-2.64));
#11277 = VECTOR('',#11278,1.);
#11278 = DIRECTION('',(0.,-1.,0.));
#11279 = PCURVE('',#11028,#11280);
#11280 = DEFINITIONAL_REPRESENTATION('',(#11281),#11285);
#11281 = LINE('',#11282,#11283);
#11282 = CARTESIAN_POINT('',(0.,-2.64));
#11283 = VECTOR('',#11284,1.);
#11284 = DIRECTION('',(1.,0.));
#11285 = ( GEOMETRIC_REPRESENTATION_CONTEXT(2) 
PARAMETRIC_REPRESENTATION_CONTEXT() REPRESENTATION_CONTEXT('2D SPACE',''
  ) );
#11286 = PCURVE('',#11056,#11287);
#11287 = DEFINITIONAL_REPRESENTATION('',(#11288),#11292);
#11288 = LINE('',#11289,#11290);
#11289 = CARTESIAN_POINT('',(-0.32,0.32));
#11290 = VECTOR('',#11291,1.);
#11291 = DIRECTION('',(0.,-1.));
#11292 = ( GEOMETRIC_REPRESENTATION_CONTEXT(2) 
PARAMETRIC_REPRESENTATION_CONTEXT() REPRESENTATION_CONTEXT('2D SPACE',''
  ) );
#11293 = ORIENTED_EDGE('',*,*,#11005,.F.);
#11294 = ORIENTED_EDGE('',*,*,#11295,.F.);
#11295 = EDGE_CURVE('',#11226,#11006,#11296,.T.);
#11296 = SURFACE_CURVE('',#11297,(#11301,#11308),.PCURVE_S1.);
#11297 = LINE('',#11298,#11299);
#11298 = CARTESIAN_POINT('',(-0.32,-32.7,0.));
#11299 = VECTOR('',#11300,1.);
#11300 = DIRECTION('',(0.,-1.,0.));
#11301 = PCURVE('',#11028,#11302);
#11302 = DEFINITIONAL_REPRESENTATION('',(#11303),#11307);
#11303 = LINE('',#11304,#11305);
#11304 = CARTESIAN_POINT('',(0.,0.));
#11305 = VECTOR('',#11306,1.);
#11306 = DIRECTION('',(1.,0.));
#11307 = ( GEOMETRIC_REPRESENTATION_CONTEXT(2) 
PARAMETRIC_REPRESENTATION_CONTEXT() REPRESENTATION_CONTEXT('2D SPACE',''
  ) );
#11308 = PCURVE('',#11110,#11309);
#11309 = DEFINITIONAL_REPRESENTATION('',(#11310),#11314);
#11310 = LINE('',#11311,#11312);
#11311 = CARTESIAN_POINT('',(-0.32,0.32));
#11312 = VECTOR('',#11313,1.);
#11313 = DIRECTION('',(0.,-1.));
#11314 = ( GEOMETRIC_REPRESENTATION_CONTEXT(2) 
PARAMETRIC_REPRESENTATION_CONTEXT() REPRESENTATION_CONTEXT('2D SPACE',''
  ) );
#11315 = ADVANCED_FACE('',(#11316),#11110,.T.);
#11316 = FACE_BOUND('',#11317,.T.);
#11317 = EDGE_LOOP('',(#11318,#11319,#11320,#11321));
#11318 = ORIENTED_EDGE('',*,*,#11096,.T.);
#11319 = ORIENTED_EDGE('',*,*,#11177,.T.);
#11320 = ORIENTED_EDGE('',*,*,#11248,.T.);
#11321 = ORIENTED_EDGE('',*,*,#11295,.T.);
#11322 = ADVANCED_FACE('',(#11323),#11056,.F.);
#11323 = FACE_BOUND('',#11324,.F.);
#11324 = EDGE_LOOP('',(#11325,#11326,#11327,#11328));
#11325 = ORIENTED_EDGE('',*,*,#11040,.T.);
#11326 = ORIENTED_EDGE('',*,*,#11126,.T.);
#11327 = ORIENTED_EDGE('',*,*,#11202,.T.);
#11328 = ORIENTED_EDGE('',*,*,#11273,.T.);
#11329 = ( GEOMETRIC_REPRESENTATION_CONTEXT(3) 
GLOBAL_UNCERTAINTY_ASSIGNED_CONTEXT((#11333)) 
GLOBAL_UNIT_ASSIGNED_CONTEXT((#11330,#11331,#11332)) 
REPRESENTATION_CONTEXT('Context #1',
  '3D Context with UNIT and UNCERTAINTY') );
#11330 = ( LENGTH_UNIT() NAMED_UNIT(*) SI_UNIT(.MILLI.,.METRE.) );
#11331 = ( NAMED_UNIT(*) PLANE_ANGLE_UNIT() SI_UNIT($,.RADIAN.) );
#11332 = ( NAMED_UNIT(*) SI_UNIT($,.STERADIAN.) SOLID_ANGLE_UNIT() );
#11333 = UNCERTAINTY_MEASURE_WITH_UNIT(LENGTH_MEASURE(1.E-07),#11330,
  'distance_accuracy_value','confusion accuracy');
#11334 = CONTEXT_DEPENDENT_SHAPE_REPRESENTATION(#11335,#11337);
#11335 = ( REPRESENTATION_RELATIONSHIP('','',#10998,#10) 
REPRESENTATION_RELATIONSHIP_WITH_TRANSFORMATION(#11336) 
SHAPE_REPRESENTATION_RELATIONSHIP() );
#11336 = ITEM_DEFINED_TRANSFORMATION('','',#11,#71);
#11337 = PRODUCT_DEFINITION_SHAPE('Placement','Placement of an item',
  #11338);
#11338 = NEXT_ASSEMBLY_USAGE_OCCURRENCE('15','tail_14','',#5,#10993,$);
#11339 = PRODUCT_RELATED_PRODUCT_CATEGORY('part',$,(#10995));
#11340 = SHAPE_DEFINITION_REPRESENTATION(#11341,#11347);
#11341 = PRODUCT_DEFINITION_SHAPE('','',#11342);
#11342 = PRODUCT_DEFINITION('design','',#11343,#11346);
#11343 = PRODUCT_DEFINITION_FORMATION('','',#11344);
#11344 = PRODUCT('tail_15','tail_15','',(#11345));
#11345 = PRODUCT_CONTEXT('',#2,'mechanical');
#11346 = PRODUCT_DEFINITION_CONTEXT('part definition',#2,'design');
#11347 = ADVANCED_BREP_SHAPE_REPRESENTATION('',(#11,#11348),#11678);
#11348 = MANIFOLD_SOLID_BREP('',#11349);
#11349 = CLOSED_SHELL('',(#11350,#11470,#11546,#11617,#11664,#11671));
#11350 = ADVANCED_FACE('',(#11351),#11365,.T.);
#11351 = FACE_BOUND('',#11352,.T.);
#11352 = EDGE_LOOP('',(#11353,#11388,#11416,#11444));
#11353 = ORIENTED_EDGE('',*,*,#11354,.T.);
#11354 = EDGE_CURVE('',#11355,#11357,#11359,.T.);
#11355 = VERTEX_POINT('',#11356);
#11356 = CARTESIAN_POINT('',(-0.32,-35.88,0.));
#11357 = VERTEX_POINT('',#11358);
#11358 = CARTESIAN_POINT('',(-0.32,-35.88,-2.64));
#11359 = SURFACE_CURVE('',#11360,(#11364,#11376),.PCURVE_S1.);
#11360 = LINE('',#11361,#11362);
#11361 = CARTESIAN_POINT('',(-0.32,-35.88,0.));
#11362 = VECTOR('',#11363,1.);
#11363 = DIRECTION('',(-0.,-0.,-1.));
#11364 = PCURVE('',#11365,#11370);
#11365 = PLANE('',#11366);
#11366 = AXIS2_PLACEMENT_3D('',#11367,#11368,#11369);
#11367 = CARTESIAN_POINT('',(-0.32,-35.88,0.));
#11368 = DIRECTION('',(0.,-1.,0.));
#11369 = DIRECTION('',(1.,0.,0.));
#11370 = DEFINITIONAL_REPRESENTATION('',(#11371),#11375);
#11371 = LINE('',#11372,#11373);
#11372 = CARTESIAN_POINT('',(0.,0.));
#11373 = VECTOR('',#11374,1.);
#11374 = DIRECTION('',(0.,-1.));
#11375 = ( GEOMETRIC_REPRESENTATION_CONTEXT(2) 
PARAMETRIC_REPRESENTATION_CONTEXT() REPRESENTATION_CONTEXT('2D SPACE',''
  ) );
#11376 = PCURVE('',#11377,#11382);
#11377 = PLANE('',#11378);
#11378 = AXIS2_PLACEMENT_3D('',#11379,#11380,#11381);
#11379 = CARTESIAN_POINT('',(-0.32,-35.24,0.));
#11380 = DIRECTION('',(-1.,0.,0.));
#11381 = DIRECTION('',(0.,-1.,0.));
#11382 = DEFINITIONAL_REPRESENTATION('',(#11383),#11387);
#11383 = LINE('',#11384,#11385);
#11384 = CARTESIAN_POINT('',(0.64,0.));
#11385 = VECTOR('',#11386,1.);
#11386 = DIRECTION('',(0.,-1.));
#11387 = ( GEOMETRIC_REPRESENTATION_CONTEXT(2) 
PARAMETRIC_REPRESENTATION_CONTEXT() REPRESENTATION_CONTEXT('2D SPACE',''
  ) );
#11388 = ORIENTED_EDGE('',*,*,#11389,.T.);
#11389 = EDGE_CURVE('',#11357,#11390,#11392,.T.);
#11390 = VERTEX_POINT('',#11391);
#11391 = CARTESIAN_POINT('',(0.32,-35.88,-2.64));
#11392 = SURFACE_CURVE('',#11393,(#11397,#11404),.PCURVE_S1.);
#11393 = LINE('',#11394,#11395);
#11394 = CARTESIAN_POINT('',(-0.32,-35.88,-2.64));
#11395 = VECTOR('',#11396,1.);
#11396 = DIRECTION('',(1.,0.,0.));
#11397 = PCURVE('',#11365,#11398);
#11398 = DEFINITIONAL_REPRESENTATION('',(#11399),#11403);
#11399 = LINE('',#11400,#11401);
#11400 = CARTESIAN_POINT('',(0.,-2.64));
#11401 = VECTOR('',#11402,1.);
#11402 = DIRECTION('',(1.,0.));
#11403 = ( GEOMETRIC_REPRESENTATION_CONTEXT(2) 
PARAMETRIC_REPRESENTATION_CONTEXT() REPRESENTATION_CONTEXT('2D SPACE',''
  ) );
#11404 = PCURVE('',#11405,#11410);
#11405 = PLANE('',#11406);
#11406 = AXIS2_PLACEMENT_3D('',#11407,#11408,#11409);
#11407 = CARTESIAN_POINT('',(1.084202172486E-17,-35.56,-2.64));
#11408 = DIRECTION('',(0.,0.,1.));
#11409 = DIRECTION('',(1.,0.,-0.));
#11410 = DEFINITIONAL_REPRESENTATION('',(#11411),#11415);
#11411 = LINE('',#11412,#11413);
#11412 = CARTESIAN_POINT('',(-0.32,-0.32));
#11413 = VECTOR('',#11414,1.);
#11414 = DIRECTION('',(1.,0.));
#11415 = ( GEOMETRIC_REPRESENTATION_CONTEXT(2) 
PARAMETRIC_REPRESENTATION_CONTEXT() REPRESENTATION_CONTEXT('2D SPACE',''
  ) );
#11416 = ORIENTED_EDGE('',*,*,#11417,.F.);
#11417 = EDGE_CURVE('',#11418,#11390,#11420,.T.);
#11418 = VERTEX_POINT('',#11419);
#11419 = CARTESIAN_POINT('',(0.32,-35.88,0.));
#11420 = SURFACE_CURVE('',#11421,(#11425,#11432),.PCURVE_S1.);
#11421 = LINE('',#11422,#11423);
#11422 = CARTESIAN_POINT('',(0.32,-35.88,0.));
#11423 = VECTOR('',#11424,1.);
#11424 = DIRECTION('',(-0.,-0.,-1.));
#11425 = PCURVE('',#11365,#11426);
#11426 = DEFINITIONAL_REPRESENTATION('',(#11427),#11431);
#11427 = LINE('',#11428,#11429);
#11428 = CARTESIAN_POINT('',(0.64,0.));
#11429 = VECTOR('',#11430,1.);
#11430 = DIRECTION('',(0.,-1.));
#11431 = ( GEOMETRIC_REPRESENTATION_CONTEXT(2) 
PARAMETRIC_REPRESENTATION_CONTEXT() REPRESENTATION_CONTEXT('2D SPACE',''
  ) );
#11432 = PCURVE('',#11433,#11438);
#11433 = PLANE('',#11434);
#11434 = AXIS2_PLACEMENT_3D('',#11435,#11436,#11437);
#11435 = CARTESIAN_POINT('',(0.32,-35.88,0.));
#11436 = DIRECTION('',(1.,0.,0.));
#11437 = DIRECTION('',(-0.,1.,0.));
#11438 = DEFINITIONAL_REPRESENTATION('',(#11439),#11443);
#11439 = LINE('',#11440,#11441);
#11440 = CARTESIAN_POINT('',(0.,0.));
#11441 = VECTOR('',#11442,1.);
#11442 = DIRECTION('',(0.,-1.));
#11443 = ( GEOMETRIC_REPRESENTATION_CONTEXT(2) 
PARAMETRIC_REPRESENTATION_CONTEXT() REPRESENTATION_CONTEXT('2D SPACE',''
  ) );
#11444 = ORIENTED_EDGE('',*,*,#11445,.F.);
#11445 = EDGE_CURVE('',#11355,#11418,#11446,.T.);
#11446 = SURFACE_CURVE('',#11447,(#11451,#11458),.PCURVE_S1.);
#11447 = LINE('',#11448,#11449);
#11448 = CARTESIAN_POINT('',(-0.32,-35.88,0.));
#11449 = VECTOR('',#11450,1.);
#11450 = DIRECTION('',(1.,0.,0.));
#11451 = PCURVE('',#11365,#11452);
#11452 = DEFINITIONAL_REPRESENTATION('',(#11453),#11457);
#11453 = LINE('',#11454,#11455);
#11454 = CARTESIAN_POINT('',(0.,0.));
#11455 = VECTOR('',#11456,1.);
#11456 = DIRECTION('',(1.,0.));
#11457 = ( GEOMETRIC_REPRESENTATION_CONTEXT(2) 
PARAMETRIC_REPRESENTATION_CONTEXT() REPRESENTATION_CONTEXT('2D SPACE',''
  ) );
#11458 = PCURVE('',#11459,#11464);
#11459 = PLANE('',#11460);
#11460 = AXIS2_PLACEMENT_3D('',#11461,#11462,#11463);
#11461 = CARTESIAN_POINT('',(1.084202172486E-17,-35.56,0.));
#11462 = DIRECTION('',(0.,0.,1.));
#11463 = DIRECTION('',(1.,0.,-0.));
#11464 = DEFINITIONAL_REPRESENTATION('',(#11465),#11469);
#11465 = LINE('',#11466,#11467);
#11466 = CARTESIAN_POINT('',(-0.32,-0.32));
#11467 = VECTOR('',#11468,1.);
#11468 = DIRECTION('',(1.,0.));
#11469 = ( GEOMETRIC_REPRESENTATION_CONTEXT(2) 
PARAMETRIC_REPRESENTATION_CONTEXT() REPRESENTATION_CONTEXT('2D SPACE',''
  ) );
#11470 = ADVANCED_FACE('',(#11471),#11433,.T.);
#11471 = FACE_BOUND('',#11472,.T.);
#11472 = EDGE_LOOP('',(#11473,#11474,#11497,#11525));
#11473 = ORIENTED_EDGE('',*,*,#11417,.T.);
#11474 = ORIENTED_EDGE('',*,*,#11475,.T.);
#11475 = EDGE_CURVE('',#11390,#11476,#11478,.T.);
#11476 = VERTEX_POINT('',#11477);
#11477 = CARTESIAN_POINT('',(0.32,-35.24,-2.64));
#11478 = SURFACE_CURVE('',#11479,(#11483,#11490),.PCURVE_S1.);
#11479 = LINE('',#11480,#11481);
#11480 = CARTESIAN_POINT('',(0.32,-35.88,-2.64));
#11481 = VECTOR('',#11482,1.);
#11482 = DIRECTION('',(0.,1.,0.));
#11483 = PCURVE('',#11433,#11484);
#11484 = DEFINITIONAL_REPRESENTATION('',(#11485),#11489);
#11485 = LINE('',#11486,#11487);
#11486 = CARTESIAN_POINT('',(0.,-2.64));
#11487 = VECTOR('',#11488,1.);
#11488 = DIRECTION('',(1.,0.));
#11489 = ( GEOMETRIC_REPRESENTATION_CONTEXT(2) 
PARAMETRIC_REPRESENTATION_CONTEXT() REPRESENTATION_CONTEXT('2D SPACE',''
  ) );
#11490 = PCURVE('',#11405,#11491);
#11491 = DEFINITIONAL_REPRESENTATION('',(#11492),#11496);
#11492 = LINE('',#11493,#11494);
#11493 = CARTESIAN_POINT('',(0.32,-0.32));
#11494 = VECTOR('',#11495,1.);
#11495 = DIRECTION('',(0.,1.));
#11496 = ( GEOMETRIC_REPRESENTATION_CONTEXT(2) 
PARAMETRIC_REPRESENTATION_CONTEXT() REPRESENTATION_CONTEXT('2D SPACE',''
  ) );
#11497 = ORIENTED_EDGE('',*,*,#11498,.F.);
#11498 = EDGE_CURVE('',#11499,#11476,#11501,.T.);
#11499 = VERTEX_POINT('',#11500);
#11500 = CARTESIAN_POINT('',(0.32,-35.24,0.));
#11501 = SURFACE_CURVE('',#11502,(#11506,#11513),.PCURVE_S1.);
#11502 = LINE('',#11503,#11504);
#11503 = CARTESIAN_POINT('',(0.32,-35.24,0.));
#11504 = VECTOR('',#11505,1.);
#11505 = DIRECTION('',(-0.,-0.,-1.));
#11506 = PCURVE('',#11433,#11507);
#11507 = DEFINITIONAL_REPRESENTATION('',(#11508),#11512);
#11508 = LINE('',#11509,#11510);
#11509 = CARTESIAN_POINT('',(0.64,0.));
#11510 = VECTOR('',#11511,1.);
#11511 = DIRECTION('',(0.,-1.));
#11512 = ( GEOMETRIC_REPRESENTATION_CONTEXT(2) 
PARAMETRIC_REPRESENTATION_CONTEXT() REPRESENTATION_CONTEXT('2D SPACE',''
  ) );
#11513 = PCURVE('',#11514,#11519);
#11514 = PLANE('',#11515);
#11515 = AXIS2_PLACEMENT_3D('',#11516,#11517,#11518);
#11516 = CARTESIAN_POINT('',(0.32,-35.24,0.));
#11517 = DIRECTION('',(0.,1.,-0.));
#11518 = DIRECTION('',(-1.,0.,0.));
#11519 = DEFINITIONAL_REPRESENTATION('',(#11520),#11524);
#11520 = LINE('',#11521,#11522);
#11521 = CARTESIAN_POINT('',(0.,0.));
#11522 = VECTOR('',#11523,1.);
#11523 = DIRECTION('',(0.,-1.));
#11524 = ( GEOMETRIC_REPRESENTATION_CONTEXT(2) 
PARAMETRIC_REPRESENTATION_CONTEXT() REPRESENTATION_CONTEXT('2D SPACE',''
  ) );
#11525 = ORIENTED_EDGE('',*,*,#11526,.F.);
#11526 = EDGE_CURVE('',#11418,#11499,#11527,.T.);
#11527 = SURFACE_CURVE('',#11528,(#11532,#11539),.PCURVE_S1.);
#11528 = LINE('',#11529,#11530);
#11529 = CARTESIAN_POINT('',(0.32,-35.88,0.));
#11530 = VECTOR('',#11531,1.);
#11531 = DIRECTION('',(0.,1.,0.));
#11532 = PCURVE('',#11433,#11533);
#11533 = DEFINITIONAL_REPRESENTATION('',(#11534),#11538);
#11534 = LINE('',#11535,#11536);
#11535 = CARTESIAN_POINT('',(0.,0.));
#11536 = VECTOR('',#11537,1.);
#11537 = DIRECTION('',(1.,0.));
#11538 = ( GEOMETRIC_REPRESENTATION_CONTEXT(2) 
PARAMETRIC_REPRESENTATION_CONTEXT() REPRESENTATION_CONTEXT('2D SPACE',''
  ) );
#11539 = PCURVE('',#11459,#11540);
#11540 = DEFINITIONAL_REPRESENTATION('',(#11541),#11545);
#11541 = LINE('',#11542,#11543);
#11542 = CARTESIAN_POINT('',(0.32,-0.32));
#11543 = VECTOR('',#11544,1.);
#11544 = DIRECTION('',(0.,1.));
#11545 = ( GEOMETRIC_REPRESENTATION_CONTEXT(2) 
PARAMETRIC_REPRESENTATION_CONTEXT() REPRESENTATION_CONTEXT('2D SPACE',''
  ) );
#11546 = ADVANCED_FACE('',(#11547),#11514,.T.);
#11547 = FACE_BOUND('',#11548,.T.);
#11548 = EDGE_LOOP('',(#11549,#11550,#11573,#11596));
#11549 = ORIENTED_EDGE('',*,*,#11498,.T.);
#11550 = ORIENTED_EDGE('',*,*,#11551,.T.);
#11551 = EDGE_CURVE('',#11476,#11552,#11554,.T.);
#11552 = VERTEX_POINT('',#11553);
#11553 = CARTESIAN_POINT('',(-0.32,-35.24,-2.64));
#11554 = SURFACE_CURVE('',#11555,(#11559,#11566),.PCURVE_S1.);
#11555 = LINE('',#11556,#11557);
#11556 = CARTESIAN_POINT('',(0.32,-35.24,-2.64));
#11557 = VECTOR('',#11558,1.);
#11558 = DIRECTION('',(-1.,0.,0.));
#11559 = PCURVE('',#11514,#11560);
#11560 = DEFINITIONAL_REPRESENTATION('',(#11561),#11565);
#11561 = LINE('',#11562,#11563);
#11562 = CARTESIAN_POINT('',(0.,-2.64));
#11563 = VECTOR('',#11564,1.);
#11564 = DIRECTION('',(1.,0.));
#11565 = ( GEOMETRIC_REPRESENTATION_CONTEXT(2) 
PARAMETRIC_REPRESENTATION_CONTEXT() REPRESENTATION_CONTEXT('2D SPACE',''
  ) );
#11566 = PCURVE('',#11405,#11567);
#11567 = DEFINITIONAL_REPRESENTATION('',(#11568),#11572);
#11568 = LINE('',#11569,#11570);
#11569 = CARTESIAN_POINT('',(0.32,0.32));
#11570 = VECTOR('',#11571,1.);
#11571 = DIRECTION('',(-1.,0.));
#11572 = ( GEOMETRIC_REPRESENTATION_CONTEXT(2) 
PARAMETRIC_REPRESENTATION_CONTEXT() REPRESENTATION_CONTEXT('2D SPACE',''
  ) );
#11573 = ORIENTED_EDGE('',*,*,#11574,.F.);
#11574 = EDGE_CURVE('',#11575,#11552,#11577,.T.);
#11575 = VERTEX_POINT('',#11576);
#11576 = CARTESIAN_POINT('',(-0.32,-35.24,0.));
#11577 = SURFACE_CURVE('',#11578,(#11582,#11589),.PCURVE_S1.);
#11578 = LINE('',#11579,#11580);
#11579 = CARTESIAN_POINT('',(-0.32,-35.24,0.));
#11580 = VECTOR('',#11581,1.);
#11581 = DIRECTION('',(-0.,-0.,-1.));
#11582 = PCURVE('',#11514,#11583);
#11583 = DEFINITIONAL_REPRESENTATION('',(#11584),#11588);
#11584 = LINE('',#11585,#11586);
#11585 = CARTESIAN_POINT('',(0.64,0.));
#11586 = VECTOR('',#11587,1.);
#11587 = DIRECTION('',(0.,-1.));
#11588 = ( GEOMETRIC_REPRESENTATION_CONTEXT(2) 
PARAMETRIC_REPRESENTATION_CONTEXT() REPRESENTATION_CONTEXT('2D SPACE',''
  ) );
#11589 = PCURVE('',#11377,#11590);
#11590 = DEFINITIONAL_REPRESENTATION('',(#11591),#11595);
#11591 = LINE('',#11592,#11593);
#11592 = CARTESIAN_POINT('',(0.,0.));
#11593 = VECTOR('',#11594,1.);
#11594 = DIRECTION('',(0.,-1.));
#11595 = ( GEOMETRIC_REPRESENTATION_CONTEXT(2) 
PARAMETRIC_REPRESENTATION_CONTEXT() REPRESENTATION_CONTEXT('2D SPACE',''
  ) );
#11596 = ORIENTED_EDGE('',*,*,#11597,.F.);
#11597 = EDGE_CURVE('',#11499,#11575,#11598,.T.);
#11598 = SURFACE_CURVE('',#11599,(#11603,#11610),.PCURVE_S1.);
#11599 = LINE('',#11600,#11601);
#11600 = CARTESIAN_POINT('',(0.32,-35.24,0.));
#11601 = VECTOR('',#11602,1.);
#11602 = DIRECTION('',(-1.,0.,0.));
#11603 = PCURVE('',#11514,#11604);
#11604 = DEFINITIONAL_REPRESENTATION('',(#11605),#11609);
#11605 = LINE('',#11606,#11607);
#11606 = CARTESIAN_POINT('',(0.,0.));
#11607 = VECTOR('',#11608,1.);
#11608 = DIRECTION('',(1.,0.));
#11609 = ( GEOMETRIC_REPRESENTATION_CONTEXT(2) 
PARAMETRIC_REPRESENTATION_CONTEXT() REPRESENTATION_CONTEXT('2D SPACE',''
  ) );
#11610 = PCURVE('',#11459,#11611);
#11611 = DEFINITIONAL_REPRESENTATION('',(#11612),#11616);
#11612 = LINE('',#11613,#11614);
#11613 = CARTESIAN_POINT('',(0.32,0.32));
#11614 = VECTOR('',#11615,1.);
#11615 = DIRECTION('',(-1.,0.));
#11616 = ( GEOMETRIC_REPRESENTATION_CONTEXT(2) 
PARAMETRIC_REPRESENTATION_CONTEXT() REPRESENTATION_CONTEXT('2D SPACE',''
  ) );
#11617 = ADVANCED_FACE('',(#11618),#11377,.T.);
#11618 = FACE_BOUND('',#11619,.T.);
#11619 = EDGE_LOOP('',(#11620,#11621,#11642,#11643));
#11620 = ORIENTED_EDGE('',*,*,#11574,.T.);
#11621 = ORIENTED_EDGE('',*,*,#11622,.T.);
#11622 = EDGE_CURVE('',#11552,#11357,#11623,.T.);
#11623 = SURFACE_CURVE('',#11624,(#11628,#11635),.PCURVE_S1.);
#11624 = LINE('',#11625,#11626);
#11625 = CARTESIAN_POINT('',(-0.32,-35.24,-2.64));
#11626 = VECTOR('',#11627,1.);
#11627 = DIRECTION('',(0.,-1.,0.));
#11628 = PCURVE('',#11377,#11629);
#11629 = DEFINITIONAL_REPRESENTATION('',(#11630),#11634);
#11630 = LINE('',#11631,#11632);
#11631 = CARTESIAN_POINT('',(0.,-2.64));
#11632 = VECTOR('',#11633,1.);
#11633 = DIRECTION('',(1.,0.));
#11634 = ( GEOMETRIC_REPRESENTATION_CONTEXT(2) 
PARAMETRIC_REPRESENTATION_CONTEXT() REPRESENTATION_CONTEXT('2D SPACE',''
  ) );
#11635 = PCURVE('',#11405,#11636);
#11636 = DEFINITIONAL_REPRESENTATION('',(#11637),#11641);
#11637 = LINE('',#11638,#11639);
#11638 = CARTESIAN_POINT('',(-0.32,0.32));
#11639 = VECTOR('',#11640,1.);
#11640 = DIRECTION('',(0.,-1.));
#11641 = ( GEOMETRIC_REPRESENTATION_CONTEXT(2) 
PARAMETRIC_REPRESENTATION_CONTEXT() REPRESENTATION_CONTEXT('2D SPACE',''
  ) );
#11642 = ORIENTED_EDGE('',*,*,#11354,.F.);
#11643 = ORIENTED_EDGE('',*,*,#11644,.F.);
#11644 = EDGE_CURVE('',#11575,#11355,#11645,.T.);
#11645 = SURFACE_CURVE('',#11646,(#11650,#11657),.PCURVE_S1.);
#11646 = LINE('',#11647,#11648);
#11647 = CARTESIAN_POINT('',(-0.32,-35.24,0.));
#11648 = VECTOR('',#11649,1.);
#11649 = DIRECTION('',(0.,-1.,0.));
#11650 = PCURVE('',#11377,#11651);
#11651 = DEFINITIONAL_REPRESENTATION('',(#11652),#11656);
#11652 = LINE('',#11653,#11654);
#11653 = CARTESIAN_POINT('',(0.,0.));
#11654 = VECTOR('',#11655,1.);
#11655 = DIRECTION('',(1.,0.));
#11656 = ( GEOMETRIC_REPRESENTATION_CONTEXT(2) 
PARAMETRIC_REPRESENTATION_CONTEXT() REPRESENTATION_CONTEXT('2D SPACE',''
  ) );
#11657 = PCURVE('',#11459,#11658);
#11658 = DEFINITIONAL_REPRESENTATION('',(#11659),#11663);
#11659 = LINE('',#11660,#11661);
#11660 = CARTESIAN_POINT('',(-0.32,0.32));
#11661 = VECTOR('',#11662,1.);
#11662 = DIRECTION('',(0.,-1.));
#11663 = ( GEOMETRIC_REPRESENTATION_CONTEXT(2) 
PARAMETRIC_REPRESENTATION_CONTEXT() REPRESENTATION_CONTEXT('2D SPACE',''
  ) );
#11664 = ADVANCED_FACE('',(#11665),#11459,.T.);
#11665 = FACE_BOUND('',#11666,.T.);
#11666 = EDGE_LOOP('',(#11667,#11668,#11669,#11670));
#11667 = ORIENTED_EDGE('',*,*,#11445,.T.);
#11668 = ORIENTED_EDGE('',*,*,#11526,.T.);
#11669 = ORIENTED_EDGE('',*,*,#11597,.T.);
#11670 = ORIENTED_EDGE('',*,*,#11644,.T.);
#11671 = ADVANCED_FACE('',(#11672),#11405,.F.);
#11672 = FACE_BOUND('',#11673,.F.);
#11673 = EDGE_LOOP('',(#11674,#11675,#11676,#11677));
#11674 = ORIENTED_EDGE('',*,*,#11389,.T.);
#11675 = ORIENTED_EDGE('',*,*,#11475,.T.);
#11676 = ORIENTED_EDGE('',*,*,#11551,.T.);
#11677 = ORIENTED_EDGE('',*,*,#11622,.T.);
#11678 = ( GEOMETRIC_REPRESENTATION_CONTEXT(3) 
GLOBAL_UNCERTAINTY_ASSIGNED_CONTEXT((#11682)) 
GLOBAL_UNIT_ASSIGNED_CONTEXT((#11679,#11680,#11681)) 
REPRESENTATION_CONTEXT('Context #1',
  '3D Context with UNIT and UNCERTAINTY') );
#11679 = ( LENGTH_UNIT() NAMED_UNIT(*) SI_UNIT(.MILLI.,.METRE.) );
#11680 = ( NAMED_UNIT(*) PLANE_ANGLE_UNIT() SI_UNIT($,.RADIAN.) );
#11681 = ( NAMED_UNIT(*) SI_UNIT($,.STERADIAN.) SOLID_ANGLE_UNIT() );
#11682 = UNCERTAINTY_MEASURE_WITH_UNIT(LENGTH_MEASURE(1.E-07),#11679,
  'distance_accuracy_value','confusion accuracy');
#11683 = CONTEXT_DEPENDENT_SHAPE_REPRESENTATION(#11684,#11686);
#11684 = ( REPRESENTATION_RELATIONSHIP('','',#11347,#10) 
REPRESENTATION_RELATIONSHIP_WITH_TRANSFORMATION(#11685) 
SHAPE_REPRESENTATION_RELATIONSHIP() );
#11685 = ITEM_DEFINED_TRANSFORMATION('','',#11,#75);
#11686 = PRODUCT_DEFINITION_SHAPE('Placement','Placement of an item',
  #11687);
#11687 = NEXT_ASSEMBLY_USAGE_OCCURRENCE('16','tail_15','',#5,#11342,$);
#11688 = PRODUCT_RELATED_PRODUCT_CATEGORY('part',$,(#11344));
#11689 = SHAPE_DEFINITION_REPRESENTATION(#11690,#11696);
#11690 = PRODUCT_DEFINITION_SHAPE('','',#11691);
#11691 = PRODUCT_DEFINITION('design','',#11692,#11695);
#11692 = PRODUCT_DEFINITION_FORMATION('','',#11693);
#11693 = PRODUCT('tail_16','tail_16','',(#11694));
#11694 = PRODUCT_CONTEXT('',#2,'mechanical');
#11695 = PRODUCT_DEFINITION_CONTEXT('part definition',#2,'design');
#11696 = ADVANCED_BREP_SHAPE_REPRESENTATION('',(#11,#11697),#12027);
#11697 = MANIFOLD_SOLID_BREP('',#11698);
#11698 = CLOSED_SHELL('',(#11699,#11819,#11895,#11966,#12013,#12020));
#11699 = ADVANCED_FACE('',(#11700),#11714,.T.);
#11700 = FACE_BOUND('',#11701,.T.);
#11701 = EDGE_LOOP('',(#11702,#11737,#11765,#11793));
#11702 = ORIENTED_EDGE('',*,*,#11703,.T.);
#11703 = EDGE_CURVE('',#11704,#11706,#11708,.T.);
#11704 = VERTEX_POINT('',#11705);
#11705 = CARTESIAN_POINT('',(-0.32,-38.42,0.));
#11706 = VERTEX_POINT('',#11707);
#11707 = CARTESIAN_POINT('',(-0.32,-38.42,-2.64));
#11708 = SURFACE_CURVE('',#11709,(#11713,#11725),.PCURVE_S1.);
#11709 = LINE('',#11710,#11711);
#11710 = CARTESIAN_POINT('',(-0.32,-38.42,0.));
#11711 = VECTOR('',#11712,1.);
#11712 = DIRECTION('',(-0.,-0.,-1.));
#11713 = PCURVE('',#11714,#11719);
#11714 = PLANE('',#11715);
#11715 = AXIS2_PLACEMENT_3D('',#11716,#11717,#11718);
#11716 = CARTESIAN_POINT('',(-0.32,-38.42,0.));
#11717 = DIRECTION('',(0.,-1.,0.));
#11718 = DIRECTION('',(1.,0.,0.));
#11719 = DEFINITIONAL_REPRESENTATION('',(#11720),#11724);
#11720 = LINE('',#11721,#11722);
#11721 = CARTESIAN_POINT('',(0.,0.));
#11722 = VECTOR('',#11723,1.);
#11723 = DIRECTION('',(0.,-1.));
#11724 = ( GEOMETRIC_REPRESENTATION_CONTEXT(2) 
PARAMETRIC_REPRESENTATION_CONTEXT() REPRESENTATION_CONTEXT('2D SPACE',''
  ) );
#11725 = PCURVE('',#11726,#11731);
#11726 = PLANE('',#11727);
#11727 = AXIS2_PLACEMENT_3D('',#11728,#11729,#11730);
#11728 = CARTESIAN_POINT('',(-0.32,-37.78,0.));
#11729 = DIRECTION('',(-1.,0.,0.));
#11730 = DIRECTION('',(0.,-1.,0.));
#11731 = DEFINITIONAL_REPRESENTATION('',(#11732),#11736);
#11732 = LINE('',#11733,#11734);
#11733 = CARTESIAN_POINT('',(0.64,0.));
#11734 = VECTOR('',#11735,1.);
#11735 = DIRECTION('',(0.,-1.));
#11736 = ( GEOMETRIC_REPRESENTATION_CONTEXT(2) 
PARAMETRIC_REPRESENTATION_CONTEXT() REPRESENTATION_CONTEXT('2D SPACE',''
  ) );
#11737 = ORIENTED_EDGE('',*,*,#11738,.T.);
#11738 = EDGE_CURVE('',#11706,#11739,#11741,.T.);
#11739 = VERTEX_POINT('',#11740);
#11740 = CARTESIAN_POINT('',(0.32,-38.42,-2.64));
#11741 = SURFACE_CURVE('',#11742,(#11746,#11753),.PCURVE_S1.);
#11742 = LINE('',#11743,#11744);
#11743 = CARTESIAN_POINT('',(-0.32,-38.42,-2.64));
#11744 = VECTOR('',#11745,1.);
#11745 = DIRECTION('',(1.,0.,0.));
#11746 = PCURVE('',#11714,#11747);
#11747 = DEFINITIONAL_REPRESENTATION('',(#11748),#11752);
#11748 = LINE('',#11749,#11750);
#11749 = CARTESIAN_POINT('',(0.,-2.64));
#11750 = VECTOR('',#11751,1.);
#11751 = DIRECTION('',(1.,0.));
#11752 = ( GEOMETRIC_REPRESENTATION_CONTEXT(2) 
PARAMETRIC_REPRESENTATION_CONTEXT() REPRESENTATION_CONTEXT('2D SPACE',''
  ) );
#11753 = PCURVE('',#11754,#11759);
#11754 = PLANE('',#11755);
#11755 = AXIS2_PLACEMENT_3D('',#11756,#11757,#11758);
#11756 = CARTESIAN_POINT('',(1.084202172486E-17,-38.1,-2.64));
#11757 = DIRECTION('',(0.,0.,1.));
#11758 = DIRECTION('',(1.,0.,-0.));
#11759 = DEFINITIONAL_REPRESENTATION('',(#11760),#11764);
#11760 = LINE('',#11761,#11762);
#11761 = CARTESIAN_POINT('',(-0.32,-0.32));
#11762 = VECTOR('',#11763,1.);
#11763 = DIRECTION('',(1.,0.));
#11764 = ( GEOMETRIC_REPRESENTATION_CONTEXT(2) 
PARAMETRIC_REPRESENTATION_CONTEXT() REPRESENTATION_CONTEXT('2D SPACE',''
  ) );
#11765 = ORIENTED_EDGE('',*,*,#11766,.F.);
#11766 = EDGE_CURVE('',#11767,#11739,#11769,.T.);
#11767 = VERTEX_POINT('',#11768);
#11768 = CARTESIAN_POINT('',(0.32,-38.42,0.));
#11769 = SURFACE_CURVE('',#11770,(#11774,#11781),.PCURVE_S1.);
#11770 = LINE('',#11771,#11772);
#11771 = CARTESIAN_POINT('',(0.32,-38.42,0.));
#11772 = VECTOR('',#11773,1.);
#11773 = DIRECTION('',(-0.,-0.,-1.));
#11774 = PCURVE('',#11714,#11775);
#11775 = DEFINITIONAL_REPRESENTATION('',(#11776),#11780);
#11776 = LINE('',#11777,#11778);
#11777 = CARTESIAN_POINT('',(0.64,0.));
#11778 = VECTOR('',#11779,1.);
#11779 = DIRECTION('',(0.,-1.));
#11780 = ( GEOMETRIC_REPRESENTATION_CONTEXT(2) 
PARAMETRIC_REPRESENTATION_CONTEXT() REPRESENTATION_CONTEXT('2D SPACE',''
  ) );
#11781 = PCURVE('',#11782,#11787);
#11782 = PLANE('',#11783);
#11783 = AXIS2_PLACEMENT_3D('',#11784,#11785,#11786);
#11784 = CARTESIAN_POINT('',(0.32,-38.42,0.));
#11785 = DIRECTION('',(1.,0.,0.));
#11786 = DIRECTION('',(-0.,1.,0.));
#11787 = DEFINITIONAL_REPRESENTATION('',(#11788),#11792);
#11788 = LINE('',#11789,#11790);
#11789 = CARTESIAN_POINT('',(0.,0.));
#11790 = VECTOR('',#11791,1.);
#11791 = DIRECTION('',(0.,-1.));
#11792 = ( GEOMETRIC_REPRESENTATION_CONTEXT(2) 
PARAMETRIC_REPRESENTATION_CONTEXT() REPRESENTATION_CONTEXT('2D SPACE',''
  ) );
#11793 = ORIENTED_EDGE('',*,*,#11794,.F.);
#11794 = EDGE_CURVE('',#11704,#11767,#11795,.T.);
#11795 = SURFACE_CURVE('',#11796,(#11800,#11807),.PCURVE_S1.);
#11796 = LINE('',#11797,#11798);
#11797 = CARTESIAN_POINT('',(-0.32,-38.42,0.));
#11798 = VECTOR('',#11799,1.);
#11799 = DIRECTION('',(1.,0.,0.));
#11800 = PCURVE('',#11714,#11801);
#11801 = DEFINITIONAL_REPRESENTATION('',(#11802),#11806);
#11802 = LINE('',#11803,#11804);
#11803 = CARTESIAN_POINT('',(0.,0.));
#11804 = VECTOR('',#11805,1.);
#11805 = DIRECTION('',(1.,0.));
#11806 = ( GEOMETRIC_REPRESENTATION_CONTEXT(2) 
PARAMETRIC_REPRESENTATION_CONTEXT() REPRESENTATION_CONTEXT('2D SPACE',''
  ) );
#11807 = PCURVE('',#11808,#11813);
#11808 = PLANE('',#11809);
#11809 = AXIS2_PLACEMENT_3D('',#11810,#11811,#11812);
#11810 = CARTESIAN_POINT('',(1.084202172486E-17,-38.1,0.));
#11811 = DIRECTION('',(0.,0.,1.));
#11812 = DIRECTION('',(1.,0.,-0.));
#11813 = DEFINITIONAL_REPRESENTATION('',(#11814),#11818);
#11814 = LINE('',#11815,#11816);
#11815 = CARTESIAN_POINT('',(-0.32,-0.32));
#11816 = VECTOR('',#11817,1.);
#11817 = DIRECTION('',(1.,0.));
#11818 = ( GEOMETRIC_REPRESENTATION_CONTEXT(2) 
PARAMETRIC_REPRESENTATION_CONTEXT() REPRESENTATION_CONTEXT('2D SPACE',''
  ) );
#11819 = ADVANCED_FACE('',(#11820),#11782,.T.);
#11820 = FACE_BOUND('',#11821,.T.);
#11821 = EDGE_LOOP('',(#11822,#11823,#11846,#11874));
#11822 = ORIENTED_EDGE('',*,*,#11766,.T.);
#11823 = ORIENTED_EDGE('',*,*,#11824,.T.);
#11824 = EDGE_CURVE('',#11739,#11825,#11827,.T.);
#11825 = VERTEX_POINT('',#11826);
#11826 = CARTESIAN_POINT('',(0.32,-37.78,-2.64));
#11827 = SURFACE_CURVE('',#11828,(#11832,#11839),.PCURVE_S1.);
#11828 = LINE('',#11829,#11830);
#11829 = CARTESIAN_POINT('',(0.32,-38.42,-2.64));
#11830 = VECTOR('',#11831,1.);
#11831 = DIRECTION('',(0.,1.,0.));
#11832 = PCURVE('',#11782,#11833);
#11833 = DEFINITIONAL_REPRESENTATION('',(#11834),#11838);
#11834 = LINE('',#11835,#11836);
#11835 = CARTESIAN_POINT('',(0.,-2.64));
#11836 = VECTOR('',#11837,1.);
#11837 = DIRECTION('',(1.,0.));
#11838 = ( GEOMETRIC_REPRESENTATION_CONTEXT(2) 
PARAMETRIC_REPRESENTATION_CONTEXT() REPRESENTATION_CONTEXT('2D SPACE',''
  ) );
#11839 = PCURVE('',#11754,#11840);
#11840 = DEFINITIONAL_REPRESENTATION('',(#11841),#11845);
#11841 = LINE('',#11842,#11843);
#11842 = CARTESIAN_POINT('',(0.32,-0.32));
#11843 = VECTOR('',#11844,1.);
#11844 = DIRECTION('',(0.,1.));
#11845 = ( GEOMETRIC_REPRESENTATION_CONTEXT(2) 
PARAMETRIC_REPRESENTATION_CONTEXT() REPRESENTATION_CONTEXT('2D SPACE',''
  ) );
#11846 = ORIENTED_EDGE('',*,*,#11847,.F.);
#11847 = EDGE_CURVE('',#11848,#11825,#11850,.T.);
#11848 = VERTEX_POINT('',#11849);
#11849 = CARTESIAN_POINT('',(0.32,-37.78,0.));
#11850 = SURFACE_CURVE('',#11851,(#11855,#11862),.PCURVE_S1.);
#11851 = LINE('',#11852,#11853);
#11852 = CARTESIAN_POINT('',(0.32,-37.78,0.));
#11853 = VECTOR('',#11854,1.);
#11854 = DIRECTION('',(-0.,-0.,-1.));
#11855 = PCURVE('',#11782,#11856);
#11856 = DEFINITIONAL_REPRESENTATION('',(#11857),#11861);
#11857 = LINE('',#11858,#11859);
#11858 = CARTESIAN_POINT('',(0.64,0.));
#11859 = VECTOR('',#11860,1.);
#11860 = DIRECTION('',(0.,-1.));
#11861 = ( GEOMETRIC_REPRESENTATION_CONTEXT(2) 
PARAMETRIC_REPRESENTATION_CONTEXT() REPRESENTATION_CONTEXT('2D SPACE',''
  ) );
#11862 = PCURVE('',#11863,#11868);
#11863 = PLANE('',#11864);
#11864 = AXIS2_PLACEMENT_3D('',#11865,#11866,#11867);
#11865 = CARTESIAN_POINT('',(0.32,-37.78,0.));
#11866 = DIRECTION('',(0.,1.,-0.));
#11867 = DIRECTION('',(-1.,0.,0.));
#11868 = DEFINITIONAL_REPRESENTATION('',(#11869),#11873);
#11869 = LINE('',#11870,#11871);
#11870 = CARTESIAN_POINT('',(0.,0.));
#11871 = VECTOR('',#11872,1.);
#11872 = DIRECTION('',(0.,-1.));
#11873 = ( GEOMETRIC_REPRESENTATION_CONTEXT(2) 
PARAMETRIC_REPRESENTATION_CONTEXT() REPRESENTATION_CONTEXT('2D SPACE',''
  ) );
#11874 = ORIENTED_EDGE('',*,*,#11875,.F.);
#11875 = EDGE_CURVE('',#11767,#11848,#11876,.T.);
#11876 = SURFACE_CURVE('',#11877,(#11881,#11888),.PCURVE_S1.);
#11877 = LINE('',#11878,#11879);
#11878 = CARTESIAN_POINT('',(0.32,-38.42,0.));
#11879 = VECTOR('',#11880,1.);
#11880 = DIRECTION('',(0.,1.,0.));
#11881 = PCURVE('',#11782,#11882);
#11882 = DEFINITIONAL_REPRESENTATION('',(#11883),#11887);
#11883 = LINE('',#11884,#11885);
#11884 = CARTESIAN_POINT('',(0.,0.));
#11885 = VECTOR('',#11886,1.);
#11886 = DIRECTION('',(1.,0.));
#11887 = ( GEOMETRIC_REPRESENTATION_CONTEXT(2) 
PARAMETRIC_REPRESENTATION_CONTEXT() REPRESENTATION_CONTEXT('2D SPACE',''
  ) );
#11888 = PCURVE('',#11808,#11889);
#11889 = DEFINITIONAL_REPRESENTATION('',(#11890),#11894);
#11890 = LINE('',#11891,#11892);
#11891 = CARTESIAN_POINT('',(0.32,-0.32));
#11892 = VECTOR('',#11893,1.);
#11893 = DIRECTION('',(0.,1.));
#11894 = ( GEOMETRIC_REPRESENTATION_CONTEXT(2) 
PARAMETRIC_REPRESENTATION_CONTEXT() REPRESENTATION_CONTEXT('2D SPACE',''
  ) );
#11895 = ADVANCED_FACE('',(#11896),#11863,.T.);
#11896 = FACE_BOUND('',#11897,.T.);
#11897 = EDGE_LOOP('',(#11898,#11899,#11922,#11945));
#11898 = ORIENTED_EDGE('',*,*,#11847,.T.);
#11899 = ORIENTED_EDGE('',*,*,#11900,.T.);
#11900 = EDGE_CURVE('',#11825,#11901,#11903,.T.);
#11901 = VERTEX_POINT('',#11902);
#11902 = CARTESIAN_POINT('',(-0.32,-37.78,-2.64));
#11903 = SURFACE_CURVE('',#11904,(#11908,#11915),.PCURVE_S1.);
#11904 = LINE('',#11905,#11906);
#11905 = CARTESIAN_POINT('',(0.32,-37.78,-2.64));
#11906 = VECTOR('',#11907,1.);
#11907 = DIRECTION('',(-1.,0.,0.));
#11908 = PCURVE('',#11863,#11909);
#11909 = DEFINITIONAL_REPRESENTATION('',(#11910),#11914);
#11910 = LINE('',#11911,#11912);
#11911 = CARTESIAN_POINT('',(0.,-2.64));
#11912 = VECTOR('',#11913,1.);
#11913 = DIRECTION('',(1.,0.));
#11914 = ( GEOMETRIC_REPRESENTATION_CONTEXT(2) 
PARAMETRIC_REPRESENTATION_CONTEXT() REPRESENTATION_CONTEXT('2D SPACE',''
  ) );
#11915 = PCURVE('',#11754,#11916);
#11916 = DEFINITIONAL_REPRESENTATION('',(#11917),#11921);
#11917 = LINE('',#11918,#11919);
#11918 = CARTESIAN_POINT('',(0.32,0.32));
#11919 = VECTOR('',#11920,1.);
#11920 = DIRECTION('',(-1.,0.));
#11921 = ( GEOMETRIC_REPRESENTATION_CONTEXT(2) 
PARAMETRIC_REPRESENTATION_CONTEXT() REPRESENTATION_CONTEXT('2D SPACE',''
  ) );
#11922 = ORIENTED_EDGE('',*,*,#11923,.F.);
#11923 = EDGE_CURVE('',#11924,#11901,#11926,.T.);
#11924 = VERTEX_POINT('',#11925);
#11925 = CARTESIAN_POINT('',(-0.32,-37.78,0.));
#11926 = SURFACE_CURVE('',#11927,(#11931,#11938),.PCURVE_S1.);
#11927 = LINE('',#11928,#11929);
#11928 = CARTESIAN_POINT('',(-0.32,-37.78,0.));
#11929 = VECTOR('',#11930,1.);
#11930 = DIRECTION('',(-0.,-0.,-1.));
#11931 = PCURVE('',#11863,#11932);
#11932 = DEFINITIONAL_REPRESENTATION('',(#11933),#11937);
#11933 = LINE('',#11934,#11935);
#11934 = CARTESIAN_POINT('',(0.64,0.));
#11935 = VECTOR('',#11936,1.);
#11936 = DIRECTION('',(0.,-1.));
#11937 = ( GEOMETRIC_REPRESENTATION_CONTEXT(2) 
PARAMETRIC_REPRESENTATION_CONTEXT() REPRESENTATION_CONTEXT('2D SPACE',''
  ) );
#11938 = PCURVE('',#11726,#11939);
#11939 = DEFINITIONAL_REPRESENTATION('',(#11940),#11944);
#11940 = LINE('',#11941,#11942);
#11941 = CARTESIAN_POINT('',(0.,0.));
#11942 = VECTOR('',#11943,1.);
#11943 = DIRECTION('',(0.,-1.));
#11944 = ( GEOMETRIC_REPRESENTATION_CONTEXT(2) 
PARAMETRIC_REPRESENTATION_CONTEXT() REPRESENTATION_CONTEXT('2D SPACE',''
  ) );
#11945 = ORIENTED_EDGE('',*,*,#11946,.F.);
#11946 = EDGE_CURVE('',#11848,#11924,#11947,.T.);
#11947 = SURFACE_CURVE('',#11948,(#11952,#11959),.PCURVE_S1.);
#11948 = LINE('',#11949,#11950);
#11949 = CARTESIAN_POINT('',(0.32,-37.78,0.));
#11950 = VECTOR('',#11951,1.);
#11951 = DIRECTION('',(-1.,0.,0.));
#11952 = PCURVE('',#11863,#11953);
#11953 = DEFINITIONAL_REPRESENTATION('',(#11954),#11958);
#11954 = LINE('',#11955,#11956);
#11955 = CARTESIAN_POINT('',(0.,0.));
#11956 = VECTOR('',#11957,1.);
#11957 = DIRECTION('',(1.,0.));
#11958 = ( GEOMETRIC_REPRESENTATION_CONTEXT(2) 
PARAMETRIC_REPRESENTATION_CONTEXT() REPRESENTATION_CONTEXT('2D SPACE',''
  ) );
#11959 = PCURVE('',#11808,#11960);
#11960 = DEFINITIONAL_REPRESENTATION('',(#11961),#11965);
#11961 = LINE('',#11962,#11963);
#11962 = CARTESIAN_POINT('',(0.32,0.32));
#11963 = VECTOR('',#11964,1.);
#11964 = DIRECTION('',(-1.,0.));
#11965 = ( GEOMETRIC_REPRESENTATION_CONTEXT(2) 
PARAMETRIC_REPRESENTATION_CONTEXT() REPRESENTATION_CONTEXT('2D SPACE',''
  ) );
#11966 = ADVANCED_FACE('',(#11967),#11726,.T.);
#11967 = FACE_BOUND('',#11968,.T.);
#11968 = EDGE_LOOP('',(#11969,#11970,#11991,#11992));
#11969 = ORIENTED_EDGE('',*,*,#11923,.T.);
#11970 = ORIENTED_EDGE('',*,*,#11971,.T.);
#11971 = EDGE_CURVE('',#11901,#11706,#11972,.T.);
#11972 = SURFACE_CURVE('',#11973,(#11977,#11984),.PCURVE_S1.);
#11973 = LINE('',#11974,#11975);
#11974 = CARTESIAN_POINT('',(-0.32,-37.78,-2.64));
#11975 = VECTOR('',#11976,1.);
#11976 = DIRECTION('',(0.,-1.,0.));
#11977 = PCURVE('',#11726,#11978);
#11978 = DEFINITIONAL_REPRESENTATION('',(#11979),#11983);
#11979 = LINE('',#11980,#11981);
#11980 = CARTESIAN_POINT('',(0.,-2.64));
#11981 = VECTOR('',#11982,1.);
#11982 = DIRECTION('',(1.,0.));
#11983 = ( GEOMETRIC_REPRESENTATION_CONTEXT(2) 
PARAMETRIC_REPRESENTATION_CONTEXT() REPRESENTATION_CONTEXT('2D SPACE',''
  ) );
#11984 = PCURVE('',#11754,#11985);
#11985 = DEFINITIONAL_REPRESENTATION('',(#11986),#11990);
#11986 = LINE('',#11987,#11988);
#11987 = CARTESIAN_POINT('',(-0.32,0.32));
#11988 = VECTOR('',#11989,1.);
#11989 = DIRECTION('',(0.,-1.));
#11990 = ( GEOMETRIC_REPRESENTATION_CONTEXT(2) 
PARAMETRIC_REPRESENTATION_CONTEXT() REPRESENTATION_CONTEXT('2D SPACE',''
  ) );
#11991 = ORIENTED_EDGE('',*,*,#11703,.F.);
#11992 = ORIENTED_EDGE('',*,*,#11993,.F.);
#11993 = EDGE_CURVE('',#11924,#11704,#11994,.T.);
#11994 = SURFACE_CURVE('',#11995,(#11999,#12006),.PCURVE_S1.);
#11995 = LINE('',#11996,#11997);
#11996 = CARTESIAN_POINT('',(-0.32,-37.78,0.));
#11997 = VECTOR('',#11998,1.);
#11998 = DIRECTION('',(0.,-1.,0.));
#11999 = PCURVE('',#11726,#12000);
#12000 = DEFINITIONAL_REPRESENTATION('',(#12001),#12005);
#12001 = LINE('',#12002,#12003);
#12002 = CARTESIAN_POINT('',(0.,0.));
#12003 = VECTOR('',#12004,1.);
#12004 = DIRECTION('',(1.,0.));
#12005 = ( GEOMETRIC_REPRESENTATION_CONTEXT(2) 
PARAMETRIC_REPRESENTATION_CONTEXT() REPRESENTATION_CONTEXT('2D SPACE',''
  ) );
#12006 = PCURVE('',#11808,#12007);
#12007 = DEFINITIONAL_REPRESENTATION('',(#12008),#12012);
#12008 = LINE('',#12009,#12010);
#12009 = CARTESIAN_POINT('',(-0.32,0.32));
#12010 = VECTOR('',#12011,1.);
#12011 = DIRECTION('',(0.,-1.));
#12012 = ( GEOMETRIC_REPRESENTATION_CONTEXT(2) 
PARAMETRIC_REPRESENTATION_CONTEXT() REPRESENTATION_CONTEXT('2D SPACE',''
  ) );
#12013 = ADVANCED_FACE('',(#12014),#11808,.T.);
#12014 = FACE_BOUND('',#12015,.T.);
#12015 = EDGE_LOOP('',(#12016,#12017,#12018,#12019));
#12016 = ORIENTED_EDGE('',*,*,#11794,.T.);
#12017 = ORIENTED_EDGE('',*,*,#11875,.T.);
#12018 = ORIENTED_EDGE('',*,*,#11946,.T.);
#12019 = ORIENTED_EDGE('',*,*,#11993,.T.);
#12020 = ADVANCED_FACE('',(#12021),#11754,.F.);
#12021 = FACE_BOUND('',#12022,.F.);
#12022 = EDGE_LOOP('',(#12023,#12024,#12025,#12026));
#12023 = ORIENTED_EDGE('',*,*,#11738,.T.);
#12024 = ORIENTED_EDGE('',*,*,#11824,.T.);
#12025 = ORIENTED_EDGE('',*,*,#11900,.T.);
#12026 = ORIENTED_EDGE('',*,*,#11971,.T.);
#12027 = ( GEOMETRIC_REPRESENTATION_CONTEXT(3) 
GLOBAL_UNCERTAINTY_ASSIGNED_CONTEXT((#12031)) 
GLOBAL_UNIT_ASSIGNED_CONTEXT((#12028,#12029,#12030)) 
REPRESENTATION_CONTEXT('Context #1',
  '3D Context with UNIT and UNCERTAINTY') );
#12028 = ( LENGTH_UNIT() NAMED_UNIT(*) SI_UNIT(.MILLI.,.METRE.) );
#12029 = ( NAMED_UNIT(*) PLANE_ANGLE_UNIT() SI_UNIT($,.RADIAN.) );
#12030 = ( NAMED_UNIT(*) SI_UNIT($,.STERADIAN.) SOLID_ANGLE_UNIT() );
#12031 = UNCERTAINTY_MEASURE_WITH_UNIT(LENGTH_MEASURE(1.E-07),#12028,
  'distance_accuracy_value','confusion accuracy');
#12032 = CONTEXT_DEPENDENT_SHAPE_REPRESENTATION(#12033,#12035);
#12033 = ( REPRESENTATION_RELATIONSHIP('','',#11696,#10) 
REPRESENTATION_RELATIONSHIP_WITH_TRANSFORMATION(#12034) 
SHAPE_REPRESENTATION_RELATIONSHIP() );
#12034 = ITEM_DEFINED_TRANSFORMATION('','',#11,#79);
#12035 = PRODUCT_DEFINITION_SHAPE('Placement','Placement of an item',
  #12036);
#12036 = NEXT_ASSEMBLY_USAGE_OCCURRENCE('17','tail_16','',#5,#11691,$);
#12037 = PRODUCT_RELATED_PRODUCT_CATEGORY('part',$,(#11693));
#12038 = SHAPE_DEFINITION_REPRESENTATION(#12039,#12045);
#12039 = PRODUCT_DEFINITION_SHAPE('','',#12040);
#12040 = PRODUCT_DEFINITION('design','',#12041,#12044);
#12041 = PRODUCT_DEFINITION_FORMATION('','',#12042);
#12042 = PRODUCT('tail_17','tail_17','',(#12043));
#12043 = PRODUCT_CONTEXT('',#2,'mechanical');
#12044 = PRODUCT_DEFINITION_CONTEXT('part definition',#2,'design');
#12045 = ADVANCED_BREP_SHAPE_REPRESENTATION('',(#11,#12046),#12376);
#12046 = MANIFOLD_SOLID_BREP('',#12047);
#12047 = CLOSED_SHELL('',(#12048,#12168,#12244,#12315,#12362,#12369));
#12048 = ADVANCED_FACE('',(#12049),#12063,.T.);
#12049 = FACE_BOUND('',#12050,.T.);
#12050 = EDGE_LOOP('',(#12051,#12086,#12114,#12142));
#12051 = ORIENTED_EDGE('',*,*,#12052,.T.);
#12052 = EDGE_CURVE('',#12053,#12055,#12057,.T.);
#12053 = VERTEX_POINT('',#12054);
#12054 = CARTESIAN_POINT('',(-0.32,-40.96,0.));
#12055 = VERTEX_POINT('',#12056);
#12056 = CARTESIAN_POINT('',(-0.32,-40.96,-2.64));
#12057 = SURFACE_CURVE('',#12058,(#12062,#12074),.PCURVE_S1.);
#12058 = LINE('',#12059,#12060);
#12059 = CARTESIAN_POINT('',(-0.32,-40.96,0.));
#12060 = VECTOR('',#12061,1.);
#12061 = DIRECTION('',(-0.,-0.,-1.));
#12062 = PCURVE('',#12063,#12068);
#12063 = PLANE('',#12064);
#12064 = AXIS2_PLACEMENT_3D('',#12065,#12066,#12067);
#12065 = CARTESIAN_POINT('',(-0.32,-40.96,0.));
#12066 = DIRECTION('',(0.,-1.,0.));
#12067 = DIRECTION('',(1.,0.,0.));
#12068 = DEFINITIONAL_REPRESENTATION('',(#12069),#12073);
#12069 = LINE('',#12070,#12071);
#12070 = CARTESIAN_POINT('',(0.,0.));
#12071 = VECTOR('',#12072,1.);
#12072 = DIRECTION('',(0.,-1.));
#12073 = ( GEOMETRIC_REPRESENTATION_CONTEXT(2) 
PARAMETRIC_REPRESENTATION_CONTEXT() REPRESENTATION_CONTEXT('2D SPACE',''
  ) );
#12074 = PCURVE('',#12075,#12080);
#12075 = PLANE('',#12076);
#12076 = AXIS2_PLACEMENT_3D('',#12077,#12078,#12079);
#12077 = CARTESIAN_POINT('',(-0.32,-40.32,0.));
#12078 = DIRECTION('',(-1.,0.,0.));
#12079 = DIRECTION('',(0.,-1.,0.));
#12080 = DEFINITIONAL_REPRESENTATION('',(#12081),#12085);
#12081 = LINE('',#12082,#12083);
#12082 = CARTESIAN_POINT('',(0.64,0.));
#12083 = VECTOR('',#12084,1.);
#12084 = DIRECTION('',(0.,-1.));
#12085 = ( GEOMETRIC_REPRESENTATION_CONTEXT(2) 
PARAMETRIC_REPRESENTATION_CONTEXT() REPRESENTATION_CONTEXT('2D SPACE',''
  ) );
#12086 = ORIENTED_EDGE('',*,*,#12087,.T.);
#12087 = EDGE_CURVE('',#12055,#12088,#12090,.T.);
#12088 = VERTEX_POINT('',#12089);
#12089 = CARTESIAN_POINT('',(0.32,-40.96,-2.64));
#12090 = SURFACE_CURVE('',#12091,(#12095,#12102),.PCURVE_S1.);
#12091 = LINE('',#12092,#12093);
#12092 = CARTESIAN_POINT('',(-0.32,-40.96,-2.64));
#12093 = VECTOR('',#12094,1.);
#12094 = DIRECTION('',(1.,0.,0.));
#12095 = PCURVE('',#12063,#12096);
#12096 = DEFINITIONAL_REPRESENTATION('',(#12097),#12101);
#12097 = LINE('',#12098,#12099);
#12098 = CARTESIAN_POINT('',(0.,-2.64));
#12099 = VECTOR('',#12100,1.);
#12100 = DIRECTION('',(1.,0.));
#12101 = ( GEOMETRIC_REPRESENTATION_CONTEXT(2) 
PARAMETRIC_REPRESENTATION_CONTEXT() REPRESENTATION_CONTEXT('2D SPACE',''
  ) );
#12102 = PCURVE('',#12103,#12108);
#12103 = PLANE('',#12104);
#12104 = AXIS2_PLACEMENT_3D('',#12105,#12106,#12107);
#12105 = CARTESIAN_POINT('',(1.084202172486E-17,-40.64,-2.64));
#12106 = DIRECTION('',(0.,0.,1.));
#12107 = DIRECTION('',(1.,0.,-0.));
#12108 = DEFINITIONAL_REPRESENTATION('',(#12109),#12113);
#12109 = LINE('',#12110,#12111);
#12110 = CARTESIAN_POINT('',(-0.32,-0.32));
#12111 = VECTOR('',#12112,1.);
#12112 = DIRECTION('',(1.,0.));
#12113 = ( GEOMETRIC_REPRESENTATION_CONTEXT(2) 
PARAMETRIC_REPRESENTATION_CONTEXT() REPRESENTATION_CONTEXT('2D SPACE',''
  ) );
#12114 = ORIENTED_EDGE('',*,*,#12115,.F.);
#12115 = EDGE_CURVE('',#12116,#12088,#12118,.T.);
#12116 = VERTEX_POINT('',#12117);
#12117 = CARTESIAN_POINT('',(0.32,-40.96,0.));
#12118 = SURFACE_CURVE('',#12119,(#12123,#12130),.PCURVE_S1.);
#12119 = LINE('',#12120,#12121);
#12120 = CARTESIAN_POINT('',(0.32,-40.96,0.));
#12121 = VECTOR('',#12122,1.);
#12122 = DIRECTION('',(-0.,-0.,-1.));
#12123 = PCURVE('',#12063,#12124);
#12124 = DEFINITIONAL_REPRESENTATION('',(#12125),#12129);
#12125 = LINE('',#12126,#12127);
#12126 = CARTESIAN_POINT('',(0.64,0.));
#12127 = VECTOR('',#12128,1.);
#12128 = DIRECTION('',(0.,-1.));
#12129 = ( GEOMETRIC_REPRESENTATION_CONTEXT(2) 
PARAMETRIC_REPRESENTATION_CONTEXT() REPRESENTATION_CONTEXT('2D SPACE',''
  ) );
#12130 = PCURVE('',#12131,#12136);
#12131 = PLANE('',#12132);
#12132 = AXIS2_PLACEMENT_3D('',#12133,#12134,#12135);
#12133 = CARTESIAN_POINT('',(0.32,-40.96,0.));
#12134 = DIRECTION('',(1.,0.,0.));
#12135 = DIRECTION('',(-0.,1.,0.));
#12136 = DEFINITIONAL_REPRESENTATION('',(#12137),#12141);
#12137 = LINE('',#12138,#12139);
#12138 = CARTESIAN_POINT('',(0.,0.));
#12139 = VECTOR('',#12140,1.);
#12140 = DIRECTION('',(0.,-1.));
#12141 = ( GEOMETRIC_REPRESENTATION_CONTEXT(2) 
PARAMETRIC_REPRESENTATION_CONTEXT() REPRESENTATION_CONTEXT('2D SPACE',''
  ) );
#12142 = ORIENTED_EDGE('',*,*,#12143,.F.);
#12143 = EDGE_CURVE('',#12053,#12116,#12144,.T.);
#12144 = SURFACE_CURVE('',#12145,(#12149,#12156),.PCURVE_S1.);
#12145 = LINE('',#12146,#12147);
#12146 = CARTESIAN_POINT('',(-0.32,-40.96,0.));
#12147 = VECTOR('',#12148,1.);
#12148 = DIRECTION('',(1.,0.,0.));
#12149 = PCURVE('',#12063,#12150);
#12150 = DEFINITIONAL_REPRESENTATION('',(#12151),#12155);
#12151 = LINE('',#12152,#12153);
#12152 = CARTESIAN_POINT('',(0.,0.));
#12153 = VECTOR('',#12154,1.);
#12154 = DIRECTION('',(1.,0.));
#12155 = ( GEOMETRIC_REPRESENTATION_CONTEXT(2) 
PARAMETRIC_REPRESENTATION_CONTEXT() REPRESENTATION_CONTEXT('2D SPACE',''
  ) );
#12156 = PCURVE('',#12157,#12162);
#12157 = PLANE('',#12158);
#12158 = AXIS2_PLACEMENT_3D('',#12159,#12160,#12161);
#12159 = CARTESIAN_POINT('',(1.084202172486E-17,-40.64,0.));
#12160 = DIRECTION('',(0.,0.,1.));
#12161 = DIRECTION('',(1.,0.,-0.));
#12162 = DEFINITIONAL_REPRESENTATION('',(#12163),#12167);
#12163 = LINE('',#12164,#12165);
#12164 = CARTESIAN_POINT('',(-0.32,-0.32));
#12165 = VECTOR('',#12166,1.);
#12166 = DIRECTION('',(1.,0.));
#12167 = ( GEOMETRIC_REPRESENTATION_CONTEXT(2) 
PARAMETRIC_REPRESENTATION_CONTEXT() REPRESENTATION_CONTEXT('2D SPACE',''
  ) );
#12168 = ADVANCED_FACE('',(#12169),#12131,.T.);
#12169 = FACE_BOUND('',#12170,.T.);
#12170 = EDGE_LOOP('',(#12171,#12172,#12195,#12223));
#12171 = ORIENTED_EDGE('',*,*,#12115,.T.);
#12172 = ORIENTED_EDGE('',*,*,#12173,.T.);
#12173 = EDGE_CURVE('',#12088,#12174,#12176,.T.);
#12174 = VERTEX_POINT('',#12175);
#12175 = CARTESIAN_POINT('',(0.32,-40.32,-2.64));
#12176 = SURFACE_CURVE('',#12177,(#12181,#12188),.PCURVE_S1.);
#12177 = LINE('',#12178,#12179);
#12178 = CARTESIAN_POINT('',(0.32,-40.96,-2.64));
#12179 = VECTOR('',#12180,1.);
#12180 = DIRECTION('',(0.,1.,0.));
#12181 = PCURVE('',#12131,#12182);
#12182 = DEFINITIONAL_REPRESENTATION('',(#12183),#12187);
#12183 = LINE('',#12184,#12185);
#12184 = CARTESIAN_POINT('',(0.,-2.64));
#12185 = VECTOR('',#12186,1.);
#12186 = DIRECTION('',(1.,0.));
#12187 = ( GEOMETRIC_REPRESENTATION_CONTEXT(2) 
PARAMETRIC_REPRESENTATION_CONTEXT() REPRESENTATION_CONTEXT('2D SPACE',''
  ) );
#12188 = PCURVE('',#12103,#12189);
#12189 = DEFINITIONAL_REPRESENTATION('',(#12190),#12194);
#12190 = LINE('',#12191,#12192);
#12191 = CARTESIAN_POINT('',(0.32,-0.32));
#12192 = VECTOR('',#12193,1.);
#12193 = DIRECTION('',(0.,1.));
#12194 = ( GEOMETRIC_REPRESENTATION_CONTEXT(2) 
PARAMETRIC_REPRESENTATION_CONTEXT() REPRESENTATION_CONTEXT('2D SPACE',''
  ) );
#12195 = ORIENTED_EDGE('',*,*,#12196,.F.);
#12196 = EDGE_CURVE('',#12197,#12174,#12199,.T.);
#12197 = VERTEX_POINT('',#12198);
#12198 = CARTESIAN_POINT('',(0.32,-40.32,0.));
#12199 = SURFACE_CURVE('',#12200,(#12204,#12211),.PCURVE_S1.);
#12200 = LINE('',#12201,#12202);
#12201 = CARTESIAN_POINT('',(0.32,-40.32,0.));
#12202 = VECTOR('',#12203,1.);
#12203 = DIRECTION('',(-0.,-0.,-1.));
#12204 = PCURVE('',#12131,#12205);
#12205 = DEFINITIONAL_REPRESENTATION('',(#12206),#12210);
#12206 = LINE('',#12207,#12208);
#12207 = CARTESIAN_POINT('',(0.64,0.));
#12208 = VECTOR('',#12209,1.);
#12209 = DIRECTION('',(0.,-1.));
#12210 = ( GEOMETRIC_REPRESENTATION_CONTEXT(2) 
PARAMETRIC_REPRESENTATION_CONTEXT() REPRESENTATION_CONTEXT('2D SPACE',''
  ) );
#12211 = PCURVE('',#12212,#12217);
#12212 = PLANE('',#12213);
#12213 = AXIS2_PLACEMENT_3D('',#12214,#12215,#12216);
#12214 = CARTESIAN_POINT('',(0.32,-40.32,0.));
#12215 = DIRECTION('',(0.,1.,-0.));
#12216 = DIRECTION('',(-1.,0.,0.));
#12217 = DEFINITIONAL_REPRESENTATION('',(#12218),#12222);
#12218 = LINE('',#12219,#12220);
#12219 = CARTESIAN_POINT('',(0.,0.));
#12220 = VECTOR('',#12221,1.);
#12221 = DIRECTION('',(0.,-1.));
#12222 = ( GEOMETRIC_REPRESENTATION_CONTEXT(2) 
PARAMETRIC_REPRESENTATION_CONTEXT() REPRESENTATION_CONTEXT('2D SPACE',''
  ) );
#12223 = ORIENTED_EDGE('',*,*,#12224,.F.);
#12224 = EDGE_CURVE('',#12116,#12197,#12225,.T.);
#12225 = SURFACE_CURVE('',#12226,(#12230,#12237),.PCURVE_S1.);
#12226 = LINE('',#12227,#12228);
#12227 = CARTESIAN_POINT('',(0.32,-40.96,0.));
#12228 = VECTOR('',#12229,1.);
#12229 = DIRECTION('',(0.,1.,0.));
#12230 = PCURVE('',#12131,#12231);
#12231 = DEFINITIONAL_REPRESENTATION('',(#12232),#12236);
#12232 = LINE('',#12233,#12234);
#12233 = CARTESIAN_POINT('',(0.,0.));
#12234 = VECTOR('',#12235,1.);
#12235 = DIRECTION('',(1.,0.));
#12236 = ( GEOMETRIC_REPRESENTATION_CONTEXT(2) 
PARAMETRIC_REPRESENTATION_CONTEXT() REPRESENTATION_CONTEXT('2D SPACE',''
  ) );
#12237 = PCURVE('',#12157,#12238);
#12238 = DEFINITIONAL_REPRESENTATION('',(#12239),#12243);
#12239 = LINE('',#12240,#12241);
#12240 = CARTESIAN_POINT('',(0.32,-0.32));
#12241 = VECTOR('',#12242,1.);
#12242 = DIRECTION('',(0.,1.));
#12243 = ( GEOMETRIC_REPRESENTATION_CONTEXT(2) 
PARAMETRIC_REPRESENTATION_CONTEXT() REPRESENTATION_CONTEXT('2D SPACE',''
  ) );
#12244 = ADVANCED_FACE('',(#12245),#12212,.T.);
#12245 = FACE_BOUND('',#12246,.T.);
#12246 = EDGE_LOOP('',(#12247,#12248,#12271,#12294));
#12247 = ORIENTED_EDGE('',*,*,#12196,.T.);
#12248 = ORIENTED_EDGE('',*,*,#12249,.T.);
#12249 = EDGE_CURVE('',#12174,#12250,#12252,.T.);
#12250 = VERTEX_POINT('',#12251);
#12251 = CARTESIAN_POINT('',(-0.32,-40.32,-2.64));
#12252 = SURFACE_CURVE('',#12253,(#12257,#12264),.PCURVE_S1.);
#12253 = LINE('',#12254,#12255);
#12254 = CARTESIAN_POINT('',(0.32,-40.32,-2.64));
#12255 = VECTOR('',#12256,1.);
#12256 = DIRECTION('',(-1.,0.,0.));
#12257 = PCURVE('',#12212,#12258);
#12258 = DEFINITIONAL_REPRESENTATION('',(#12259),#12263);
#12259 = LINE('',#12260,#12261);
#12260 = CARTESIAN_POINT('',(0.,-2.64));
#12261 = VECTOR('',#12262,1.);
#12262 = DIRECTION('',(1.,0.));
#12263 = ( GEOMETRIC_REPRESENTATION_CONTEXT(2) 
PARAMETRIC_REPRESENTATION_CONTEXT() REPRESENTATION_CONTEXT('2D SPACE',''
  ) );
#12264 = PCURVE('',#12103,#12265);
#12265 = DEFINITIONAL_REPRESENTATION('',(#12266),#12270);
#12266 = LINE('',#12267,#12268);
#12267 = CARTESIAN_POINT('',(0.32,0.32));
#12268 = VECTOR('',#12269,1.);
#12269 = DIRECTION('',(-1.,0.));
#12270 = ( GEOMETRIC_REPRESENTATION_CONTEXT(2) 
PARAMETRIC_REPRESENTATION_CONTEXT() REPRESENTATION_CONTEXT('2D SPACE',''
  ) );
#12271 = ORIENTED_EDGE('',*,*,#12272,.F.);
#12272 = EDGE_CURVE('',#12273,#12250,#12275,.T.);
#12273 = VERTEX_POINT('',#12274);
#12274 = CARTESIAN_POINT('',(-0.32,-40.32,0.));
#12275 = SURFACE_CURVE('',#12276,(#12280,#12287),.PCURVE_S1.);
#12276 = LINE('',#12277,#12278);
#12277 = CARTESIAN_POINT('',(-0.32,-40.32,0.));
#12278 = VECTOR('',#12279,1.);
#12279 = DIRECTION('',(-0.,-0.,-1.));
#12280 = PCURVE('',#12212,#12281);
#12281 = DEFINITIONAL_REPRESENTATION('',(#12282),#12286);
#12282 = LINE('',#12283,#12284);
#12283 = CARTESIAN_POINT('',(0.64,0.));
#12284 = VECTOR('',#12285,1.);
#12285 = DIRECTION('',(0.,-1.));
#12286 = ( GEOMETRIC_REPRESENTATION_CONTEXT(2) 
PARAMETRIC_REPRESENTATION_CONTEXT() REPRESENTATION_CONTEXT('2D SPACE',''
  ) );
#12287 = PCURVE('',#12075,#12288);
#12288 = DEFINITIONAL_REPRESENTATION('',(#12289),#12293);
#12289 = LINE('',#12290,#12291);
#12290 = CARTESIAN_POINT('',(0.,0.));
#12291 = VECTOR('',#12292,1.);
#12292 = DIRECTION('',(0.,-1.));
#12293 = ( GEOMETRIC_REPRESENTATION_CONTEXT(2) 
PARAMETRIC_REPRESENTATION_CONTEXT() REPRESENTATION_CONTEXT('2D SPACE',''
  ) );
#12294 = ORIENTED_EDGE('',*,*,#12295,.F.);
#12295 = EDGE_CURVE('',#12197,#12273,#12296,.T.);
#12296 = SURFACE_CURVE('',#12297,(#12301,#12308),.PCURVE_S1.);
#12297 = LINE('',#12298,#12299);
#12298 = CARTESIAN_POINT('',(0.32,-40.32,0.));
#12299 = VECTOR('',#12300,1.);
#12300 = DIRECTION('',(-1.,0.,0.));
#12301 = PCURVE('',#12212,#12302);
#12302 = DEFINITIONAL_REPRESENTATION('',(#12303),#12307);
#12303 = LINE('',#12304,#12305);
#12304 = CARTESIAN_POINT('',(0.,0.));
#12305 = VECTOR('',#12306,1.);
#12306 = DIRECTION('',(1.,0.));
#12307 = ( GEOMETRIC_REPRESENTATION_CONTEXT(2) 
PARAMETRIC_REPRESENTATION_CONTEXT() REPRESENTATION_CONTEXT('2D SPACE',''
  ) );
#12308 = PCURVE('',#12157,#12309);
#12309 = DEFINITIONAL_REPRESENTATION('',(#12310),#12314);
#12310 = LINE('',#12311,#12312);
#12311 = CARTESIAN_POINT('',(0.32,0.32));
#12312 = VECTOR('',#12313,1.);
#12313 = DIRECTION('',(-1.,0.));
#12314 = ( GEOMETRIC_REPRESENTATION_CONTEXT(2) 
PARAMETRIC_REPRESENTATION_CONTEXT() REPRESENTATION_CONTEXT('2D SPACE',''
  ) );
#12315 = ADVANCED_FACE('',(#12316),#12075,.T.);
#12316 = FACE_BOUND('',#12317,.T.);
#12317 = EDGE_LOOP('',(#12318,#12319,#12340,#12341));
#12318 = ORIENTED_EDGE('',*,*,#12272,.T.);
#12319 = ORIENTED_EDGE('',*,*,#12320,.T.);
#12320 = EDGE_CURVE('',#12250,#12055,#12321,.T.);
#12321 = SURFACE_CURVE('',#12322,(#12326,#12333),.PCURVE_S1.);
#12322 = LINE('',#12323,#12324);
#12323 = CARTESIAN_POINT('',(-0.32,-40.32,-2.64));
#12324 = VECTOR('',#12325,1.);
#12325 = DIRECTION('',(0.,-1.,0.));
#12326 = PCURVE('',#12075,#12327);
#12327 = DEFINITIONAL_REPRESENTATION('',(#12328),#12332);
#12328 = LINE('',#12329,#12330);
#12329 = CARTESIAN_POINT('',(0.,-2.64));
#12330 = VECTOR('',#12331,1.);
#12331 = DIRECTION('',(1.,0.));
#12332 = ( GEOMETRIC_REPRESENTATION_CONTEXT(2) 
PARAMETRIC_REPRESENTATION_CONTEXT() REPRESENTATION_CONTEXT('2D SPACE',''
  ) );
#12333 = PCURVE('',#12103,#12334);
#12334 = DEFINITIONAL_REPRESENTATION('',(#12335),#12339);
#12335 = LINE('',#12336,#12337);
#12336 = CARTESIAN_POINT('',(-0.32,0.32));
#12337 = VECTOR('',#12338,1.);
#12338 = DIRECTION('',(0.,-1.));
#12339 = ( GEOMETRIC_REPRESENTATION_CONTEXT(2) 
PARAMETRIC_REPRESENTATION_CONTEXT() REPRESENTATION_CONTEXT('2D SPACE',''
  ) );
#12340 = ORIENTED_EDGE('',*,*,#12052,.F.);
#12341 = ORIENTED_EDGE('',*,*,#12342,.F.);
#12342 = EDGE_CURVE('',#12273,#12053,#12343,.T.);
#12343 = SURFACE_CURVE('',#12344,(#12348,#12355),.PCURVE_S1.);
#12344 = LINE('',#12345,#12346);
#12345 = CARTESIAN_POINT('',(-0.32,-40.32,0.));
#12346 = VECTOR('',#12347,1.);
#12347 = DIRECTION('',(0.,-1.,0.));
#12348 = PCURVE('',#12075,#12349);
#12349 = DEFINITIONAL_REPRESENTATION('',(#12350),#12354);
#12350 = LINE('',#12351,#12352);
#12351 = CARTESIAN_POINT('',(0.,0.));
#12352 = VECTOR('',#12353,1.);
#12353 = DIRECTION('',(1.,0.));
#12354 = ( GEOMETRIC_REPRESENTATION_CONTEXT(2) 
PARAMETRIC_REPRESENTATION_CONTEXT() REPRESENTATION_CONTEXT('2D SPACE',''
  ) );
#12355 = PCURVE('',#12157,#12356);
#12356 = DEFINITIONAL_REPRESENTATION('',(#12357),#12361);
#12357 = LINE('',#12358,#12359);
#12358 = CARTESIAN_POINT('',(-0.32,0.32));
#12359 = VECTOR('',#12360,1.);
#12360 = DIRECTION('',(0.,-1.));
#12361 = ( GEOMETRIC_REPRESENTATION_CONTEXT(2) 
PARAMETRIC_REPRESENTATION_CONTEXT() REPRESENTATION_CONTEXT('2D SPACE',''
  ) );
#12362 = ADVANCED_FACE('',(#12363),#12157,.T.);
#12363 = FACE_BOUND('',#12364,.T.);
#12364 = EDGE_LOOP('',(#12365,#12366,#12367,#12368));
#12365 = ORIENTED_EDGE('',*,*,#12143,.T.);
#12366 = ORIENTED_EDGE('',*,*,#12224,.T.);
#12367 = ORIENTED_EDGE('',*,*,#12295,.T.);
#12368 = ORIENTED_EDGE('',*,*,#12342,.T.);
#12369 = ADVANCED_FACE('',(#12370),#12103,.F.);
#12370 = FACE_BOUND('',#12371,.F.);
#12371 = EDGE_LOOP('',(#12372,#12373,#12374,#12375));
#12372 = ORIENTED_EDGE('',*,*,#12087,.T.);
#12373 = ORIENTED_EDGE('',*,*,#12173,.T.);
#12374 = ORIENTED_EDGE('',*,*,#12249,.T.);
#12375 = ORIENTED_EDGE('',*,*,#12320,.T.);
#12376 = ( GEOMETRIC_REPRESENTATION_CONTEXT(3) 
GLOBAL_UNCERTAINTY_ASSIGNED_CONTEXT((#12380)) 
GLOBAL_UNIT_ASSIGNED_CONTEXT((#12377,#12378,#12379)) 
REPRESENTATION_CONTEXT('Context #1',
  '3D Context with UNIT and UNCERTAINTY') );
#12377 = ( LENGTH_UNIT() NAMED_UNIT(*) SI_UNIT(.MILLI.,.METRE.) );
#12378 = ( NAMED_UNIT(*) PLANE_ANGLE_UNIT() SI_UNIT($,.RADIAN.) );
#12379 = ( NAMED_UNIT(*) SI_UNIT($,.STERADIAN.) SOLID_ANGLE_UNIT() );
#12380 = UNCERTAINTY_MEASURE_WITH_UNIT(LENGTH_MEASURE(1.E-07),#12377,
  'distance_accuracy_value','confusion accuracy');
#12381 = CONTEXT_DEPENDENT_SHAPE_REPRESENTATION(#12382,#12384);
#12382 = ( REPRESENTATION_RELATIONSHIP('','',#12045,#10) 
REPRESENTATION_RELATIONSHIP_WITH_TRANSFORMATION(#12383) 
SHAPE_REPRESENTATION_RELATIONSHIP() );
#12383 = ITEM_DEFINED_TRANSFORMATION('','',#11,#83);
#12384 = PRODUCT_DEFINITION_SHAPE('Placement','Placement of an item',
  #12385);
#12385 = NEXT_ASSEMBLY_USAGE_OCCURRENCE('18','tail_17','',#5,#12040,$);
#12386 = PRODUCT_RELATED_PRODUCT_CATEGORY('part',$,(#12042));
#12387 = SHAPE_DEFINITION_REPRESENTATION(#12388,#12394);
#12388 = PRODUCT_DEFINITION_SHAPE('','',#12389);
#12389 = PRODUCT_DEFINITION('design','',#12390,#12393);
#12390 = PRODUCT_DEFINITION_FORMATION('','',#12391);
#12391 = PRODUCT('tail_18','tail_18','',(#12392));
#12392 = PRODUCT_CONTEXT('',#2,'mechanical');
#12393 = PRODUCT_DEFINITION_CONTEXT('part definition',#2,'design');
#12394 = ADVANCED_BREP_SHAPE_REPRESENTATION('',(#11,#12395),#12725);
#12395 = MANIFOLD_SOLID_BREP('',#12396);
#12396 = CLOSED_SHELL('',(#12397,#12517,#12593,#12664,#12711,#12718));
#12397 = ADVANCED_FACE('',(#12398),#12412,.T.);
#12398 = FACE_BOUND('',#12399,.T.);
#12399 = EDGE_LOOP('',(#12400,#12435,#12463,#12491));
#12400 = ORIENTED_EDGE('',*,*,#12401,.T.);
#12401 = EDGE_CURVE('',#12402,#12404,#12406,.T.);
#12402 = VERTEX_POINT('',#12403);
#12403 = CARTESIAN_POINT('',(-0.32,-43.5,0.));
#12404 = VERTEX_POINT('',#12405);
#12405 = CARTESIAN_POINT('',(-0.32,-43.5,-2.64));
#12406 = SURFACE_CURVE('',#12407,(#12411,#12423),.PCURVE_S1.);
#12407 = LINE('',#12408,#12409);
#12408 = CARTESIAN_POINT('',(-0.32,-43.5,0.));
#12409 = VECTOR('',#12410,1.);
#12410 = DIRECTION('',(-0.,-0.,-1.));
#12411 = PCURVE('',#12412,#12417);
#12412 = PLANE('',#12413);
#12413 = AXIS2_PLACEMENT_3D('',#12414,#12415,#12416);
#12414 = CARTESIAN_POINT('',(-0.32,-43.5,0.));
#12415 = DIRECTION('',(0.,-1.,0.));
#12416 = DIRECTION('',(1.,0.,0.));
#12417 = DEFINITIONAL_REPRESENTATION('',(#12418),#12422);
#12418 = LINE('',#12419,#12420);
#12419 = CARTESIAN_POINT('',(0.,0.));
#12420 = VECTOR('',#12421,1.);
#12421 = DIRECTION('',(0.,-1.));
#12422 = ( GEOMETRIC_REPRESENTATION_CONTEXT(2) 
PARAMETRIC_REPRESENTATION_CONTEXT() REPRESENTATION_CONTEXT('2D SPACE',''
  ) );
#12423 = PCURVE('',#12424,#12429);
#12424 = PLANE('',#12425);
#12425 = AXIS2_PLACEMENT_3D('',#12426,#12427,#12428);
#12426 = CARTESIAN_POINT('',(-0.32,-42.86,0.));
#12427 = DIRECTION('',(-1.,0.,0.));
#12428 = DIRECTION('',(0.,-1.,0.));
#12429 = DEFINITIONAL_REPRESENTATION('',(#12430),#12434);
#12430 = LINE('',#12431,#12432);
#12431 = CARTESIAN_POINT('',(0.64,0.));
#12432 = VECTOR('',#12433,1.);
#12433 = DIRECTION('',(0.,-1.));
#12434 = ( GEOMETRIC_REPRESENTATION_CONTEXT(2) 
PARAMETRIC_REPRESENTATION_CONTEXT() REPRESENTATION_CONTEXT('2D SPACE',''
  ) );
#12435 = ORIENTED_EDGE('',*,*,#12436,.T.);
#12436 = EDGE_CURVE('',#12404,#12437,#12439,.T.);
#12437 = VERTEX_POINT('',#12438);
#12438 = CARTESIAN_POINT('',(0.32,-43.5,-2.64));
#12439 = SURFACE_CURVE('',#12440,(#12444,#12451),.PCURVE_S1.);
#12440 = LINE('',#12441,#12442);
#12441 = CARTESIAN_POINT('',(-0.32,-43.5,-2.64));
#12442 = VECTOR('',#12443,1.);
#12443 = DIRECTION('',(1.,0.,0.));
#12444 = PCURVE('',#12412,#12445);
#12445 = DEFINITIONAL_REPRESENTATION('',(#12446),#12450);
#12446 = LINE('',#12447,#12448);
#12447 = CARTESIAN_POINT('',(0.,-2.64));
#12448 = VECTOR('',#12449,1.);
#12449 = DIRECTION('',(1.,0.));
#12450 = ( GEOMETRIC_REPRESENTATION_CONTEXT(2) 
PARAMETRIC_REPRESENTATION_CONTEXT() REPRESENTATION_CONTEXT('2D SPACE',''
  ) );
#12451 = PCURVE('',#12452,#12457);
#12452 = PLANE('',#12453);
#12453 = AXIS2_PLACEMENT_3D('',#12454,#12455,#12456);
#12454 = CARTESIAN_POINT('',(1.084202172486E-17,-43.18,-2.64));
#12455 = DIRECTION('',(0.,0.,1.));
#12456 = DIRECTION('',(1.,0.,-0.));
#12457 = DEFINITIONAL_REPRESENTATION('',(#12458),#12462);
#12458 = LINE('',#12459,#12460);
#12459 = CARTESIAN_POINT('',(-0.32,-0.32));
#12460 = VECTOR('',#12461,1.);
#12461 = DIRECTION('',(1.,0.));
#12462 = ( GEOMETRIC_REPRESENTATION_CONTEXT(2) 
PARAMETRIC_REPRESENTATION_CONTEXT() REPRESENTATION_CONTEXT('2D SPACE',''
  ) );
#12463 = ORIENTED_EDGE('',*,*,#12464,.F.);
#12464 = EDGE_CURVE('',#12465,#12437,#12467,.T.);
#12465 = VERTEX_POINT('',#12466);
#12466 = CARTESIAN_POINT('',(0.32,-43.5,0.));
#12467 = SURFACE_CURVE('',#12468,(#12472,#12479),.PCURVE_S1.);
#12468 = LINE('',#12469,#12470);
#12469 = CARTESIAN_POINT('',(0.32,-43.5,0.));
#12470 = VECTOR('',#12471,1.);
#12471 = DIRECTION('',(-0.,-0.,-1.));
#12472 = PCURVE('',#12412,#12473);
#12473 = DEFINITIONAL_REPRESENTATION('',(#12474),#12478);
#12474 = LINE('',#12475,#12476);
#12475 = CARTESIAN_POINT('',(0.64,0.));
#12476 = VECTOR('',#12477,1.);
#12477 = DIRECTION('',(0.,-1.));
#12478 = ( GEOMETRIC_REPRESENTATION_CONTEXT(2) 
PARAMETRIC_REPRESENTATION_CONTEXT() REPRESENTATION_CONTEXT('2D SPACE',''
  ) );
#12479 = PCURVE('',#12480,#12485);
#12480 = PLANE('',#12481);
#12481 = AXIS2_PLACEMENT_3D('',#12482,#12483,#12484);
#12482 = CARTESIAN_POINT('',(0.32,-43.5,0.));
#12483 = DIRECTION('',(1.,0.,0.));
#12484 = DIRECTION('',(-0.,1.,0.));
#12485 = DEFINITIONAL_REPRESENTATION('',(#12486),#12490);
#12486 = LINE('',#12487,#12488);
#12487 = CARTESIAN_POINT('',(0.,0.));
#12488 = VECTOR('',#12489,1.);
#12489 = DIRECTION('',(0.,-1.));
#12490 = ( GEOMETRIC_REPRESENTATION_CONTEXT(2) 
PARAMETRIC_REPRESENTATION_CONTEXT() REPRESENTATION_CONTEXT('2D SPACE',''
  ) );
#12491 = ORIENTED_EDGE('',*,*,#12492,.F.);
#12492 = EDGE_CURVE('',#12402,#12465,#12493,.T.);
#12493 = SURFACE_CURVE('',#12494,(#12498,#12505),.PCURVE_S1.);
#12494 = LINE('',#12495,#12496);
#12495 = CARTESIAN_POINT('',(-0.32,-43.5,0.));
#12496 = VECTOR('',#12497,1.);
#12497 = DIRECTION('',(1.,0.,0.));
#12498 = PCURVE('',#12412,#12499);
#12499 = DEFINITIONAL_REPRESENTATION('',(#12500),#12504);
#12500 = LINE('',#12501,#12502);
#12501 = CARTESIAN_POINT('',(0.,0.));
#12502 = VECTOR('',#12503,1.);
#12503 = DIRECTION('',(1.,0.));
#12504 = ( GEOMETRIC_REPRESENTATION_CONTEXT(2) 
PARAMETRIC_REPRESENTATION_CONTEXT() REPRESENTATION_CONTEXT('2D SPACE',''
  ) );
#12505 = PCURVE('',#12506,#12511);
#12506 = PLANE('',#12507);
#12507 = AXIS2_PLACEMENT_3D('',#12508,#12509,#12510);
#12508 = CARTESIAN_POINT('',(1.084202172486E-17,-43.18,0.));
#12509 = DIRECTION('',(0.,0.,1.));
#12510 = DIRECTION('',(1.,0.,-0.));
#12511 = DEFINITIONAL_REPRESENTATION('',(#12512),#12516);
#12512 = LINE('',#12513,#12514);
#12513 = CARTESIAN_POINT('',(-0.32,-0.32));
#12514 = VECTOR('',#12515,1.);
#12515 = DIRECTION('',(1.,0.));
#12516 = ( GEOMETRIC_REPRESENTATION_CONTEXT(2) 
PARAMETRIC_REPRESENTATION_CONTEXT() REPRESENTATION_CONTEXT('2D SPACE',''
  ) );
#12517 = ADVANCED_FACE('',(#12518),#12480,.T.);
#12518 = FACE_BOUND('',#12519,.T.);
#12519 = EDGE_LOOP('',(#12520,#12521,#12544,#12572));
#12520 = ORIENTED_EDGE('',*,*,#12464,.T.);
#12521 = ORIENTED_EDGE('',*,*,#12522,.T.);
#12522 = EDGE_CURVE('',#12437,#12523,#12525,.T.);
#12523 = VERTEX_POINT('',#12524);
#12524 = CARTESIAN_POINT('',(0.32,-42.86,-2.64));
#12525 = SURFACE_CURVE('',#12526,(#12530,#12537),.PCURVE_S1.);
#12526 = LINE('',#12527,#12528);
#12527 = CARTESIAN_POINT('',(0.32,-43.5,-2.64));
#12528 = VECTOR('',#12529,1.);
#12529 = DIRECTION('',(0.,1.,0.));
#12530 = PCURVE('',#12480,#12531);
#12531 = DEFINITIONAL_REPRESENTATION('',(#12532),#12536);
#12532 = LINE('',#12533,#12534);
#12533 = CARTESIAN_POINT('',(0.,-2.64));
#12534 = VECTOR('',#12535,1.);
#12535 = DIRECTION('',(1.,0.));
#12536 = ( GEOMETRIC_REPRESENTATION_CONTEXT(2) 
PARAMETRIC_REPRESENTATION_CONTEXT() REPRESENTATION_CONTEXT('2D SPACE',''
  ) );
#12537 = PCURVE('',#12452,#12538);
#12538 = DEFINITIONAL_REPRESENTATION('',(#12539),#12543);
#12539 = LINE('',#12540,#12541);
#12540 = CARTESIAN_POINT('',(0.32,-0.32));
#12541 = VECTOR('',#12542,1.);
#12542 = DIRECTION('',(0.,1.));
#12543 = ( GEOMETRIC_REPRESENTATION_CONTEXT(2) 
PARAMETRIC_REPRESENTATION_CONTEXT() REPRESENTATION_CONTEXT('2D SPACE',''
  ) );
#12544 = ORIENTED_EDGE('',*,*,#12545,.F.);
#12545 = EDGE_CURVE('',#12546,#12523,#12548,.T.);
#12546 = VERTEX_POINT('',#12547);
#12547 = CARTESIAN_POINT('',(0.32,-42.86,0.));
#12548 = SURFACE_CURVE('',#12549,(#12553,#12560),.PCURVE_S1.);
#12549 = LINE('',#12550,#12551);
#12550 = CARTESIAN_POINT('',(0.32,-42.86,0.));
#12551 = VECTOR('',#12552,1.);
#12552 = DIRECTION('',(-0.,-0.,-1.));
#12553 = PCURVE('',#12480,#12554);
#12554 = DEFINITIONAL_REPRESENTATION('',(#12555),#12559);
#12555 = LINE('',#12556,#12557);
#12556 = CARTESIAN_POINT('',(0.64,0.));
#12557 = VECTOR('',#12558,1.);
#12558 = DIRECTION('',(0.,-1.));
#12559 = ( GEOMETRIC_REPRESENTATION_CONTEXT(2) 
PARAMETRIC_REPRESENTATION_CONTEXT() REPRESENTATION_CONTEXT('2D SPACE',''
  ) );
#12560 = PCURVE('',#12561,#12566);
#12561 = PLANE('',#12562);
#12562 = AXIS2_PLACEMENT_3D('',#12563,#12564,#12565);
#12563 = CARTESIAN_POINT('',(0.32,-42.86,0.));
#12564 = DIRECTION('',(0.,1.,-0.));
#12565 = DIRECTION('',(-1.,0.,0.));
#12566 = DEFINITIONAL_REPRESENTATION('',(#12567),#12571);
#12567 = LINE('',#12568,#12569);
#12568 = CARTESIAN_POINT('',(0.,0.));
#12569 = VECTOR('',#12570,1.);
#12570 = DIRECTION('',(0.,-1.));
#12571 = ( GEOMETRIC_REPRESENTATION_CONTEXT(2) 
PARAMETRIC_REPRESENTATION_CONTEXT() REPRESENTATION_CONTEXT('2D SPACE',''
  ) );
#12572 = ORIENTED_EDGE('',*,*,#12573,.F.);
#12573 = EDGE_CURVE('',#12465,#12546,#12574,.T.);
#12574 = SURFACE_CURVE('',#12575,(#12579,#12586),.PCURVE_S1.);
#12575 = LINE('',#12576,#12577);
#12576 = CARTESIAN_POINT('',(0.32,-43.5,0.));
#12577 = VECTOR('',#12578,1.);
#12578 = DIRECTION('',(0.,1.,0.));
#12579 = PCURVE('',#12480,#12580);
#12580 = DEFINITIONAL_REPRESENTATION('',(#12581),#12585);
#12581 = LINE('',#12582,#12583);
#12582 = CARTESIAN_POINT('',(0.,0.));
#12583 = VECTOR('',#12584,1.);
#12584 = DIRECTION('',(1.,0.));
#12585 = ( GEOMETRIC_REPRESENTATION_CONTEXT(2) 
PARAMETRIC_REPRESENTATION_CONTEXT() REPRESENTATION_CONTEXT('2D SPACE',''
  ) );
#12586 = PCURVE('',#12506,#12587);
#12587 = DEFINITIONAL_REPRESENTATION('',(#12588),#12592);
#12588 = LINE('',#12589,#12590);
#12589 = CARTESIAN_POINT('',(0.32,-0.32));
#12590 = VECTOR('',#12591,1.);
#12591 = DIRECTION('',(0.,1.));
#12592 = ( GEOMETRIC_REPRESENTATION_CONTEXT(2) 
PARAMETRIC_REPRESENTATION_CONTEXT() REPRESENTATION_CONTEXT('2D SPACE',''
  ) );
#12593 = ADVANCED_FACE('',(#12594),#12561,.T.);
#12594 = FACE_BOUND('',#12595,.T.);
#12595 = EDGE_LOOP('',(#12596,#12597,#12620,#12643));
#12596 = ORIENTED_EDGE('',*,*,#12545,.T.);
#12597 = ORIENTED_EDGE('',*,*,#12598,.T.);
#12598 = EDGE_CURVE('',#12523,#12599,#12601,.T.);
#12599 = VERTEX_POINT('',#12600);
#12600 = CARTESIAN_POINT('',(-0.32,-42.86,-2.64));
#12601 = SURFACE_CURVE('',#12602,(#12606,#12613),.PCURVE_S1.);
#12602 = LINE('',#12603,#12604);
#12603 = CARTESIAN_POINT('',(0.32,-42.86,-2.64));
#12604 = VECTOR('',#12605,1.);
#12605 = DIRECTION('',(-1.,0.,0.));
#12606 = PCURVE('',#12561,#12607);
#12607 = DEFINITIONAL_REPRESENTATION('',(#12608),#12612);
#12608 = LINE('',#12609,#12610);
#12609 = CARTESIAN_POINT('',(0.,-2.64));
#12610 = VECTOR('',#12611,1.);
#12611 = DIRECTION('',(1.,0.));
#12612 = ( GEOMETRIC_REPRESENTATION_CONTEXT(2) 
PARAMETRIC_REPRESENTATION_CONTEXT() REPRESENTATION_CONTEXT('2D SPACE',''
  ) );
#12613 = PCURVE('',#12452,#12614);
#12614 = DEFINITIONAL_REPRESENTATION('',(#12615),#12619);
#12615 = LINE('',#12616,#12617);
#12616 = CARTESIAN_POINT('',(0.32,0.32));
#12617 = VECTOR('',#12618,1.);
#12618 = DIRECTION('',(-1.,0.));
#12619 = ( GEOMETRIC_REPRESENTATION_CONTEXT(2) 
PARAMETRIC_REPRESENTATION_CONTEXT() REPRESENTATION_CONTEXT('2D SPACE',''
  ) );
#12620 = ORIENTED_EDGE('',*,*,#12621,.F.);
#12621 = EDGE_CURVE('',#12622,#12599,#12624,.T.);
#12622 = VERTEX_POINT('',#12623);
#12623 = CARTESIAN_POINT('',(-0.32,-42.86,0.));
#12624 = SURFACE_CURVE('',#12625,(#12629,#12636),.PCURVE_S1.);
#12625 = LINE('',#12626,#12627);
#12626 = CARTESIAN_POINT('',(-0.32,-42.86,0.));
#12627 = VECTOR('',#12628,1.);
#12628 = DIRECTION('',(-0.,-0.,-1.));
#12629 = PCURVE('',#12561,#12630);
#12630 = DEFINITIONAL_REPRESENTATION('',(#12631),#12635);
#12631 = LINE('',#12632,#12633);
#12632 = CARTESIAN_POINT('',(0.64,0.));
#12633 = VECTOR('',#12634,1.);
#12634 = DIRECTION('',(0.,-1.));
#12635 = ( GEOMETRIC_REPRESENTATION_CONTEXT(2) 
PARAMETRIC_REPRESENTATION_CONTEXT() REPRESENTATION_CONTEXT('2D SPACE',''
  ) );
#12636 = PCURVE('',#12424,#12637);
#12637 = DEFINITIONAL_REPRESENTATION('',(#12638),#12642);
#12638 = LINE('',#12639,#12640);
#12639 = CARTESIAN_POINT('',(0.,0.));
#12640 = VECTOR('',#12641,1.);
#12641 = DIRECTION('',(0.,-1.));
#12642 = ( GEOMETRIC_REPRESENTATION_CONTEXT(2) 
PARAMETRIC_REPRESENTATION_CONTEXT() REPRESENTATION_CONTEXT('2D SPACE',''
  ) );
#12643 = ORIENTED_EDGE('',*,*,#12644,.F.);
#12644 = EDGE_CURVE('',#12546,#12622,#12645,.T.);
#12645 = SURFACE_CURVE('',#12646,(#12650,#12657),.PCURVE_S1.);
#12646 = LINE('',#12647,#12648);
#12647 = CARTESIAN_POINT('',(0.32,-42.86,0.));
#12648 = VECTOR('',#12649,1.);
#12649 = DIRECTION('',(-1.,0.,0.));
#12650 = PCURVE('',#12561,#12651);
#12651 = DEFINITIONAL_REPRESENTATION('',(#12652),#12656);
#12652 = LINE('',#12653,#12654);
#12653 = CARTESIAN_POINT('',(0.,0.));
#12654 = VECTOR('',#12655,1.);
#12655 = DIRECTION('',(1.,0.));
#12656 = ( GEOMETRIC_REPRESENTATION_CONTEXT(2) 
PARAMETRIC_REPRESENTATION_CONTEXT() REPRESENTATION_CONTEXT('2D SPACE',''
  ) );
#12657 = PCURVE('',#12506,#12658);
#12658 = DEFINITIONAL_REPRESENTATION('',(#12659),#12663);
#12659 = LINE('',#12660,#12661);
#12660 = CARTESIAN_POINT('',(0.32,0.32));
#12661 = VECTOR('',#12662,1.);
#12662 = DIRECTION('',(-1.,0.));
#12663 = ( GEOMETRIC_REPRESENTATION_CONTEXT(2) 
PARAMETRIC_REPRESENTATION_CONTEXT() REPRESENTATION_CONTEXT('2D SPACE',''
  ) );
#12664 = ADVANCED_FACE('',(#12665),#12424,.T.);
#12665 = FACE_BOUND('',#12666,.T.);
#12666 = EDGE_LOOP('',(#12667,#12668,#12689,#12690));
#12667 = ORIENTED_EDGE('',*,*,#12621,.T.);
#12668 = ORIENTED_EDGE('',*,*,#12669,.T.);
#12669 = EDGE_CURVE('',#12599,#12404,#12670,.T.);
#12670 = SURFACE_CURVE('',#12671,(#12675,#12682),.PCURVE_S1.);
#12671 = LINE('',#12672,#12673);
#12672 = CARTESIAN_POINT('',(-0.32,-42.86,-2.64));
#12673 = VECTOR('',#12674,1.);
#12674 = DIRECTION('',(0.,-1.,0.));
#12675 = PCURVE('',#12424,#12676);
#12676 = DEFINITIONAL_REPRESENTATION('',(#12677),#12681);
#12677 = LINE('',#12678,#12679);
#12678 = CARTESIAN_POINT('',(0.,-2.64));
#12679 = VECTOR('',#12680,1.);
#12680 = DIRECTION('',(1.,0.));
#12681 = ( GEOMETRIC_REPRESENTATION_CONTEXT(2) 
PARAMETRIC_REPRESENTATION_CONTEXT() REPRESENTATION_CONTEXT('2D SPACE',''
  ) );
#12682 = PCURVE('',#12452,#12683);
#12683 = DEFINITIONAL_REPRESENTATION('',(#12684),#12688);
#12684 = LINE('',#12685,#12686);
#12685 = CARTESIAN_POINT('',(-0.32,0.32));
#12686 = VECTOR('',#12687,1.);
#12687 = DIRECTION('',(0.,-1.));
#12688 = ( GEOMETRIC_REPRESENTATION_CONTEXT(2) 
PARAMETRIC_REPRESENTATION_CONTEXT() REPRESENTATION_CONTEXT('2D SPACE',''
  ) );
#12689 = ORIENTED_EDGE('',*,*,#12401,.F.);
#12690 = ORIENTED_EDGE('',*,*,#12691,.F.);
#12691 = EDGE_CURVE('',#12622,#12402,#12692,.T.);
#12692 = SURFACE_CURVE('',#12693,(#12697,#12704),.PCURVE_S1.);
#12693 = LINE('',#12694,#12695);
#12694 = CARTESIAN_POINT('',(-0.32,-42.86,0.));
#12695 = VECTOR('',#12696,1.);
#12696 = DIRECTION('',(0.,-1.,0.));
#12697 = PCURVE('',#12424,#12698);
#12698 = DEFINITIONAL_REPRESENTATION('',(#12699),#12703);
#12699 = LINE('',#12700,#12701);
#12700 = CARTESIAN_POINT('',(0.,0.));
#12701 = VECTOR('',#12702,1.);
#12702 = DIRECTION('',(1.,0.));
#12703 = ( GEOMETRIC_REPRESENTATION_CONTEXT(2) 
PARAMETRIC_REPRESENTATION_CONTEXT() REPRESENTATION_CONTEXT('2D SPACE',''
  ) );
#12704 = PCURVE('',#12506,#12705);
#12705 = DEFINITIONAL_REPRESENTATION('',(#12706),#12710);
#12706 = LINE('',#12707,#12708);
#12707 = CARTESIAN_POINT('',(-0.32,0.32));
#12708 = VECTOR('',#12709,1.);
#12709 = DIRECTION('',(0.,-1.));
#12710 = ( GEOMETRIC_REPRESENTATION_CONTEXT(2) 
PARAMETRIC_REPRESENTATION_CONTEXT() REPRESENTATION_CONTEXT('2D SPACE',''
  ) );
#12711 = ADVANCED_FACE('',(#12712),#12506,.T.);
#12712 = FACE_BOUND('',#12713,.T.);
#12713 = EDGE_LOOP('',(#12714,#12715,#12716,#12717));
#12714 = ORIENTED_EDGE('',*,*,#12492,.T.);
#12715 = ORIENTED_EDGE('',*,*,#12573,.T.);
#12716 = ORIENTED_EDGE('',*,*,#12644,.T.);
#12717 = ORIENTED_EDGE('',*,*,#12691,.T.);
#12718 = ADVANCED_FACE('',(#12719),#12452,.F.);
#12719 = FACE_BOUND('',#12720,.F.);
#12720 = EDGE_LOOP('',(#12721,#12722,#12723,#12724));
#12721 = ORIENTED_EDGE('',*,*,#12436,.T.);
#12722 = ORIENTED_EDGE('',*,*,#12522,.T.);
#12723 = ORIENTED_EDGE('',*,*,#12598,.T.);
#12724 = ORIENTED_EDGE('',*,*,#12669,.T.);
#12725 = ( GEOMETRIC_REPRESENTATION_CONTEXT(3) 
GLOBAL_UNCERTAINTY_ASSIGNED_CONTEXT((#12729)) 
GLOBAL_UNIT_ASSIGNED_CONTEXT((#12726,#12727,#12728)) 
REPRESENTATION_CONTEXT('Context #1',
  '3D Context with UNIT and UNCERTAINTY') );
#12726 = ( LENGTH_UNIT() NAMED_UNIT(*) SI_UNIT(.MILLI.,.METRE.) );
#12727 = ( NAMED_UNIT(*) PLANE_ANGLE_UNIT() SI_UNIT($,.RADIAN.) );
#12728 = ( NAMED_UNIT(*) SI_UNIT($,.STERADIAN.) SOLID_ANGLE_UNIT() );
#12729 = UNCERTAINTY_MEASURE_WITH_UNIT(LENGTH_MEASURE(1.E-07),#12726,
  'distance_accuracy_value','confusion accuracy');
#12730 = CONTEXT_DEPENDENT_SHAPE_REPRESENTATION(#12731,#12733);
#12731 = ( REPRESENTATION_RELATIONSHIP('','',#12394,#10) 
REPRESENTATION_RELATIONSHIP_WITH_TRANSFORMATION(#12732) 
SHAPE_REPRESENTATION_RELATIONSHIP() );
#12732 = ITEM_DEFINED_TRANSFORMATION('','',#11,#87);
#12733 = PRODUCT_DEFINITION_SHAPE('Placement','Placement of an item',
  #12734);
#12734 = NEXT_ASSEMBLY_USAGE_OCCURRENCE('19','tail_18','',#5,#12389,$);
#12735 = PRODUCT_RELATED_PRODUCT_CATEGORY('part',$,(#12391));
#12736 = SHAPE_DEFINITION_REPRESENTATION(#12737,#12743);
#12737 = PRODUCT_DEFINITION_SHAPE('','',#12738);
#12738 = PRODUCT_DEFINITION('design','',#12739,#12742);
#12739 = PRODUCT_DEFINITION_FORMATION('','',#12740);
#12740 = PRODUCT('tail_19','tail_19','',(#12741));
#12741 = PRODUCT_CONTEXT('',#2,'mechanical');
#12742 = PRODUCT_DEFINITION_CONTEXT('part definition',#2,'design');
#12743 = ADVANCED_BREP_SHAPE_REPRESENTATION('',(#11,#12744),#13074);
#12744 = MANIFOLD_SOLID_BREP('',#12745);
#12745 = CLOSED_SHELL('',(#12746,#12866,#12942,#13013,#13060,#13067));
#12746 = ADVANCED_FACE('',(#12747),#12761,.T.);
#12747 = FACE_BOUND('',#12748,.T.);
#12748 = EDGE_LOOP('',(#12749,#12784,#12812,#12840));
#12749 = ORIENTED_EDGE('',*,*,#12750,.T.);
#12750 = EDGE_CURVE('',#12751,#12753,#12755,.T.);
#12751 = VERTEX_POINT('',#12752);
#12752 = CARTESIAN_POINT('',(-0.32,-46.04,0.));
#12753 = VERTEX_POINT('',#12754);
#12754 = CARTESIAN_POINT('',(-0.32,-46.04,-2.64));
#12755 = SURFACE_CURVE('',#12756,(#12760,#12772),.PCURVE_S1.);
#12756 = LINE('',#12757,#12758);
#12757 = CARTESIAN_POINT('',(-0.32,-46.04,0.));
#12758 = VECTOR('',#12759,1.);
#12759 = DIRECTION('',(-0.,-0.,-1.));
#12760 = PCURVE('',#12761,#12766);
#12761 = PLANE('',#12762);
#12762 = AXIS2_PLACEMENT_3D('',#12763,#12764,#12765);
#12763 = CARTESIAN_POINT('',(-0.32,-46.04,0.));
#12764 = DIRECTION('',(0.,-1.,0.));
#12765 = DIRECTION('',(1.,0.,0.));
#12766 = DEFINITIONAL_REPRESENTATION('',(#12767),#12771);
#12767 = LINE('',#12768,#12769);
#12768 = CARTESIAN_POINT('',(0.,0.));
#12769 = VECTOR('',#12770,1.);
#12770 = DIRECTION('',(0.,-1.));
#12771 = ( GEOMETRIC_REPRESENTATION_CONTEXT(2) 
PARAMETRIC_REPRESENTATION_CONTEXT() REPRESENTATION_CONTEXT('2D SPACE',''
  ) );
#12772 = PCURVE('',#12773,#12778);
#12773 = PLANE('',#12774);
#12774 = AXIS2_PLACEMENT_3D('',#12775,#12776,#12777);
#12775 = CARTESIAN_POINT('',(-0.32,-45.4,0.));
#12776 = DIRECTION('',(-1.,0.,0.));
#12777 = DIRECTION('',(0.,-1.,0.));
#12778 = DEFINITIONAL_REPRESENTATION('',(#12779),#12783);
#12779 = LINE('',#12780,#12781);
#12780 = CARTESIAN_POINT('',(0.64,0.));
#12781 = VECTOR('',#12782,1.);
#12782 = DIRECTION('',(0.,-1.));
#12783 = ( GEOMETRIC_REPRESENTATION_CONTEXT(2) 
PARAMETRIC_REPRESENTATION_CONTEXT() REPRESENTATION_CONTEXT('2D SPACE',''
  ) );
#12784 = ORIENTED_EDGE('',*,*,#12785,.T.);
#12785 = EDGE_CURVE('',#12753,#12786,#12788,.T.);
#12786 = VERTEX_POINT('',#12787);
#12787 = CARTESIAN_POINT('',(0.32,-46.04,-2.64));
#12788 = SURFACE_CURVE('',#12789,(#12793,#12800),.PCURVE_S1.);
#12789 = LINE('',#12790,#12791);
#12790 = CARTESIAN_POINT('',(-0.32,-46.04,-2.64));
#12791 = VECTOR('',#12792,1.);
#12792 = DIRECTION('',(1.,0.,0.));
#12793 = PCURVE('',#12761,#12794);
#12794 = DEFINITIONAL_REPRESENTATION('',(#12795),#12799);
#12795 = LINE('',#12796,#12797);
#12796 = CARTESIAN_POINT('',(0.,-2.64));
#12797 = VECTOR('',#12798,1.);
#12798 = DIRECTION('',(1.,0.));
#12799 = ( GEOMETRIC_REPRESENTATION_CONTEXT(2) 
PARAMETRIC_REPRESENTATION_CONTEXT() REPRESENTATION_CONTEXT('2D SPACE',''
  ) );
#12800 = PCURVE('',#12801,#12806);
#12801 = PLANE('',#12802);
#12802 = AXIS2_PLACEMENT_3D('',#12803,#12804,#12805);
#12803 = CARTESIAN_POINT('',(1.084202172486E-17,-45.72,-2.64));
#12804 = DIRECTION('',(0.,0.,1.));
#12805 = DIRECTION('',(1.,0.,-0.));
#12806 = DEFINITIONAL_REPRESENTATION('',(#12807),#12811);
#12807 = LINE('',#12808,#12809);
#12808 = CARTESIAN_POINT('',(-0.32,-0.32));
#12809 = VECTOR('',#12810,1.);
#12810 = DIRECTION('',(1.,0.));
#12811 = ( GEOMETRIC_REPRESENTATION_CONTEXT(2) 
PARAMETRIC_REPRESENTATION_CONTEXT() REPRESENTATION_CONTEXT('2D SPACE',''
  ) );
#12812 = ORIENTED_EDGE('',*,*,#12813,.F.);
#12813 = EDGE_CURVE('',#12814,#12786,#12816,.T.);
#12814 = VERTEX_POINT('',#12815);
#12815 = CARTESIAN_POINT('',(0.32,-46.04,0.));
#12816 = SURFACE_CURVE('',#12817,(#12821,#12828),.PCURVE_S1.);
#12817 = LINE('',#12818,#12819);
#12818 = CARTESIAN_POINT('',(0.32,-46.04,0.));
#12819 = VECTOR('',#12820,1.);
#12820 = DIRECTION('',(-0.,-0.,-1.));
#12821 = PCURVE('',#12761,#12822);
#12822 = DEFINITIONAL_REPRESENTATION('',(#12823),#12827);
#12823 = LINE('',#12824,#12825);
#12824 = CARTESIAN_POINT('',(0.64,0.));
#12825 = VECTOR('',#12826,1.);
#12826 = DIRECTION('',(0.,-1.));
#12827 = ( GEOMETRIC_REPRESENTATION_CONTEXT(2) 
PARAMETRIC_REPRESENTATION_CONTEXT() REPRESENTATION_CONTEXT('2D SPACE',''
  ) );
#12828 = PCURVE('',#12829,#12834);
#12829 = PLANE('',#12830);
#12830 = AXIS2_PLACEMENT_3D('',#12831,#12832,#12833);
#12831 = CARTESIAN_POINT('',(0.32,-46.04,0.));
#12832 = DIRECTION('',(1.,0.,0.));
#12833 = DIRECTION('',(-0.,1.,0.));
#12834 = DEFINITIONAL_REPRESENTATION('',(#12835),#12839);
#12835 = LINE('',#12836,#12837);
#12836 = CARTESIAN_POINT('',(0.,0.));
#12837 = VECTOR('',#12838,1.);
#12838 = DIRECTION('',(0.,-1.));
#12839 = ( GEOMETRIC_REPRESENTATION_CONTEXT(2) 
PARAMETRIC_REPRESENTATION_CONTEXT() REPRESENTATION_CONTEXT('2D SPACE',''
  ) );
#12840 = ORIENTED_EDGE('',*,*,#12841,.F.);
#12841 = EDGE_CURVE('',#12751,#12814,#12842,.T.);
#12842 = SURFACE_CURVE('',#12843,(#12847,#12854),.PCURVE_S1.);
#12843 = LINE('',#12844,#12845);
#12844 = CARTESIAN_POINT('',(-0.32,-46.04,0.));
#12845 = VECTOR('',#12846,1.);
#12846 = DIRECTION('',(1.,0.,0.));
#12847 = PCURVE('',#12761,#12848);
#12848 = DEFINITIONAL_REPRESENTATION('',(#12849),#12853);
#12849 = LINE('',#12850,#12851);
#12850 = CARTESIAN_POINT('',(0.,0.));
#12851 = VECTOR('',#12852,1.);
#12852 = DIRECTION('',(1.,0.));
#12853 = ( GEOMETRIC_REPRESENTATION_CONTEXT(2) 
PARAMETRIC_REPRESENTATION_CONTEXT() REPRESENTATION_CONTEXT('2D SPACE',''
  ) );
#12854 = PCURVE('',#12855,#12860);
#12855 = PLANE('',#12856);
#12856 = AXIS2_PLACEMENT_3D('',#12857,#12858,#12859);
#12857 = CARTESIAN_POINT('',(1.084202172486E-17,-45.72,0.));
#12858 = DIRECTION('',(0.,0.,1.));
#12859 = DIRECTION('',(1.,0.,-0.));
#12860 = DEFINITIONAL_REPRESENTATION('',(#12861),#12865);
#12861 = LINE('',#12862,#12863);
#12862 = CARTESIAN_POINT('',(-0.32,-0.32));
#12863 = VECTOR('',#12864,1.);
#12864 = DIRECTION('',(1.,0.));
#12865 = ( GEOMETRIC_REPRESENTATION_CONTEXT(2) 
PARAMETRIC_REPRESENTATION_CONTEXT() REPRESENTATION_CONTEXT('2D SPACE',''
  ) );
#12866 = ADVANCED_FACE('',(#12867),#12829,.T.);
#12867 = FACE_BOUND('',#12868,.T.);
#12868 = EDGE_LOOP('',(#12869,#12870,#12893,#12921));
#12869 = ORIENTED_EDGE('',*,*,#12813,.T.);
#12870 = ORIENTED_EDGE('',*,*,#12871,.T.);
#12871 = EDGE_CURVE('',#12786,#12872,#12874,.T.);
#12872 = VERTEX_POINT('',#12873);
#12873 = CARTESIAN_POINT('',(0.32,-45.4,-2.64));
#12874 = SURFACE_CURVE('',#12875,(#12879,#12886),.PCURVE_S1.);
#12875 = LINE('',#12876,#12877);
#12876 = CARTESIAN_POINT('',(0.32,-46.04,-2.64));
#12877 = VECTOR('',#12878,1.);
#12878 = DIRECTION('',(0.,1.,0.));
#12879 = PCURVE('',#12829,#12880);
#12880 = DEFINITIONAL_REPRESENTATION('',(#12881),#12885);
#12881 = LINE('',#12882,#12883);
#12882 = CARTESIAN_POINT('',(0.,-2.64));
#12883 = VECTOR('',#12884,1.);
#12884 = DIRECTION('',(1.,0.));
#12885 = ( GEOMETRIC_REPRESENTATION_CONTEXT(2) 
PARAMETRIC_REPRESENTATION_CONTEXT() REPRESENTATION_CONTEXT('2D SPACE',''
  ) );
#12886 = PCURVE('',#12801,#12887);
#12887 = DEFINITIONAL_REPRESENTATION('',(#12888),#12892);
#12888 = LINE('',#12889,#12890);
#12889 = CARTESIAN_POINT('',(0.32,-0.32));
#12890 = VECTOR('',#12891,1.);
#12891 = DIRECTION('',(0.,1.));
#12892 = ( GEOMETRIC_REPRESENTATION_CONTEXT(2) 
PARAMETRIC_REPRESENTATION_CONTEXT() REPRESENTATION_CONTEXT('2D SPACE',''
  ) );
#12893 = ORIENTED_EDGE('',*,*,#12894,.F.);
#12894 = EDGE_CURVE('',#12895,#12872,#12897,.T.);
#12895 = VERTEX_POINT('',#12896);
#12896 = CARTESIAN_POINT('',(0.32,-45.4,0.));
#12897 = SURFACE_CURVE('',#12898,(#12902,#12909),.PCURVE_S1.);
#12898 = LINE('',#12899,#12900);
#12899 = CARTESIAN_POINT('',(0.32,-45.4,0.));
#12900 = VECTOR('',#12901,1.);
#12901 = DIRECTION('',(-0.,-0.,-1.));
#12902 = PCURVE('',#12829,#12903);
#12903 = DEFINITIONAL_REPRESENTATION('',(#12904),#12908);
#12904 = LINE('',#12905,#12906);
#12905 = CARTESIAN_POINT('',(0.64,0.));
#12906 = VECTOR('',#12907,1.);
#12907 = DIRECTION('',(0.,-1.));
#12908 = ( GEOMETRIC_REPRESENTATION_CONTEXT(2) 
PARAMETRIC_REPRESENTATION_CONTEXT() REPRESENTATION_CONTEXT('2D SPACE',''
  ) );
#12909 = PCURVE('',#12910,#12915);
#12910 = PLANE('',#12911);
#12911 = AXIS2_PLACEMENT_3D('',#12912,#12913,#12914);
#12912 = CARTESIAN_POINT('',(0.32,-45.4,0.));
#12913 = DIRECTION('',(0.,1.,-0.));
#12914 = DIRECTION('',(-1.,0.,0.));
#12915 = DEFINITIONAL_REPRESENTATION('',(#12916),#12920);
#12916 = LINE('',#12917,#12918);
#12917 = CARTESIAN_POINT('',(0.,0.));
#12918 = VECTOR('',#12919,1.);
#12919 = DIRECTION('',(0.,-1.));
#12920 = ( GEOMETRIC_REPRESENTATION_CONTEXT(2) 
PARAMETRIC_REPRESENTATION_CONTEXT() REPRESENTATION_CONTEXT('2D SPACE',''
  ) );
#12921 = ORIENTED_EDGE('',*,*,#12922,.F.);
#12922 = EDGE_CURVE('',#12814,#12895,#12923,.T.);
#12923 = SURFACE_CURVE('',#12924,(#12928,#12935),.PCURVE_S1.);
#12924 = LINE('',#12925,#12926);
#12925 = CARTESIAN_POINT('',(0.32,-46.04,0.));
#12926 = VECTOR('',#12927,1.);
#12927 = DIRECTION('',(0.,1.,0.));
#12928 = PCURVE('',#12829,#12929);
#12929 = DEFINITIONAL_REPRESENTATION('',(#12930),#12934);
#12930 = LINE('',#12931,#12932);
#12931 = CARTESIAN_POINT('',(0.,0.));
#12932 = VECTOR('',#12933,1.);
#12933 = DIRECTION('',(1.,0.));
#12934 = ( GEOMETRIC_REPRESENTATION_CONTEXT(2) 
PARAMETRIC_REPRESENTATION_CONTEXT() REPRESENTATION_CONTEXT('2D SPACE',''
  ) );
#12935 = PCURVE('',#12855,#12936);
#12936 = DEFINITIONAL_REPRESENTATION('',(#12937),#12941);
#12937 = LINE('',#12938,#12939);
#12938 = CARTESIAN_POINT('',(0.32,-0.32));
#12939 = VECTOR('',#12940,1.);
#12940 = DIRECTION('',(0.,1.));
#12941 = ( GEOMETRIC_REPRESENTATION_CONTEXT(2) 
PARAMETRIC_REPRESENTATION_CONTEXT() REPRESENTATION_CONTEXT('2D SPACE',''
  ) );
#12942 = ADVANCED_FACE('',(#12943),#12910,.T.);
#12943 = FACE_BOUND('',#12944,.T.);
#12944 = EDGE_LOOP('',(#12945,#12946,#12969,#12992));
#12945 = ORIENTED_EDGE('',*,*,#12894,.T.);
#12946 = ORIENTED_EDGE('',*,*,#12947,.T.);
#12947 = EDGE_CURVE('',#12872,#12948,#12950,.T.);
#12948 = VERTEX_POINT('',#12949);
#12949 = CARTESIAN_POINT('',(-0.32,-45.4,-2.64));
#12950 = SURFACE_CURVE('',#12951,(#12955,#12962),.PCURVE_S1.);
#12951 = LINE('',#12952,#12953);
#12952 = CARTESIAN_POINT('',(0.32,-45.4,-2.64));
#12953 = VECTOR('',#12954,1.);
#12954 = DIRECTION('',(-1.,0.,0.));
#12955 = PCURVE('',#12910,#12956);
#12956 = DEFINITIONAL_REPRESENTATION('',(#12957),#12961);
#12957 = LINE('',#12958,#12959);
#12958 = CARTESIAN_POINT('',(0.,-2.64));
#12959 = VECTOR('',#12960,1.);
#12960 = DIRECTION('',(1.,0.));
#12961 = ( GEOMETRIC_REPRESENTATION_CONTEXT(2) 
PARAMETRIC_REPRESENTATION_CONTEXT() REPRESENTATION_CONTEXT('2D SPACE',''
  ) );
#12962 = PCURVE('',#12801,#12963);
#12963 = DEFINITIONAL_REPRESENTATION('',(#12964),#12968);
#12964 = LINE('',#12965,#12966);
#12965 = CARTESIAN_POINT('',(0.32,0.32));
#12966 = VECTOR('',#12967,1.);
#12967 = DIRECTION('',(-1.,0.));
#12968 = ( GEOMETRIC_REPRESENTATION_CONTEXT(2) 
PARAMETRIC_REPRESENTATION_CONTEXT() REPRESENTATION_CONTEXT('2D SPACE',''
  ) );
#12969 = ORIENTED_EDGE('',*,*,#12970,.F.);
#12970 = EDGE_CURVE('',#12971,#12948,#12973,.T.);
#12971 = VERTEX_POINT('',#12972);
#12972 = CARTESIAN_POINT('',(-0.32,-45.4,0.));
#12973 = SURFACE_CURVE('',#12974,(#12978,#12985),.PCURVE_S1.);
#12974 = LINE('',#12975,#12976);
#12975 = CARTESIAN_POINT('',(-0.32,-45.4,0.));
#12976 = VECTOR('',#12977,1.);
#12977 = DIRECTION('',(-0.,-0.,-1.));
#12978 = PCURVE('',#12910,#12979);
#12979 = DEFINITIONAL_REPRESENTATION('',(#12980),#12984);
#12980 = LINE('',#12981,#12982);
#12981 = CARTESIAN_POINT('',(0.64,0.));
#12982 = VECTOR('',#12983,1.);
#12983 = DIRECTION('',(0.,-1.));
#12984 = ( GEOMETRIC_REPRESENTATION_CONTEXT(2) 
PARAMETRIC_REPRESENTATION_CONTEXT() REPRESENTATION_CONTEXT('2D SPACE',''
  ) );
#12985 = PCURVE('',#12773,#12986);
#12986 = DEFINITIONAL_REPRESENTATION('',(#12987),#12991);
#12987 = LINE('',#12988,#12989);
#12988 = CARTESIAN_POINT('',(0.,0.));
#12989 = VECTOR('',#12990,1.);
#12990 = DIRECTION('',(0.,-1.));
#12991 = ( GEOMETRIC_REPRESENTATION_CONTEXT(2) 
PARAMETRIC_REPRESENTATION_CONTEXT() REPRESENTATION_CONTEXT('2D SPACE',''
  ) );
#12992 = ORIENTED_EDGE('',*,*,#12993,.F.);
#12993 = EDGE_CURVE('',#12895,#12971,#12994,.T.);
#12994 = SURFACE_CURVE('',#12995,(#12999,#13006),.PCURVE_S1.);
#12995 = LINE('',#12996,#12997);
#12996 = CARTESIAN_POINT('',(0.32,-45.4,0.));
#12997 = VECTOR('',#12998,1.);
#12998 = DIRECTION('',(-1.,0.,0.));
#12999 = PCURVE('',#12910,#13000);
#13000 = DEFINITIONAL_REPRESENTATION('',(#13001),#13005);
#13001 = LINE('',#13002,#13003);
#13002 = CARTESIAN_POINT('',(0.,0.));
#13003 = VECTOR('',#13004,1.);
#13004 = DIRECTION('',(1.,0.));
#13005 = ( GEOMETRIC_REPRESENTATION_CONTEXT(2) 
PARAMETRIC_REPRESENTATION_CONTEXT() REPRESENTATION_CONTEXT('2D SPACE',''
  ) );
#13006 = PCURVE('',#12855,#13007);
#13007 = DEFINITIONAL_REPRESENTATION('',(#13008),#13012);
#13008 = LINE('',#13009,#13010);
#13009 = CARTESIAN_POINT('',(0.32,0.32));
#13010 = VECTOR('',#13011,1.);
#13011 = DIRECTION('',(-1.,0.));
#13012 = ( GEOMETRIC_REPRESENTATION_CONTEXT(2) 
PARAMETRIC_REPRESENTATION_CONTEXT() REPRESENTATION_CONTEXT('2D SPACE',''
  ) );
#13013 = ADVANCED_FACE('',(#13014),#12773,.T.);
#13014 = FACE_BOUND('',#13015,.T.);
#13015 = EDGE_LOOP('',(#13016,#13017,#13038,#13039));
#13016 = ORIENTED_EDGE('',*,*,#12970,.T.);
#13017 = ORIENTED_EDGE('',*,*,#13018,.T.);
#13018 = EDGE_CURVE('',#12948,#12753,#13019,.T.);
#13019 = SURFACE_CURVE('',#13020,(#13024,#13031),.PCURVE_S1.);
#13020 = LINE('',#13021,#13022);
#13021 = CARTESIAN_POINT('',(-0.32,-45.4,-2.64));
#13022 = VECTOR('',#13023,1.);
#13023 = DIRECTION('',(0.,-1.,0.));
#13024 = PCURVE('',#12773,#13025);
#13025 = DEFINITIONAL_REPRESENTATION('',(#13026),#13030);
#13026 = LINE('',#13027,#13028);
#13027 = CARTESIAN_POINT('',(0.,-2.64));
#13028 = VECTOR('',#13029,1.);
#13029 = DIRECTION('',(1.,0.));
#13030 = ( GEOMETRIC_REPRESENTATION_CONTEXT(2) 
PARAMETRIC_REPRESENTATION_CONTEXT() REPRESENTATION_CONTEXT('2D SPACE',''
  ) );
#13031 = PCURVE('',#12801,#13032);
#13032 = DEFINITIONAL_REPRESENTATION('',(#13033),#13037);
#13033 = LINE('',#13034,#13035);
#13034 = CARTESIAN_POINT('',(-0.32,0.32));
#13035 = VECTOR('',#13036,1.);
#13036 = DIRECTION('',(0.,-1.));
#13037 = ( GEOMETRIC_REPRESENTATION_CONTEXT(2) 
PARAMETRIC_REPRESENTATION_CONTEXT() REPRESENTATION_CONTEXT('2D SPACE',''
  ) );
#13038 = ORIENTED_EDGE('',*,*,#12750,.F.);
#13039 = ORIENTED_EDGE('',*,*,#13040,.F.);
#13040 = EDGE_CURVE('',#12971,#12751,#13041,.T.);
#13041 = SURFACE_CURVE('',#13042,(#13046,#13053),.PCURVE_S1.);
#13042 = LINE('',#13043,#13044);
#13043 = CARTESIAN_POINT('',(-0.32,-45.4,0.));
#13044 = VECTOR('',#13045,1.);
#13045 = DIRECTION('',(0.,-1.,0.));
#13046 = PCURVE('',#12773,#13047);
#13047 = DEFINITIONAL_REPRESENTATION('',(#13048),#13052);
#13048 = LINE('',#13049,#13050);
#13049 = CARTESIAN_POINT('',(0.,0.));
#13050 = VECTOR('',#13051,1.);
#13051 = DIRECTION('',(1.,0.));
#13052 = ( GEOMETRIC_REPRESENTATION_CONTEXT(2) 
PARAMETRIC_REPRESENTATION_CONTEXT() REPRESENTATION_CONTEXT('2D SPACE',''
  ) );
#13053 = PCURVE('',#12855,#13054);
#13054 = DEFINITIONAL_REPRESENTATION('',(#13055),#13059);
#13055 = LINE('',#13056,#13057);
#13056 = CARTESIAN_POINT('',(-0.32,0.32));
#13057 = VECTOR('',#13058,1.);
#13058 = DIRECTION('',(0.,-1.));
#13059 = ( GEOMETRIC_REPRESENTATION_CONTEXT(2) 
PARAMETRIC_REPRESENTATION_CONTEXT() REPRESENTATION_CONTEXT('2D SPACE',''
  ) );
#13060 = ADVANCED_FACE('',(#13061),#12855,.T.);
#13061 = FACE_BOUND('',#13062,.T.);
#13062 = EDGE_LOOP('',(#13063,#13064,#13065,#13066));
#13063 = ORIENTED_EDGE('',*,*,#12841,.T.);
#13064 = ORIENTED_EDGE('',*,*,#12922,.T.);
#13065 = ORIENTED_EDGE('',*,*,#12993,.T.);
#13066 = ORIENTED_EDGE('',*,*,#13040,.T.);
#13067 = ADVANCED_FACE('',(#13068),#12801,.F.);
#13068 = FACE_BOUND('',#13069,.F.);
#13069 = EDGE_LOOP('',(#13070,#13071,#13072,#13073));
#13070 = ORIENTED_EDGE('',*,*,#12785,.T.);
#13071 = ORIENTED_EDGE('',*,*,#12871,.T.);
#13072 = ORIENTED_EDGE('',*,*,#12947,.T.);
#13073 = ORIENTED_EDGE('',*,*,#13018,.T.);
#13074 = ( GEOMETRIC_REPRESENTATION_CONTEXT(3) 
GLOBAL_UNCERTAINTY_ASSIGNED_CONTEXT((#13078)) 
GLOBAL_UNIT_ASSIGNED_CONTEXT((#13075,#13076,#13077)) 
REPRESENTATION_CONTEXT('Context #1',
  '3D Context with UNIT and UNCERTAINTY') );
#13075 = ( LENGTH_UNIT() NAMED_UNIT(*) SI_UNIT(.MILLI.,.METRE.) );
#13076 = ( NAMED_UNIT(*) PLANE_ANGLE_UNIT() SI_UNIT($,.RADIAN.) );
#13077 = ( NAMED_UNIT(*) SI_UNIT($,.STERADIAN.) SOLID_ANGLE_UNIT() );
#13078 = UNCERTAINTY_MEASURE_WITH_UNIT(LENGTH_MEASURE(1.E-07),#13075,
  'distance_accuracy_value','confusion accuracy');
#13079 = CONTEXT_DEPENDENT_SHAPE_REPRESENTATION(#13080,#13082);
#13080 = ( REPRESENTATION_RELATIONSHIP('','',#12743,#10) 
REPRESENTATION_RELATIONSHIP_WITH_TRANSFORMATION(#13081) 
SHAPE_REPRESENTATION_RELATIONSHIP() );
#13081 = ITEM_DEFINED_TRANSFORMATION('','',#11,#91);
#13082 = PRODUCT_DEFINITION_SHAPE('Placement','Placement of an item',
  #13083);
#13083 = NEXT_ASSEMBLY_USAGE_OCCURRENCE('20','tail_19','',#5,#12738,$);
#13084 = PRODUCT_RELATED_PRODUCT_CATEGORY('part',$,(#12740));
#13085 = MECHANICAL_DESIGN_GEOMETRIC_PRESENTATION_REPRESENTATION('',(
    #13086),#12027);
#13086 = STYLED_ITEM('color',(#13087),#11697);
#13087 = PRESENTATION_STYLE_ASSIGNMENT((#13088));
#13088 = SURFACE_STYLE_USAGE(.BOTH.,#13089);
#13089 = SURFACE_SIDE_STYLE('',(#13090));
#13090 = SURFACE_STYLE_FILL_AREA(#13091);
#13091 = FILL_AREA_STYLE('',(#13092));
#13092 = FILL_AREA_STYLE_COLOUR('',#13093);
#13093 = COLOUR_RGB('',0.700000005816,0.649999988539,0.399999997426);
#13094 = MECHANICAL_DESIGN_GEOMETRIC_PRESENTATION_REPRESENTATION('',(
    #13095),#7839);
#13095 = STYLED_ITEM('color',(#13096),#7509);
#13096 = PRESENTATION_STYLE_ASSIGNMENT((#13097));
#13097 = SURFACE_STYLE_USAGE(.BOTH.,#13098);
#13098 = SURFACE_SIDE_STYLE('',(#13099));
#13099 = SURFACE_STYLE_FILL_AREA(#13100);
#13100 = FILL_AREA_STYLE('',(#13101));
#13101 = FILL_AREA_STYLE_COLOUR('',#13093);
#13102 = MECHANICAL_DESIGN_GEOMETRIC_PRESENTATION_REPRESENTATION('',(
    #13103),#10282);
#13103 = STYLED_ITEM('color',(#13104),#9952);
#13104 = PRESENTATION_STYLE_ASSIGNMENT((#13105));
#13105 = SURFACE_STYLE_USAGE(.BOTH.,#13106);
#13106 = SURFACE_SIDE_STYLE('',(#13107));
#13107 = SURFACE_STYLE_FILL_AREA(#13108);
#13108 = FILL_AREA_STYLE('',(#13109));
#13109 = FILL_AREA_STYLE_COLOUR('',#13093);
#13110 = MECHANICAL_DESIGN_GEOMETRIC_PRESENTATION_REPRESENTATION('',(
    #13111),#8537);
#13111 = STYLED_ITEM('color',(#13112),#8207);
#13112 = PRESENTATION_STYLE_ASSIGNMENT((#13113));
#13113 = SURFACE_STYLE_USAGE(.BOTH.,#13114);
#13114 = SURFACE_SIDE_STYLE('',(#13115));
#13115 = SURFACE_STYLE_FILL_AREA(#13116);
#13116 = FILL_AREA_STYLE('',(#13117));
#13117 = FILL_AREA_STYLE_COLOUR('',#13093);
#13118 = MECHANICAL_DESIGN_GEOMETRIC_PRESENTATION_REPRESENTATION('',(
    #13119),#11678);
#13119 = STYLED_ITEM('color',(#13120),#11348);
#13120 = PRESENTATION_STYLE_ASSIGNMENT((#13121));
#13121 = SURFACE_STYLE_USAGE(.BOTH.,#13122);
#13122 = SURFACE_SIDE_STYLE('',(#13123));
#13123 = SURFACE_STYLE_FILL_AREA(#13124);
#13124 = FILL_AREA_STYLE('',(#13125));
#13125 = FILL_AREA_STYLE_COLOUR('',#13093);
#13126 = MECHANICAL_DESIGN_GEOMETRIC_PRESENTATION_REPRESENTATION('',(
    #13127),#6792);
#13127 = STYLED_ITEM('color',(#13128),#6462);
#13128 = PRESENTATION_STYLE_ASSIGNMENT((#13129));
#13129 = SURFACE_STYLE_USAGE(.BOTH.,#13130);
#13130 = SURFACE_SIDE_STYLE('',(#13131));
#13131 = SURFACE_STYLE_FILL_AREA(#13132);
#13132 = FILL_AREA_STYLE('',(#13133));
#13133 = FILL_AREA_STYLE_COLOUR('',#13093);
#13134 = MECHANICAL_DESIGN_GEOMETRIC_PRESENTATION_REPRESENTATION('',(
    #13135),#10631);
#13135 = STYLED_ITEM('color',(#13136),#10301);
#13136 = PRESENTATION_STYLE_ASSIGNMENT((#13137));
#13137 = SURFACE_STYLE_USAGE(.BOTH.,#13138);
#13138 = SURFACE_SIDE_STYLE('',(#13139));
#13139 = SURFACE_STYLE_FILL_AREA(#13140);
#13140 = FILL_AREA_STYLE('',(#13141));
#13141 = FILL_AREA_STYLE_COLOUR('',#13093);
#13142 = MECHANICAL_DESIGN_GEOMETRIC_PRESENTATION_REPRESENTATION('',(
    #13143),#13074);
#13143 = STYLED_ITEM('color',(#13144),#12744);
#13144 = PRESENTATION_STYLE_ASSIGNMENT((#13145));
#13145 = SURFACE_STYLE_USAGE(.BOTH.,#13146);
#13146 = SURFACE_SIDE_STYLE('',(#13147));
#13147 = SURFACE_STYLE_FILL_AREA(#13148);
#13148 = FILL_AREA_STYLE('',(#13149));
#13149 = FILL_AREA_STYLE_COLOUR('',#13093);
#13150 = MECHANICAL_DESIGN_GEOMETRIC_PRESENTATION_REPRESENTATION('',(
    #13151),#9933);
#13151 = STYLED_ITEM('color',(#13152),#9603);
#13152 = PRESENTATION_STYLE_ASSIGNMENT((#13153));
#13153 = SURFACE_STYLE_USAGE(.BOTH.,#13154);
#13154 = SURFACE_SIDE_STYLE('',(#13155));
#13155 = SURFACE_STYLE_FILL_AREA(#13156);
#13156 = FILL_AREA_STYLE('',(#13157));
#13157 = FILL_AREA_STYLE_COLOUR('',#13093);
#13158 = MECHANICAL_DESIGN_GEOMETRIC_PRESENTATION_REPRESENTATION('',(
    #13159),#7490);
#13159 = STYLED_ITEM('color',(#13160),#7160);
#13160 = PRESENTATION_STYLE_ASSIGNMENT((#13161));
#13161 = SURFACE_STYLE_USAGE(.BOTH.,#13162);
#13162 = SURFACE_SIDE_STYLE('',(#13163));
#13163 = SURFACE_STYLE_FILL_AREA(#13164);
#13164 = FILL_AREA_STYLE('',(#13165));
#13165 = FILL_AREA_STYLE_COLOUR('',#13093);
#13166 = MECHANICAL_DESIGN_GEOMETRIC_PRESENTATION_REPRESENTATION('',(
    #13167),#6443);
#13167 = STYLED_ITEM('color',(#13168),#109);
#13168 = PRESENTATION_STYLE_ASSIGNMENT((#13169));
#13169 = SURFACE_STYLE_USAGE(.BOTH.,#13170);
#13170 = SURFACE_SIDE_STYLE('',(#13171));
#13171 = SURFACE_STYLE_FILL_AREA(#13172);
#13172 = FILL_AREA_STYLE('',(#13173));
#13173 = FILL_AREA_STYLE_COLOUR('',#13174);
#13174 = COLOUR_RGB('',0.149999997808,0.149999997808,0.170000001676);
#13175 = MECHANICAL_DESIGN_GEOMETRIC_PRESENTATION_REPRESENTATION('',(
    #13176),#7141);
#13176 = STYLED_ITEM('color',(#13177),#6811);
#13177 = PRESENTATION_STYLE_ASSIGNMENT((#13178));
#13178 = SURFACE_STYLE_USAGE(.BOTH.,#13179);
#13179 = SURFACE_SIDE_STYLE('',(#13180));
#13180 = SURFACE_STYLE_FILL_AREA(#13181);
#13181 = FILL_AREA_STYLE('',(#13182));
#13182 = FILL_AREA_STYLE_COLOUR('',#13093);
#13183 = MECHANICAL_DESIGN_GEOMETRIC_PRESENTATION_REPRESENTATION('',(
    #13184),#11329);
#13184 = STYLED_ITEM('color',(#13185),#10999);
#13185 = PRESENTATION_STYLE_ASSIGNMENT((#13186));
#13186 = SURFACE_STYLE_USAGE(.BOTH.,#13187);
#13187 = SURFACE_SIDE_STYLE('',(#13188));
#13188 = SURFACE_STYLE_FILL_AREA(#13189);
#13189 = FILL_AREA_STYLE('',(#13190));
#13190 = FILL_AREA_STYLE_COLOUR('',#13093);
#13191 = MECHANICAL_DESIGN_GEOMETRIC_PRESENTATION_REPRESENTATION('',(
    #13192),#9235);
#13192 = STYLED_ITEM('color',(#13193),#8905);
#13193 = PRESENTATION_STYLE_ASSIGNMENT((#13194));
#13194 = SURFACE_STYLE_USAGE(.BOTH.,#13195);
#13195 = SURFACE_SIDE_STYLE('',(#13196));
#13196 = SURFACE_STYLE_FILL_AREA(#13197);
#13197 = FILL_AREA_STYLE('',(#13198));
#13198 = FILL_AREA_STYLE_COLOUR('',#13093);
#13199 = MECHANICAL_DESIGN_GEOMETRIC_PRESENTATION_REPRESENTATION('',(
    #13200),#12725);
#13200 = STYLED_ITEM('color',(#13201),#12395);
#13201 = PRESENTATION_STYLE_ASSIGNMENT((#13202));
#13202 = SURFACE_STYLE_USAGE(.BOTH.,#13203);
#13203 = SURFACE_SIDE_STYLE('',(#13204));
#13204 = SURFACE_STYLE_FILL_AREA(#13205);
#13205 = FILL_AREA_STYLE('',(#13206));
#13206 = FILL_AREA_STYLE_COLOUR('',#13093);
#13207 = MECHANICAL_DESIGN_GEOMETRIC_PRESENTATION_REPRESENTATION('',(
    #13208),#12376);
#13208 = STYLED_ITEM('color',(#13209),#12046);
#13209 = PRESENTATION_STYLE_ASSIGNMENT((#13210));
#13210 = SURFACE_STYLE_USAGE(.BOTH.,#13211);
#13211 = SURFACE_SIDE_STYLE('',(#13212));
#13212 = SURFACE_STYLE_FILL_AREA(#13213);
#13213 = FILL_AREA_STYLE('',(#13214));
#13214 = FILL_AREA_STYLE_COLOUR('',#13093);
#13215 = MECHANICAL_DESIGN_GEOMETRIC_PRESENTATION_REPRESENTATION('',(
    #13216),#10980);
#13216 = STYLED_ITEM('color',(#13217),#10650);
#13217 = PRESENTATION_STYLE_ASSIGNMENT((#13218));
#13218 = SURFACE_STYLE_USAGE(.BOTH.,#13219);
#13219 = SURFACE_SIDE_STYLE('',(#13220));
#13220 = SURFACE_STYLE_FILL_AREA(#13221);
#13221 = FILL_AREA_STYLE('',(#13222));
#13222 = FILL_AREA_STYLE_COLOUR('',#13093);
#13223 = MECHANICAL_DESIGN_GEOMETRIC_PRESENTATION_REPRESENTATION('',(
    #13224),#8886);
#13224 = STYLED_ITEM('color',(#13225),#8556);
#13225 = PRESENTATION_STYLE_ASSIGNMENT((#13226));
#13226 = SURFACE_STYLE_USAGE(.BOTH.,#13227);
#13227 = SURFACE_SIDE_STYLE('',(#13228));
#13228 = SURFACE_STYLE_FILL_AREA(#13229);
#13229 = FILL_AREA_STYLE('',(#13230));
#13230 = FILL_AREA_STYLE_COLOUR('',#13093);
#13231 = MECHANICAL_DESIGN_GEOMETRIC_PRESENTATION_REPRESENTATION('',(
    #13232),#8188);
#13232 = STYLED_ITEM('color',(#13233),#7858);
#13233 = PRESENTATION_STYLE_ASSIGNMENT((#13234));
#13234 = SURFACE_STYLE_USAGE(.BOTH.,#13235);
#13235 = SURFACE_SIDE_STYLE('',(#13236));
#13236 = SURFACE_STYLE_FILL_AREA(#13237);
#13237 = FILL_AREA_STYLE('',(#13238));
#13238 = FILL_AREA_STYLE_COLOUR('',#13093);
#13239 = MECHANICAL_DESIGN_GEOMETRIC_PRESENTATION_REPRESENTATION('',(
    #13240),#9584);
#13240 = STYLED_ITEM('color',(#13241),#9254);
#13241 = PRESENTATION_STYLE_ASSIGNMENT((#13242));
#13242 = SURFACE_STYLE_USAGE(.BOTH.,#13243);
#13243 = SURFACE_SIDE_STYLE('',(#13244));
#13244 = SURFACE_STYLE_FILL_AREA(#13245);
#13245 = FILL_AREA_STYLE('',(#13246));
#13246 = FILL_AREA_STYLE_COLOUR('',#13093);
ENDSEC;
END-ISO-10303-21;
